ISO-10303-21;
HEADER;
/* Generated by software containing ST-Developer
 * from STEP Tools, Inc. (www.steptools.com) 
 */
/* OPTION: using custom renumber hook */

FILE_DESCRIPTION(
/* description */ ('STEP AP242 Edition 2',
'CAx-IF Rec.Pracs.---Representation and Presentation of Product Manufa
cturing Information (PMI)---4.0---2014-10-13',
'CAx-IF Rec.Pracs.---3D Tessellated Geometry---0.4---2014-09-14','2;1',
'CAx-IF Rec.Pracs.---User Defined Attributes---1.5---2016-08-15'),
/* implementation_level */ '2;1');

FILE_NAME(
/* name */ 'Desktop - Perch_Desk_Upper',
/* time_stamp */ '2026-08-19T01:22:40Z',
/* author */ (''),
/* organization */ (''),
/* preprocessor_version */ 'ST-DEVELOPER v20',
/* originating_system */ 'ONSHAPE BY PTC INC, 1.219',
/* authorisation */ '  ');

FILE_SCHEMA (('AP242_MANAGED_MODEL_BASED_3D_ENGINEERING_MIM_LF { 1 0 10303 442 3 1 4 }'));
ENDSEC;

DATA;
#10=SHAPE_REPRESENTATION_RELATIONSHIP('','',#359,#11);
#11=ADVANCED_BREP_SHAPE_REPRESENTATION('',(#357),#1640);
#12=TOROIDAL_SURFACE('',#372,0.1143,0.01397);
#13=CYLINDRICAL_SURFACE('',#370,0.01524);
#14=CYLINDRICAL_SURFACE('',#371,0.01524);
#15=CYLINDRICAL_SURFACE('',#373,0.00635);
#16=CYLINDRICAL_SURFACE('',#374,0.00635);
#17=(
BOUNDED_SURFACE()
B_SPLINE_SURFACE(3,2,((#844,#845,#846),(#847,#848,#849),(#850,#851,#852),
(#853,#854,#855),(#856,#857,#858),(#859,#860,#861),(#862,#863,#864),(#865,
#866,#867),(#868,#869,#870),(#871,#872,#873),(#874,#875,#876),(#877,#878,
#879),(#880,#881,#882),(#883,#884,#885),(#886,#887,#888),(#889,#890,#891),
(#892,#893,#894),(#895,#896,#897),(#898,#899,#900),(#901,#902,#903),(#904,
#905,#906),(#907,#908,#909),(#910,#911,#912),(#913,#914,#915),(#916,#917,
#918),(#919,#920,#921),(#922,#923,#924),(#925,#926,#927),(#928,#929,#930),
(#931,#932,#933),(#934,#935,#936),(#937,#938,#939),(#940,#941,#942),(#943,
#944,#945),(#946,#947,#948),(#949,#950,#951),(#952,#953,#954),(#955,#956,
#957),(#958,#959,#960),(#961,#962,#963),(#964,#965,#966),(#967,#968,#969),
(#970,#971,#972),(#973,#974,#975),(#976,#977,#978),(#979,#980,#981),(#982,
#983,#984),(#985,#986,#987),(#988,#989,#990),(#991,#992,#993),(#994,#995,
#996),(#997,#998,#999),(#1000,#1001,#1002),(#1003,#1004,#1005),(#1006,#1007,
#1008),(#1009,#1010,#1011),(#1012,#1013,#1014),(#1015,#1016,#1017),(#1018,
#1019,#1020),(#1021,#1022,#1023),(#1024,#1025,#1026),(#1027,#1028,#1029),
(#1030,#1031,#1032),(#1033,#1034,#1035),(#1036,#1037,#1038),(#1039,#1040,
#1041),(#1042,#1043,#1044),(#1045,#1046,#1047),(#1048,#1049,#1050),(#1051,
#1052,#1053),(#1054,#1055,#1056),(#1057,#1058,#1059),(#1060,#1061,#1062)),
 .UNSPECIFIED.,.F.,.F.,.F.)
B_SPLINE_SURFACE_WITH_KNOTS((4,1,1,1,1,1,1,1,1,1,1,1,1,1,1,1,1,1,1,1,1,
1,1,1,1,1,1,1,1,1,1,1,1,1,1,1,1,1,1,1,1,1,1,1,1,1,1,1,1,1,1,1,1,1,1,1,1,
1,1,1,1,1,1,1,1,1,1,1,1,1,4),(3,3),(0.00269471404038668,0.00296392141312635,
0.00323312878586601,0.00336773247223585,0.00350233615860568,0.00363693984497551,
0.00377154353134535,0.00404075090408501,0.00430995827682468,0.00484837302230401,
0.00538678776778335,0.00592520251326268,0.00700203200422135,0.00915569098613868,
0.011309349968056,0.0134630089499733,0.0156166679318907,0.017770326913808,
0.0199239858957253,0.02423130385956,0.0285386218233947,0.0328459397872293,
0.0349995987691467,0.037153257751064,0.0414605757148987,0.0457678936787333,
0.050075211642568,0.0543825296064027,0.05653618858832,0.0586898475702373,
0.0592282623157167,0.059766677061196,0.0608435065521547,0.062997165534072,
0.0673044834979067,0.0716118014617413,0.075919119425576,0.0780727784074933,
0.0802264373894106,0.082380096371328,0.0834569258622866,0.083995340607766,
0.0845337553532453,0.0866874143351626,0.08884107331708,0.0931483912809146,
0.0974557092447493,0.101763027208584,0.106070345172419,0.108224004154336,
0.110377663136253,0.114684981100088,0.118992299063923,0.123299617027757,
0.127606934991592,0.129760593973509,0.131914252955427,0.134067911937344,
0.136221570919261,0.13729840041022,0.137836815155699,0.138375229901179,
0.138913644646658,0.139182852019398,0.139452059392137,0.139586663078507,
0.139721266764877,0.139855870451247,0.139990474137617,0.140259681510356,
0.140528888883096),(0.,1.),.UNSPECIFIED.)
GEOMETRIC_REPRESENTATION_ITEM()
RATIONAL_B_SPLINE_SURFACE(((1.,0.999685793676287,1.),(1.,0.999751277956512,
1.),(1.,0.999861761277804,1.),(1.,0.999949450558731,1.),(1.,0.999987803743889,
1.),(1.,1.00000453330731,1.),(1.,0.999988005577255,1.),(1.,0.999949949993623,
1.),(1.,0.999862961344913,1.),(1.,0.999643838571865,1.),(1.,0.9992190279709,
1.),(1.,0.998467291815873,1.),(1.,0.997143826015747,1.),(1.,0.993983087464304,
1.),(1.,0.98708696006035,1.),(1.,0.975122084066305,1.),(1.,0.95958860434257,
1.),(1.,0.940890654625127,1.),(1.,0.919462073411365,1.),(1.,0.888081057410961,
1.),(1.,0.845965564488759,1.),(1.,0.801629774298649,1.),(1.,0.770915707168431,
1.),(1.,0.749716943959397,1.),(1.,0.727430456988848,1.),(1.,0.706730218617873,
1.),(1.,0.695059581971742,1.),(1.,0.704892850847563,1.),(1.,0.734261109087559,
1.),(1.,0.768130776853833,1.),(1.,0.790262844178932,1.),(1.,0.805598021915237,
1.),(1.,0.816388701211511,1.),(1.,0.8349274872823,1.),(1.,0.867389362275675,
1.),(1.,0.899947749924986,1.),(1.,0.913879825427637,1.),(1.,0.903504267736186,
1.),(1.,0.882274459727508,1.),(1.,0.860472141994301,1.),(1.,0.837529714441883,
1.),(1.,0.819494323306197,1.),(1.,0.808502658027263,1.),(1.,0.793188975281148,
1.),(1.,0.77102875739409,1.),(1.,0.736798646875608,1.),(1.,0.705742736484341,
1.),(1.,0.694979491453781,1.),(1.,0.7060496131985,1.),(1.,0.726687338258469,
1.),(1.,0.748907996693793,1.),(1.,0.769921437384662,1.),(1.,0.800354925981925,
1.),(1.,0.845602334411696,1.),(1.,0.895741376399648,1.),(1.,0.934165205405082,
1.),(1.,0.95936551857684,1.),(1.,0.97499466181996,1.),(1.,0.987029570441408,
1.),(1.,0.99395126448423,1.),(1.,0.997127114258299,1.),(1.,0.998459086971337,
1.),(1.,0.99921593275891,1.),(1.,0.999643100718927,1.),(1.,0.999863156921485,
1.),(1.,0.999950297707328,1.),(1.,0.999988279211491,1.),(1.,1.00000452040483,
1.),(1.,0.999988005307919,1.),(1.,0.9999502120481,1.),(1.,0.999863561014643,
1.),(1.,0.999754320836745,1.),(1.,0.999689551877978,1.)))
REPRESENTATION_ITEM('')
SURFACE()
);
#18=(
BOUNDED_SURFACE()
B_SPLINE_SURFACE(3,2,((#1254,#1255,#1256),(#1257,#1258,#1259),(#1260,#1261,
#1262),(#1263,#1264,#1265),(#1266,#1267,#1268),(#1269,#1270,#1271),(#1272,
#1273,#1274),(#1275,#1276,#1277),(#1278,#1279,#1280),(#1281,#1282,#1283),
(#1284,#1285,#1286),(#1287,#1288,#1289),(#1290,#1291,#1292),(#1293,#1294,
#1295),(#1296,#1297,#1298),(#1299,#1300,#1301),(#1302,#1303,#1304),(#1305,
#1306,#1307),(#1308,#1309,#1310),(#1311,#1312,#1313),(#1314,#1315,#1316),
(#1317,#1318,#1319),(#1320,#1321,#1322)),.UNSPECIFIED.,.F.,.F.,.F.)
B_SPLINE_SURFACE_WITH_KNOTS((4,1,1,1,1,1,1,1,1,1,1,1,1,1,1,1,1,1,1,1,4),
(3,3),(0.0387092782165327,0.0441412250696565,0.0495731719227803,0.0522891453493421,
0.055005118775904,0.0604370656290278,0.0658690124821516,0.0713009593352754,
0.0740169327618373,0.0767329061883992,0.082164853041523,0.0875967998946468,
0.0930287467477706,0.0984606936008944,0.103892640454018,0.10660861388058,
0.109324587307142,0.112040560733704,0.114756534160266,0.12018848101339,
0.125620427866513),(0.,0.926309287863844),.UNSPECIFIED.)
GEOMETRIC_REPRESENTATION_ITEM()
RATIONAL_B_SPLINE_SURFACE(((1.,0.726525613299234,0.959694955386044),(1.,
0.728921235553552,0.960048025605904),(1.,0.733934792915625,0.960786930830597),
(1.,0.740625082031139,0.961772955169235),(1.,0.745967956277062,0.962560395585307),
(1.,0.751367848317816,0.96335623936519),(1.,0.757764974927092,0.964299056996116),
(1.,0.764726641622732,0.965325077349028),(1.,0.769249723541343,0.965991695604294),
(1.,0.771963329301045,0.966391630686072),(1.,0.773919330251131,0.966679908891974),
(1.,0.774965987794149,0.966834166771389),(1.,0.773718128679586,0.966650255517793),
(1.,0.770211593142663,0.9661334573161),(1.,0.764696072533846,0.96532057203317),
(1.,0.758986940593581,0.964479152036455),(1.,0.753916397668733,0.963731848198357),
(1.,0.750021609584385,0.963157828783247),(1.,0.74602722604632,0.962569130848317),
(1.,0.740593538325847,0.961768306213023),(1.,0.734009408163357,0.960797927732081),
(1.,0.728918077566955,0.960047560177342),(1.,0.726524749461133,0.959694828072355)))
REPRESENTATION_ITEM('')
SURFACE()
);
#19=(
BOUNDED_SURFACE()
B_SPLINE_SURFACE(3,2,((#1339,#1340,#1341),(#1342,#1343,#1344),(#1345,#1346,
#1347),(#1348,#1349,#1350),(#1351,#1352,#1353),(#1354,#1355,#1356),(#1357,
#1358,#1359),(#1360,#1361,#1362),(#1363,#1364,#1365),(#1366,#1367,#1368),
(#1369,#1370,#1371),(#1372,#1373,#1374),(#1375,#1376,#1377),(#1378,#1379,
#1380),(#1381,#1382,#1383),(#1384,#1385,#1386),(#1387,#1388,#1389),(#1390,
#1391,#1392),(#1393,#1394,#1395),(#1396,#1397,#1398),(#1399,#1400,#1401),
(#1402,#1403,#1404),(#1405,#1406,#1407),(#1408,#1409,#1410)),
 .UNSPECIFIED.,.F.,.F.,.F.)
B_SPLINE_SURFACE_WITH_KNOTS((4,1,1,1,1,1,1,1,1,1,1,1,1,1,1,1,1,1,1,1,1,
4),(3,3),(0.0472644283629329,0.0526960177487633,0.0554118124416786,0.0581276071345938,
0.060843401827509,0.0635591965204243,0.0689907859062547,0.0744223752920852,
0.0798539646779157,0.0852855540637461,0.0907171434495766,0.0934329381424918,
0.0961487328354071,0.101580322221238,0.107011911607068,0.112443500992898,
0.115159295685814,0.117875090378729,0.120590885071644,0.123306679764559,
0.12873826915039,0.13416985853622),(0.,0.926309274513592),.UNSPECIFIED.)
GEOMETRIC_REPRESENTATION_ITEM()
RATIONAL_B_SPLINE_SURFACE(((1.,0.726525081709429,0.959694869737663),(1.,
0.728922898231533,0.960048263415858),(1.,0.732661331493428,0.960599239134361),
(1.,0.737968125341585,0.961381362111716),(1.,0.741957178496593,0.961969274553709),
(1.,0.74596649215155,0.962560173017581),(1.,0.751360962477729,0.963355217881483),
(1.,0.757766466284783,0.964299270326779),(1.,0.764724451270565,0.96532474824983),
(1.,0.770157729017518,0.966125512607715),(1.,0.77374418662325,0.9666540899335),
(1.,0.774749070723302,0.966802191210225),(1.,0.774348906292199,0.966743214395742),
(1.,0.773131694554997,0.966563819963772),(1.,0.770212614814265,0.966133601756077),
(1.,0.764692000763189,0.965319965646969),(1.,0.758993499491675,0.964480112261202),
(1.,0.753915744154185,0.963731745311878),(1.,0.75001793523976,0.963157280578455),
(1.,0.746030592606531,0.962569620235644),(1.,0.74059496630758,0.961768509744759),
(1.,0.734009258963993,0.960797898640779),(1.,0.728919126045514,0.960047707465609),
(1.,0.726524199680439,0.959694739742951)))
REPRESENTATION_ITEM('')
SURFACE()
);
#20=(
BOUNDED_SURFACE()
B_SPLINE_SURFACE(3,2,((#1473,#1474,#1475),(#1476,#1477,#1478),(#1479,#1480,
#1481),(#1482,#1483,#1484),(#1485,#1486,#1487)),.UNSPECIFIED.,.F.,.F.,.F.)
B_SPLINE_SURFACE_WITH_KNOTS((4,1,4),(3,3),(-2.15105711021124E-16,0.00472010750624169,
0.00944021501248359),(0.,1.),.UNSPECIFIED.)
GEOMETRIC_REPRESENTATION_ITEM()
RATIONAL_B_SPLINE_SURFACE(((1.,0.760596834662012,1.),(1.,0.768528790391984,
1.),(1.,0.782970164175438,1.),(1.,0.795002361065577,1.),(1.,0.800338221408842,
1.)))
REPRESENTATION_ITEM('')
SURFACE()
);
#21=(
BOUNDED_SURFACE()
B_SPLINE_SURFACE(3,2,((#1490,#1491,#1492),(#1493,#1494,#1495),(#1496,#1497,
#1498),(#1499,#1500,#1501),(#1502,#1503,#1504),(#1505,#1506,#1507),(#1508,
#1509,#1510),(#1511,#1512,#1513),(#1514,#1515,#1516),(#1517,#1518,#1519),
(#1520,#1521,#1522),(#1523,#1524,#1525),(#1526,#1527,#1528),(#1529,#1530,
#1531),(#1532,#1533,#1534),(#1535,#1536,#1537),(#1538,#1539,#1540),(#1541,
#1542,#1543),(#1544,#1545,#1546),(#1547,#1548,#1549),(#1550,#1551,#1552),
(#1553,#1554,#1555),(#1556,#1557,#1558),(#1559,#1560,#1561),(#1562,#1563,
#1564),(#1565,#1566,#1567),(#1568,#1569,#1570),(#1571,#1572,#1573),(#1574,
#1575,#1576),(#1577,#1578,#1579),(#1580,#1581,#1582),(#1583,#1584,#1585)),
 .UNSPECIFIED.,.F.,.F.,.F.)
B_SPLINE_SURFACE_WITH_KNOTS((4,1,1,1,1,1,1,1,1,1,1,1,1,1,1,1,1,1,1,1,1,
1,1,1,1,1,1,1,1,4),(3,3),(-3.36536354339501E-16,0.00313830644808575,0.00627661289617184,
0.00941491934425793,0.012553225792344,0.0156915322404301,0.0188298386885162,
0.0219681451366023,0.0251064515846884,0.0313830644808606,0.0345213709289467,
0.0376596773770327,0.0407979838251188,0.0439362902732049,0.047074596721291,
0.0502129031693771,0.0533512096174632,0.0564895160655493,0.0627661289617215,
0.0659044354098075,0.0690427418578936,0.0753193547540658,0.0784576612021519,
0.081595967650238,0.0847342740983241,0.0878725805464102,0.0910108869944963,
0.0941491934425824,0.0972874998906684,0.100425806338755),(0.,1.),
 .UNSPECIFIED.)
GEOMETRIC_REPRESENTATION_ITEM()
RATIONAL_B_SPLINE_SURFACE(((1.,0.760606366569732,1.),(1.,0.750568735957813,
1.),(1.,0.731624389136624,1.),(1.,0.708754932333684,1.),(1.,0.695113997129528,
1.),(1.,0.692914506143576,1.),(1.,0.702589826598373,1.),(1.,0.722279235613358,
1.),(1.,0.748561352968395,1.),(1.,0.78850724664536,1.),(1.,0.828957003419493,
1.),(1.,0.865052797714623,1.),(1.,0.88848090457835,1.),(1.,0.907931811343549,
1.),(1.,0.922895884102472,1.),(1.,0.932201510842627,1.),(1.,0.935473057184153,
1.),(1.,0.932306232609091,1.),(1.,0.919755588870872,1.),(1.,0.896624816562918,
1.),(1.,0.865050131354346,1.),(1.,0.829436628887287,1.),(1.,0.788340990841161,
1.),(1.,0.748892210304009,1.),(1.,0.722361394116369,1.),(1.,0.702791298153227,
1.),(1.,0.692949831966584,1.),(1.,0.694981918595345,1.),(1.,0.708664508168213,
1.),(1.,0.731337255689704,1.),(1.,0.750528024612363,1.),(1.,0.760596834662013,
1.)))
REPRESENTATION_ITEM('')
SURFACE()
);
#22=(
BOUNDED_SURFACE()
B_SPLINE_SURFACE(3,2,((#1587,#1588,#1589),(#1590,#1591,#1592),(#1593,#1594,
#1595),(#1596,#1597,#1598),(#1599,#1600,#1601),(#1602,#1603,#1604),(#1605,
#1606,#1607),(#1608,#1609,#1610),(#1611,#1612,#1613),(#1614,#1615,#1616),
(#1617,#1618,#1619),(#1620,#1621,#1622),(#1623,#1624,#1625)),
 .UNSPECIFIED.,.F.,.F.,.F.)
B_SPLINE_SURFACE_WITH_KNOTS((4,1,1,1,1,1,1,1,1,1,4),(3,3),(-7.97972798949331E-17,
0.00472429464346557,0.00708644196519839,0.00944858928693121,0.0141728839303969,
0.0165350312521297,0.0188971785738625,0.0236214732173281,0.0283457678607938,
0.0330700625042594,0.0377943571477251),(0.,1.),.UNSPECIFIED.)
GEOMETRIC_REPRESENTATION_ITEM()
RATIONAL_B_SPLINE_SURFACE(((1.,0.800338560003561,1.),(1.,0.814255628326433,
1.),(1.,0.833851697734909,1.),(1.,0.855976392406082,1.),(1.,0.875199240300021,
1.),(1.,0.888615798920239,1.),(1.,0.895631890116241,1.),(1.,0.898098080256818,
1.),(1.,0.892328048917447,1.),(1.,0.871971819059787,1.),(1.,0.840734544435482,
1.),(1.,0.814265473037686,1.),(1.,0.800338221408847,1.)))
REPRESENTATION_ITEM('')
SURFACE()
);
#23=(
BOUNDED_SURFACE()
B_SPLINE_SURFACE(3,2,((#1627,#1628,#1629),(#1630,#1631,#1632),(#1633,#1634,
#1635),(#1636,#1637,#1638)),.UNSPECIFIED.,.F.,.F.,.F.)
B_SPLINE_SURFACE_WITH_KNOTS((4,4),(3,3),(0.0469268056250944,0.0563384595208035),
(0.,1.),.PIECEWISE_BEZIER_KNOTS.)
GEOMETRIC_REPRESENTATION_ITEM()
RATIONAL_B_SPLINE_SURFACE(((1.,0.800338560003563,1.),(1.,0.789789667671885,
1.),(1.,0.776360546918059,1.),(1.,0.760606366569729,1.)))
REPRESENTATION_ITEM('')
SURFACE()
);
#24=CIRCLE('',#362,0.0190500000000004);
#25=CIRCLE('',#363,0.0190500000000004);
#26=CIRCLE('',#364,0.0190500000000004);
#27=CIRCLE('',#365,0.0190500000000004);
#28=CIRCLE('',#366,0.0190500000000004);
#29=CIRCLE('',#376,0.0127);
#30=CIRCLE('',#377,0.0127);
#31=CIRCLE('',#379,0.0127);
#32=CIRCLE('',#380,0.0127);
#33=CIRCLE('',#381,0.0127);
#34=CIRCLE('',#382,0.0127);
#35=B_SPLINE_SURFACE_WITH_KNOTS('',1,3,((#453,#454,#455,#456,#457,#458,
#459,#460,#461,#462,#463,#464,#465,#466,#467,#468,#469,#470,#471,#472,#473,
#474,#475,#476,#477,#478,#479,#480,#481,#482,#483,#484,#485,#486,#487,#488,
#489,#490,#491,#492,#493,#494,#495,#496,#497,#498,#499,#500,#501,#502,#503,
#504,#505,#506,#507,#508,#509,#510,#511,#512,#513,#514,#515,#516,#517,#518,
#519,#520,#521,#522,#523,#524,#525,#526,#527,#528,#529,#530,#531,#532,#533,
#534,#535,#536,#537,#538,#539,#540,#541,#542,#543,#544,#545,#546,#547,#548,
#549,#550,#551,#552,#553,#554,#555,#556,#557,#558,#559,#560,#561,#562,#563,
#564,#565,#566,#567,#568,#569,#570,#571,#572,#573,#574,#575,#576,#577,#578,
#579,#580,#581,#582,#583,#584),(#585,#586,#587,#588,#589,#590,#591,#592,
#593,#594,#595,#596,#597,#598,#599,#600,#601,#602,#603,#604,#605,#606,#607,
#608,#609,#610,#611,#612,#613,#614,#615,#616,#617,#618,#619,#620,#621,#622,
#623,#624,#625,#626,#627,#628,#629,#630,#631,#632,#633,#634,#635,#636,#637,
#638,#639,#640,#641,#642,#643,#644,#645,#646,#647,#648,#649,#650,#651,#652,
#653,#654,#655,#656,#657,#658,#659,#660,#661,#662,#663,#664,#665,#666,#667,
#668,#669,#670,#671,#672,#673,#674,#675,#676,#677,#678,#679,#680,#681,#682,
#683,#684,#685,#686,#687,#688,#689,#690,#691,#692,#693,#694,#695,#696,#697,
#698,#699,#700,#701,#702,#703,#704,#705,#706,#707,#708,#709,#710,#711,#712,
#713,#714,#715,#716)),.RULED_SURF.,.F.,.T.,.F.,(2,2),(2,2,2,2,2,2,2,2,2,
2,2,2,2,2,2,2,2,2,2,2,2,2,2,2,2,2,2,2,2,2,2,2,2,2,2,2,2,2,2,2,2,2,2,2,2,
2,2,2,2,2,2,2,2,2,2,2,2,2,2,2,2,2,2,2,2,2,2,2),(5.27486843932023E-8,0.913099043144604),
(-0.00372201820809096,0.,0.00372201820809095,0.00558302731213642,0.00651353186415916,
0.0074440364161819,0.0111660546242728,0.0120965591762956,0.0130270637283183,
0.0148880728323638,0.0186100910404547,0.0195405955924775,0.0204711001445002,
0.0223321092485457,0.0241931183525912,0.0251236229046139,0.0260541274566367,
0.0297761456647276,0.0316371547687731,0.0325676593207958,0.0334981638728186,
0.0372201820809095,0.0381506866329322,0.039081191184955,0.0409422002890005,
0.0446642184970914,0.0465252276011369,0.0483862367051823,0.0502472458092278,
0.0521082549132733,0.0558302731213642,0.056760777673387,0.0576912822254097,
0.0595522913294552,0.0632743095375461,0.0642048140895689,0.0651353186415916,
0.0669963277456371,0.0688573368496826,0.0697878414017053,0.070718345953728,
0.074440364161819,0.0763013732658645,0.0772318778178872,0.0781623823699099,
0.0818844005780009,0.0828149051300236,0.0837454096820464,0.0856064187860918,
0.0893284369941828,0.0902589415462055,0.0911894460982283,0.0930504552022737,
0.0949114643063192,0.0958419688583419,0.0967724734103647,0.100494491618456,
0.102355500722501,0.104216509826547,0.107938528034637,0.10886903258666,
0.109799537138683,0.111660546242728,0.113521555346774,0.114452059898797,
0.115382564450819,0.11910458265891,0.122826600867001),.UNSPECIFIED.);
#36=B_SPLINE_SURFACE_WITH_KNOTS('',3,1,((#1432,#1433),(#1434,#1435),(#1436,
#1437),(#1438,#1439),(#1440,#1441),(#1442,#1443),(#1444,#1445),(#1446,#1447),
(#1448,#1449),(#1450,#1451),(#1452,#1453),(#1454,#1455),(#1456,#1457),(#1458,
#1459),(#1460,#1461),(#1462,#1463),(#1464,#1465),(#1466,#1467),(#1468,#1469)),
 .SURF_OF_LINEAR_EXTRUSION.,.T.,.F.,.F.,(1,1,1,1,1,1,1,1,1,1,1,1,1,1,1,
1,1,1,1,1,1,1,1),(2,2),(-1.17809724509617,-0.785398163397448,-0.392699081698725,
0.,0.392699081698724,0.785398163397448,1.17809724509617,1.5707963267949,
1.96349540849362,2.35619449019234,2.74889357189107,3.14159265358979,3.53429173528852,
3.92699081698724,4.31968989868597,4.71238898038469,5.10508806208341,5.49778714378214,
5.89048622548086,6.28318530717959,6.67588438887831,7.06858347057703,7.46128255227576),
(0.,1.),.UNSPECIFIED.);
#37=B_SPLINE_CURVE_WITH_KNOTS('',3,(#442,#443,#444,#445),.UNSPECIFIED.,
 .F.,.F.,(4,4),(0.,0.00948881549762825),.UNSPECIFIED.);
#38=B_SPLINE_CURVE_WITH_KNOTS('',3,(#449,#450,#451,#452),.UNSPECIFIED.,
 .F.,.F.,(4,4),(-0.00381031083214977,0.00381031083214968),.UNSPECIFIED.);
#39=B_SPLINE_CURVE_WITH_KNOTS('',3,(#717,#718,#719,#720,#721,#722,#723,
#724,#725,#726,#727,#728,#729,#730,#731,#732,#733,#734,#735,#736,#737,#738,
#739,#740,#741,#742),.UNSPECIFIED.,.F.,.F.,(4,1,1,1,1,1,1,1,1,1,1,1,1,1,
1,1,1,1,1,1,1,1,1,4),(0.,0.0016314040149376,0.00326280802987519,0.00489421204481279,
0.00652561605975039,0.00815702007468798,0.00978842408962558,0.0130512321195008,
0.016314040149376,0.0195768481792512,0.0228396562091264,0.024471060224064,
0.0261024642390015,0.0293652722688767,0.0326280802987519,0.0358908883286271,
0.0391536963585023,0.0424165043883775,0.0440479084033151,0.0456793124182527,
0.0473107164331903,0.0489421204481279,0.0505735244630655,0.0522049284780031),
 .UNSPECIFIED.);
#40=B_SPLINE_CURVE_WITH_KNOTS('',3,(#745,#746,#747,#748),.UNSPECIFIED.,
 .F.,.F.,(4,4),(0.,0.00517143731905769),.UNSPECIFIED.);
#41=B_SPLINE_CURVE_WITH_KNOTS('',3,(#750,#751,#752,#753,#754,#755,#756,
#757,#758,#759,#760),.UNSPECIFIED.,.F.,.F.,(4,1,1,1,1,1,1,1,4),(0.,0.00258556590715386,
0.00517113181430771,0.00775669772146157,0.0103422636286154,0.0129278295357693,
0.0155133954429231,0.018098961350077,0.0206845272572308),.UNSPECIFIED.);
#42=B_SPLINE_CURVE_WITH_KNOTS('',3,(#762,#763,#764,#765),.UNSPECIFIED.,
 .F.,.F.,(4,4),(0.0250380685320777,0.0301977519248818),.UNSPECIFIED.);
#43=B_SPLINE_CURVE_WITH_KNOTS('',3,(#766,#767,#768,#769,#770,#771,#772,
#773,#774,#775),.UNSPECIFIED.,.F.,.F.,(4,1,1,1,1,1,1,4),(0.,0.00282338035407759,
0.00564676070815518,0.00847014106223277,0.0112935214163104,0.0141169017703879,
0.0169402821244655,0.0225870428326207),.UNSPECIFIED.);
#44=B_SPLINE_CURVE_WITH_KNOTS('',3,(#778,#779,#780,#781,#782,#783,#784,
#785,#786,#787,#788,#789,#790,#791,#792,#793,#794,#795),.UNSPECIFIED.,.F.,
 .F.,(4,1,1,1,1,1,1,1,1,1,1,1,1,1,1,4),(0.,0.00448948297322187,0.00673422445983281,
0.00897896594644375,0.0112237074330547,0.0123460781763602,0.0134684489196656,
0.0145908196629711,0.0157131904062766,0.0162743757779293,0.016835561149582,
0.0171161538354084,0.0173967465212348,0.0176773392070611,0.0178176355499743,
0.0179579318928875),.UNSPECIFIED.);
#45=B_SPLINE_CURVE_WITH_KNOTS('',3,(#807,#808,#809,#810,#811,#812,#813,
#814,#815,#816,#817,#818,#819,#820,#821,#822,#823,#824),.UNSPECIFIED.,.F.,
 .F.,(4,1,1,1,1,1,1,1,1,1,1,1,1,1,1,4),(-5.99999745500388E-8,0.00014150895408052,
0.00028307790813559,0.000566215816245731,0.000849353724355871,0.00113249163246601,
0.00169876744868629,0.00226504326490657,0.00339759489734713,0.00453014652978769,
0.00566269816222826,0.00679524979466882,0.00906035305954994,0.0113254563244311,
0.0135905595893122,0.0181207661190744),.UNSPECIFIED.);
#46=B_SPLINE_CURVE_WITH_KNOTS('',3,(#826,#827,#828,#829,#830,#831,#832,
#833,#834,#835),.UNSPECIFIED.,.F.,.F.,(4,1,1,1,1,1,1,4),(0.,0.00567464928829089,
0.00851197393243634,0.0113492985765818,0.0141866232207272,0.0170239478648727,
0.0198612725090181,0.0226985971531636),.UNSPECIFIED.);
#47=B_SPLINE_CURVE_WITH_KNOTS('',3,(#837,#838,#839,#840,#841,#842,#843),
 .UNSPECIFIED.,.F.,.F.,(4,1,1,1,4),(0.,0.00335060718929768,0.00670121437859536,
0.010051821567893,0.0134024287571907),.UNSPECIFIED.);
#48=B_SPLINE_CURVE_WITH_KNOTS('',3,(#1063,#1064,#1065,#1066,#1067,#1068,
#1069,#1070,#1071,#1072,#1073,#1074,#1075,#1076,#1077,#1078,#1079,#1080,
#1081,#1082,#1083,#1084,#1085,#1086,#1087,#1088,#1089,#1090,#1091,#1092,
#1093,#1094),.UNSPECIFIED.,.F.,.F.,(4,1,1,1,1,1,1,1,1,1,1,1,1,1,1,1,1,1,
1,1,1,1,1,1,1,1,1,1,1,4),(6.5767824005412E-6,0.00609502111628078,0.0091392432832209,
0.012183465450161,0.0152276876171011,0.0182719097840413,0.0213161319509814,
0.0243603541179215,0.0274045762848616,0.0304487984518017,0.0334930206187419,
0.036537242785682,0.0395814649526221,0.0426256871195622,0.0456699092865023,
0.0487141314534425,0.0517583536203826,0.0548025757873227,0.0578467979542628,
0.0608910201212029,0.063935242288143,0.0669794644550832,0.0700236866220233,
0.0730679087889634,0.0761121309559035,0.0791563531228437,0.0822005752897838,
0.0852447974567239,0.0913332417906041,0.0974216861244844),.UNSPECIFIED.);
#49=B_SPLINE_CURVE_WITH_KNOTS('',3,(#1096,#1097,#1098,#1099),
 .UNSPECIFIED.,.F.,.F.,(4,4),(0.,0.00387580514547489),.UNSPECIFIED.);
#50=B_SPLINE_CURVE_WITH_KNOTS('',3,(#1104,#1105,#1106,#1107),
 .UNSPECIFIED.,.F.,.F.,(4,4),(0.00636781223155339,0.010243617377028),
 .UNSPECIFIED.);
#51=B_SPLINE_CURVE_WITH_KNOTS('',3,(#1114,#1115,#1116,#1117,#1118),
 .UNSPECIFIED.,.F.,.F.,(4,1,4),(0.0472827405505228,0.0520415459371214,0.05680035132372),
 .UNSPECIFIED.);
#52=B_SPLINE_CURVE_WITH_KNOTS('',3,(#1122,#1123,#1124,#1125),
 .UNSPECIFIED.,.F.,.F.,(4,4),(-0.00381031083214977,0.00381031083214968),
 .UNSPECIFIED.);
#53=B_SPLINE_CURVE_WITH_KNOTS('',3,(#1127,#1128,#1129,#1130),
 .UNSPECIFIED.,.F.,.F.,(4,4),(0.,0.00387580514547475),.UNSPECIFIED.);
#54=B_SPLINE_CURVE_WITH_KNOTS('',3,(#1135,#1136,#1137,#1138),
 .UNSPECIFIED.,.F.,.F.,(4,4),(0.00636781223155334,0.0102436173770278),
 .UNSPECIFIED.);
#55=B_SPLINE_CURVE_WITH_KNOTS('',3,(#1142,#1143,#1144,#1145,#1146,#1147,
#1148,#1149,#1150,#1151,#1152,#1153,#1154,#1155,#1156,#1157,#1158,#1159,
#1160,#1161,#1162,#1163,#1164,#1165,#1166,#1167,#1168),.UNSPECIFIED.,.F.,
 .F.,(4,1,1,1,1,1,1,1,1,1,1,1,1,1,1,1,1,1,1,1,1,1,1,1,4),(0.,0.00235787575044144,
0.00471575150088288,0.00707362725132431,0.00943150300176575,0.0117893787522072,
0.0141472545026486,0.0165051302530901,0.0188630060035315,0.0235787575044144,
0.0282945090052973,0.0330102605061801,0.037726012007063,0.0424417635079459,
0.0471575150088288,0.0518732665097116,0.0565890180105945,0.0589468937610359,
0.0613047695114774,0.0636626452619188,0.0660205210123603,0.0683783967628017,
0.0707362725132431,0.0730941482636846,0.075452024014126),.UNSPECIFIED.);
#56=B_SPLINE_CURVE_WITH_KNOTS('',3,(#1169,#1170,#1171,#1172,#1173,#1174,
#1175,#1176,#1177,#1178),.UNSPECIFIED.,.F.,.F.,(4,1,1,1,1,1,1,4),(0.,0.00298430923413168,
0.00596861846826335,0.00895292770239503,0.0119372369365267,0.0149215461706584,
0.0179058554047901,0.0238744738730534),.UNSPECIFIED.);
#57=B_SPLINE_CURVE_WITH_KNOTS('',3,(#1179,#1180,#1181,#1182,#1183,#1184,
#1185,#1186,#1187),.UNSPECIFIED.,.F.,.F.,(4,1,1,1,1,1,4),(0.,0.00298440023561765,
0.0059688004712353,0.00895320070685294,0.0119376009424706,0.0179064014137059,
0.0238752018849412),.UNSPECIFIED.);
#58=B_SPLINE_CURVE_WITH_KNOTS('',3,(#1189,#1190,#1191,#1192,#1193,#1194,
#1195),.UNSPECIFIED.,.F.,.F.,(4,1,1,1,4),(0.,0.00882125437631501,0.01764250875263,
0.026463763128945,0.03528501750526),.UNSPECIFIED.);
#59=B_SPLINE_CURVE_WITH_KNOTS('',3,(#1196,#1197,#1198,#1199,#1200,#1201,
#1202,#1203,#1204,#1205),.UNSPECIFIED.,.F.,.F.,(4,1,1,1,1,1,1,4),(0.,0.00298430923413166,
0.00596861846826332,0.00895292770239498,0.0119372369365266,0.0149215461706583,
0.01790585540479,0.0238744738730533),.UNSPECIFIED.);
#60=B_SPLINE_CURVE_WITH_KNOTS('',3,(#1206,#1207,#1208,#1209,#1210,#1211,
#1212,#1213,#1214),.UNSPECIFIED.,.F.,.F.,(4,1,1,1,1,1,4),(0.,0.00298440023561764,
0.00596880047123527,0.00895320070685291,0.0119376009424705,0.0179064014137058,
0.0238752018849411),.UNSPECIFIED.);
#61=B_SPLINE_CURVE_WITH_KNOTS('',3,(#1216,#1217,#1218,#1219,#1220,#1221,
#1222,#1223,#1224,#1225,#1226,#1227,#1228),.UNSPECIFIED.,.F.,.F.,(4,1,1,
1,1,1,1,1,1,1,4),(0.000126460024023075,0.00588418500350832,0.0116419099829936,
0.0145207724727362,0.0173996349624788,0.0202784974522214,0.0231573599419641,
0.0289150849214493,0.0346728099009346,0.0404305348804198,0.0461882598599051),
 .UNSPECIFIED.);
#62=B_SPLINE_CURVE_WITH_KNOTS('',3,(#1231,#1232,#1233,#1234,#1235),
 .UNSPECIFIED.,.F.,.F.,(4,1,4),(-0.0126425218252741,2.58877009699614E-7,
0.0126430395792935),.UNSPECIFIED.);
#63=B_SPLINE_CURVE_WITH_KNOTS('',3,(#1237,#1238,#1239,#1240,#1241,#1242,
#1243,#1244,#1245,#1246,#1247),.UNSPECIFIED.,.F.,.F.,(4,1,1,1,1,1,1,1,4),
(0.000126503779433524,0.00588610765335648,0.0116457115272794,0.0174053154012024,
0.0231649192751253,0.0289245231490483,0.0346841270229713,0.0404437308968942,
0.0462033347708172),.UNSPECIFIED.);
#64=B_SPLINE_CURVE_WITH_KNOTS('',3,(#1249,#1250,#1251,#1252,#1253),
 .UNSPECIFIED.,.F.,.F.,(4,1,4),(-0.0126427101191088,7.05828439341583E-8,
0.0126428512847967),.UNSPECIFIED.);
#65=B_SPLINE_CURVE_WITH_KNOTS('',3,(#1323,#1324,#1325,#1326,#1327,#1328,
#1329,#1330),.UNSPECIFIED.,.F.,.F.,(4,1,1,1,1,4),(2.61684631923846E-16,
0.0037726043649948,0.00565890654749206,0.00754520872998933,0.0113178130949839,
0.0150904174599784),.UNSPECIFIED.);
#66=B_SPLINE_CURVE_WITH_KNOTS('',3,(#1331,#1332,#1333,#1334,#1335,#1336,
#1337,#1338),.UNSPECIFIED.,.F.,.F.,(4,1,1,1,1,4),(0.,0.00375837902700242,
0.00751675805400484,0.00939594756750605,0.0112751370810073,0.0150335161080097),
 .UNSPECIFIED.);
#67=B_SPLINE_CURVE_WITH_KNOTS('',3,(#1411,#1412,#1413,#1414,#1415,#1416,
#1417,#1418),.UNSPECIFIED.,.F.,.F.,(4,1,1,1,1,4),(0.,0.00375837902699884,
0.00751675805399768,0.0093959475674971,0.0112751370809965,0.0150335161079954),
 .UNSPECIFIED.);
#68=B_SPLINE_CURVE_WITH_KNOTS('',3,(#1419,#1420,#1421,#1422,#1423,#1424,
#1425,#1426),.UNSPECIFIED.,.F.,.F.,(4,1,1,1,1,4),(2.89963582428303E-16,
0.00377260436499813,0.00565890654749705,0.00754520872999597,0.0113178130949938,
0.0150904174599917),.UNSPECIFIED.);
#69=ORIENTED_EDGE('',*,*,#171,.T.);
#70=ORIENTED_EDGE('',*,*,#172,.T.);
#71=ORIENTED_EDGE('',*,*,#173,.T.);
#72=ORIENTED_EDGE('',*,*,#174,.T.);
#73=ORIENTED_EDGE('',*,*,#175,.T.);
#74=ORIENTED_EDGE('',*,*,#176,.T.);
#75=ORIENTED_EDGE('',*,*,#177,.T.);
#76=ORIENTED_EDGE('',*,*,#178,.T.);
#77=ORIENTED_EDGE('',*,*,#179,.T.);
#78=ORIENTED_EDGE('',*,*,#180,.T.);
#79=ORIENTED_EDGE('',*,*,#181,.F.);
#80=ORIENTED_EDGE('',*,*,#182,.F.);
#81=ORIENTED_EDGE('',*,*,#183,.F.);
#82=ORIENTED_EDGE('',*,*,#184,.F.);
#83=ORIENTED_EDGE('',*,*,#185,.F.);
#84=ORIENTED_EDGE('',*,*,#186,.T.);
#85=ORIENTED_EDGE('',*,*,#187,.T.);
#86=ORIENTED_EDGE('',*,*,#188,.T.);
#87=ORIENTED_EDGE('',*,*,#186,.F.);
#88=ORIENTED_EDGE('',*,*,#189,.T.);
#89=ORIENTED_EDGE('',*,*,#180,.F.);
#90=ORIENTED_EDGE('',*,*,#179,.F.);
#91=ORIENTED_EDGE('',*,*,#188,.F.);
#92=ORIENTED_EDGE('',*,*,#187,.F.);
#93=ORIENTED_EDGE('',*,*,#190,.T.);
#94=ORIENTED_EDGE('',*,*,#191,.T.);
#95=ORIENTED_EDGE('',*,*,#192,.T.);
#96=ORIENTED_EDGE('',*,*,#193,.T.);
#97=ORIENTED_EDGE('',*,*,#194,.T.);
#98=ORIENTED_EDGE('',*,*,#195,.T.);
#99=ORIENTED_EDGE('',*,*,#196,.T.);
#100=ORIENTED_EDGE('',*,*,#197,.T.);
#101=ORIENTED_EDGE('',*,*,#198,.T.);
#102=ORIENTED_EDGE('',*,*,#199,.T.);
#103=ORIENTED_EDGE('',*,*,#200,.T.);
#104=ORIENTED_EDGE('',*,*,#201,.T.);
#105=ORIENTED_EDGE('',*,*,#196,.F.);
#106=ORIENTED_EDGE('',*,*,#202,.T.);
#107=ORIENTED_EDGE('',*,*,#171,.F.);
#108=ORIENTED_EDGE('',*,*,#203,.T.);
#109=ORIENTED_EDGE('',*,*,#193,.F.);
#110=ORIENTED_EDGE('',*,*,#204,.T.);
#111=ORIENTED_EDGE('',*,*,#173,.F.);
#112=ORIENTED_EDGE('',*,*,#205,.T.);
#113=ORIENTED_EDGE('',*,*,#194,.F.);
#114=ORIENTED_EDGE('',*,*,#206,.T.);
#115=ORIENTED_EDGE('',*,*,#201,.F.);
#116=ORIENTED_EDGE('',*,*,#207,.T.);
#117=ORIENTED_EDGE('',*,*,#208,.T.);
#118=ORIENTED_EDGE('',*,*,#209,.T.);
#119=ORIENTED_EDGE('',*,*,#210,.T.);
#120=ORIENTED_EDGE('',*,*,#211,.T.);
#121=ORIENTED_EDGE('',*,*,#192,.F.);
#122=ORIENTED_EDGE('',*,*,#212,.T.);
#123=ORIENTED_EDGE('',*,*,#208,.F.);
#124=ORIENTED_EDGE('',*,*,#213,.T.);
#125=ORIENTED_EDGE('',*,*,#198,.F.);
#126=ORIENTED_EDGE('',*,*,#206,.F.);
#127=ORIENTED_EDGE('',*,*,#197,.F.);
#128=ORIENTED_EDGE('',*,*,#204,.F.);
#129=ORIENTED_EDGE('',*,*,#210,.F.);
#130=ORIENTED_EDGE('',*,*,#214,.T.);
#131=ORIENTED_EDGE('',*,*,#190,.F.);
#132=ORIENTED_EDGE('',*,*,#203,.F.);
#133=ORIENTED_EDGE('',*,*,#174,.F.);
#134=ORIENTED_EDGE('',*,*,#207,.F.);
#135=ORIENTED_EDGE('',*,*,#200,.F.);
#136=ORIENTED_EDGE('',*,*,#215,.T.);
#137=ORIENTED_EDGE('',*,*,#212,.F.);
#138=ORIENTED_EDGE('',*,*,#191,.F.);
#139=ORIENTED_EDGE('',*,*,#214,.F.);
#140=ORIENTED_EDGE('',*,*,#209,.F.);
#141=ORIENTED_EDGE('',*,*,#213,.F.);
#142=ORIENTED_EDGE('',*,*,#211,.F.);
#143=ORIENTED_EDGE('',*,*,#215,.F.);
#144=ORIENTED_EDGE('',*,*,#199,.F.);
#145=ORIENTED_EDGE('',*,*,#216,.T.);
#146=ORIENTED_EDGE('',*,*,#189,.F.);
#147=ORIENTED_EDGE('',*,*,#185,.T.);
#148=ORIENTED_EDGE('',*,*,#184,.T.);
#149=ORIENTED_EDGE('',*,*,#183,.T.);
#150=ORIENTED_EDGE('',*,*,#182,.T.);
#151=ORIENTED_EDGE('',*,*,#181,.T.);
#152=ORIENTED_EDGE('',*,*,#217,.T.);
#153=ORIENTED_EDGE('',*,*,#216,.F.);
#154=ORIENTED_EDGE('',*,*,#217,.F.);
#155=ORIENTED_EDGE('',*,*,#218,.F.);
#156=ORIENTED_EDGE('',*,*,#176,.F.);
#157=ORIENTED_EDGE('',*,*,#219,.F.);
#158=ORIENTED_EDGE('',*,*,#195,.F.);
#159=ORIENTED_EDGE('',*,*,#219,.T.);
#160=ORIENTED_EDGE('',*,*,#175,.F.);
#161=ORIENTED_EDGE('',*,*,#220,.F.);
#162=ORIENTED_EDGE('',*,*,#202,.F.);
#163=ORIENTED_EDGE('',*,*,#218,.T.);
#164=ORIENTED_EDGE('',*,*,#205,.F.);
#165=ORIENTED_EDGE('',*,*,#221,.F.);
#166=ORIENTED_EDGE('',*,*,#177,.F.);
#167=ORIENTED_EDGE('',*,*,#220,.T.);
#168=ORIENTED_EDGE('',*,*,#178,.F.);
#169=ORIENTED_EDGE('',*,*,#221,.T.);
#170=ORIENTED_EDGE('',*,*,#172,.F.);
#171=EDGE_CURVE('',#222,#223,#258,.F.);
#172=EDGE_CURVE('',#223,#224,#37,.T.);
#173=EDGE_CURVE('',#224,#225,#259,.T.);
#174=EDGE_CURVE('',#225,#222,#38,.T.);
#175=EDGE_CURVE('',#226,#227,#39,.T.);
#176=EDGE_CURVE('',#227,#228,#40,.T.);
#177=EDGE_CURVE('',#228,#229,#41,.T.);
#178=EDGE_CURVE('',#229,#226,#42,.T.);
#179=EDGE_CURVE('',#230,#231,#43,.T.);
#180=EDGE_CURVE('',#231,#232,#44,.T.);
#181=EDGE_CURVE('',#233,#232,#24,.F.);
#182=EDGE_CURVE('',#234,#233,#25,.F.);
#183=EDGE_CURVE('',#235,#234,#26,.F.);
#184=EDGE_CURVE('',#236,#235,#27,.F.);
#185=EDGE_CURVE('',#237,#236,#28,.F.);
#186=EDGE_CURVE('',#237,#238,#45,.T.);
#187=EDGE_CURVE('',#238,#239,#46,.T.);
#188=EDGE_CURVE('',#239,#230,#47,.T.);
#189=EDGE_CURVE('',#237,#232,#48,.T.);
#190=EDGE_CURVE('',#240,#241,#49,.T.);
#191=EDGE_CURVE('',#241,#242,#260,.F.);
#192=EDGE_CURVE('',#242,#243,#50,.T.);
#193=EDGE_CURVE('',#243,#240,#261,.T.);
#194=EDGE_CURVE('',#244,#245,#262,.T.);
#195=EDGE_CURVE('',#245,#246,#51,.T.);
#196=EDGE_CURVE('',#246,#247,#263,.F.);
#197=EDGE_CURVE('',#247,#244,#52,.T.);
#198=EDGE_CURVE('',#248,#249,#53,.T.);
#199=EDGE_CURVE('',#249,#250,#264,.T.);
#200=EDGE_CURVE('',#250,#251,#54,.T.);
#201=EDGE_CURVE('',#251,#248,#265,.F.);
#202=EDGE_CURVE('',#246,#223,#55,.T.);
#203=EDGE_CURVE('',#222,#240,#56,.T.);
#204=EDGE_CURVE('',#243,#247,#57,.T.);
#205=EDGE_CURVE('',#224,#245,#58,.T.);
#206=EDGE_CURVE('',#244,#248,#59,.T.);
#207=EDGE_CURVE('',#251,#225,#60,.T.);
#208=EDGE_CURVE('',#252,#253,#61,.T.);
#209=EDGE_CURVE('',#253,#254,#62,.T.);
#210=EDGE_CURVE('',#254,#255,#63,.T.);
#211=EDGE_CURVE('',#255,#252,#64,.T.);
#212=EDGE_CURVE('',#242,#253,#65,.T.);
#213=EDGE_CURVE('',#252,#249,#66,.T.);
#214=EDGE_CURVE('',#254,#241,#67,.T.);
#215=EDGE_CURVE('',#250,#255,#68,.T.);
#216=EDGE_CURVE('',#256,#256,#29,.T.);
#217=EDGE_CURVE('',#257,#257,#30,.T.);
#218=EDGE_CURVE('',#228,#245,#31,.T.);
#219=EDGE_CURVE('',#246,#227,#32,.T.);
#220=EDGE_CURVE('',#223,#226,#33,.T.);
#221=EDGE_CURVE('',#229,#224,#34,.T.);
#222=VERTEX_POINT('',#440);
#223=VERTEX_POINT('',#441);
#224=VERTEX_POINT('',#446);
#225=VERTEX_POINT('',#448);
#226=VERTEX_POINT('',#743);
#227=VERTEX_POINT('',#744);
#228=VERTEX_POINT('',#749);
#229=VERTEX_POINT('',#761);
#230=VERTEX_POINT('',#776);
#231=VERTEX_POINT('',#777);
#232=VERTEX_POINT('',#796);
#233=VERTEX_POINT('',#798);
#234=VERTEX_POINT('',#800);
#235=VERTEX_POINT('',#802);
#236=VERTEX_POINT('',#804);
#237=VERTEX_POINT('',#806);
#238=VERTEX_POINT('',#825);
#239=VERTEX_POINT('',#836);
#240=VERTEX_POINT('',#1100);
#241=VERTEX_POINT('',#1101);
#242=VERTEX_POINT('',#1103);
#243=VERTEX_POINT('',#1108);
#244=VERTEX_POINT('',#1112);
#245=VERTEX_POINT('',#1113);
#246=VERTEX_POINT('',#1119);
#247=VERTEX_POINT('',#1121);
#248=VERTEX_POINT('',#1131);
#249=VERTEX_POINT('',#1132);
#250=VERTEX_POINT('',#1134);
#251=VERTEX_POINT('',#1139);
#252=VERTEX_POINT('',#1229);
#253=VERTEX_POINT('',#1230);
#254=VERTEX_POINT('',#1236);
#255=VERTEX_POINT('',#1248);
#256=VERTEX_POINT('',#1431);
#257=VERTEX_POINT('',#1471);
#258=LINE('',#439,#266);
#259=LINE('',#447,#267);
#260=LINE('',#1102,#268);
#261=LINE('',#1109,#269);
#262=LINE('',#1111,#270);
#263=LINE('',#1120,#271);
#264=LINE('',#1133,#272);
#265=LINE('',#1140,#273);
#266=VECTOR('',#387,1.);
#267=VECTOR('',#388,1.);
#268=VECTOR('',#401,1.);
#269=VECTOR('',#402,1.);
#270=VECTOR('',#405,1.);
#271=VECTOR('',#406,1.);
#272=VECTOR('',#409,1.);
#273=VECTOR('',#410,1.);
#274=EDGE_LOOP('',(#69,#70,#71,#72));
#275=EDGE_LOOP('',(#73,#74,#75,#76));
#276=EDGE_LOOP('',(#77,#78,#79,#80,#81,#82,#83,#84,#85,#86));
#277=EDGE_LOOP('',(#87,#88,#89,#90,#91,#92));
#278=EDGE_LOOP('',(#93,#94,#95,#96));
#279=EDGE_LOOP('',(#97,#98,#99,#100));
#280=EDGE_LOOP('',(#101,#102,#103,#104));
#281=EDGE_LOOP('',(#105,#106,#107,#108,#109,#110));
#282=EDGE_LOOP('',(#111,#112,#113,#114,#115,#116));
#283=EDGE_LOOP('',(#117,#118,#119,#120));
#284=EDGE_LOOP('',(#121,#122,#123,#124,#125,#126,#127,#128));
#285=EDGE_LOOP('',(#129,#130,#131,#132,#133,#134,#135,#136));
#286=EDGE_LOOP('',(#137,#138,#139,#140));
#287=EDGE_LOOP('',(#141,#142,#143,#144));
#288=EDGE_LOOP('',(#145));
#289=EDGE_LOOP('',(#146,#147,#148,#149,#150,#151));
#290=EDGE_LOOP('',(#152));
#291=EDGE_LOOP('',(#153));
#292=EDGE_LOOP('',(#154));
#293=EDGE_LOOP('',(#155,#156,#157,#158));
#294=EDGE_LOOP('',(#159,#160,#161,#162));
#295=EDGE_LOOP('',(#163,#164,#165,#166));
#296=EDGE_LOOP('',(#167,#168,#169,#170));
#297=FACE_BOUND('',#274,.T.);
#298=FACE_BOUND('',#275,.T.);
#299=FACE_BOUND('',#276,.T.);
#300=FACE_BOUND('',#277,.T.);
#301=FACE_BOUND('',#278,.T.);
#302=FACE_BOUND('',#279,.T.);
#303=FACE_BOUND('',#280,.T.);
#304=FACE_BOUND('',#281,.T.);
#305=FACE_BOUND('',#282,.T.);
#306=FACE_BOUND('',#283,.T.);
#307=FACE_BOUND('',#284,.T.);
#308=FACE_BOUND('',#285,.T.);
#309=FACE_BOUND('',#286,.T.);
#310=FACE_BOUND('',#287,.T.);
#311=FACE_BOUND('',#288,.T.);
#312=FACE_BOUND('',#289,.T.);
#313=FACE_BOUND('',#290,.T.);
#314=FACE_BOUND('',#291,.T.);
#315=FACE_BOUND('',#292,.T.);
#316=FACE_BOUND('',#293,.T.);
#317=FACE_BOUND('',#294,.T.);
#318=FACE_BOUND('',#295,.T.);
#319=FACE_BOUND('',#296,.T.);
#320=PLANE('',#361);
#321=PLANE('',#367);
#322=PLANE('',#368);
#323=PLANE('',#369);
#324=PLANE('',#375);
#325=PLANE('',#378);
#326=ADVANCED_FACE('',(#297),#320,.F.);
#327=ADVANCED_FACE('',(#298,#299),#35,.T.);
#328=ADVANCED_FACE('',(#300),#17,.F.);
#329=ADVANCED_FACE('',(#301),#321,.T.);
#330=ADVANCED_FACE('',(#302),#322,.F.);
#331=ADVANCED_FACE('',(#303),#323,.F.);
#332=ADVANCED_FACE('',(#304),#13,.T.);
#333=ADVANCED_FACE('',(#305),#14,.T.);
#334=ADVANCED_FACE('',(#306),#12,.F.);
#335=ADVANCED_FACE('',(#307),#18,.T.);
#336=ADVANCED_FACE('',(#308),#19,.T.);
#337=ADVANCED_FACE('',(#309),#15,.T.);
#338=ADVANCED_FACE('',(#310),#16,.T.);
#339=ADVANCED_FACE('',(#311,#312),#324,.F.);
#340=ADVANCED_FACE('',(#313,#314),#36,.T.);
#341=ADVANCED_FACE('',(#315),#325,.F.);
#342=ADVANCED_FACE('',(#316),#20,.F.);
#343=ADVANCED_FACE('',(#317),#21,.F.);
#344=ADVANCED_FACE('',(#318),#22,.F.);
#345=ADVANCED_FACE('',(#319),#23,.F.);
#346=CLOSED_SHELL('',(#326,#327,#328,#329,#330,#331,#332,#333,#334,#335,
#336,#337,#338,#339,#340,#341,#342,#343,#344,#345));
#347=STYLED_ITEM('',(#348),#357);
#348=PRESENTATION_STYLE_ASSIGNMENT((#349));
#349=SURFACE_STYLE_USAGE(.BOTH.,#350);
#350=SURFACE_SIDE_STYLE('',(#353,#351));
#351=SURFACE_STYLE_RENDERING_WITH_PROPERTIES(.CONSTANT_SHADING.,#356,(#352));
#352=SURFACE_STYLE_TRANSPARENT(0.501960784313726);
#353=SURFACE_STYLE_FILL_AREA(#354);
#354=FILL_AREA_STYLE('',(#355));
#355=FILL_AREA_STYLE_COLOUR('',#356);
#356=COLOUR_RGB('',0.917647058823529,0.917647058823529,0.917647058823529);
#357=MANIFOLD_SOLID_BREP('Perch_Desk_Upper',#346);
#358=SHAPE_DEFINITION_REPRESENTATION(#1645,#359);
#359=SHAPE_REPRESENTATION('Perch_Desk_Upper',(#360),#1640);
#360=AXIS2_PLACEMENT_3D('',#437,#383,#384);
#361=AXIS2_PLACEMENT_3D('',#438,#385,#386);
#362=AXIS2_PLACEMENT_3D('',#797,#389,#390);
#363=AXIS2_PLACEMENT_3D('',#799,#391,#392);
#364=AXIS2_PLACEMENT_3D('',#801,#393,#394);
#365=AXIS2_PLACEMENT_3D('',#803,#395,#396);
#366=AXIS2_PLACEMENT_3D('',#805,#397,#398);
#367=AXIS2_PLACEMENT_3D('',#1095,#399,#400);
#368=AXIS2_PLACEMENT_3D('',#1110,#403,#404);
#369=AXIS2_PLACEMENT_3D('',#1126,#407,#408);
#370=AXIS2_PLACEMENT_3D('',#1141,#411,#412);
#371=AXIS2_PLACEMENT_3D('',#1188,#413,#414);
#372=AXIS2_PLACEMENT_3D('',#1215,#415,#416);
#373=AXIS2_PLACEMENT_3D('',#1427,#417,#418);
#374=AXIS2_PLACEMENT_3D('',#1428,#419,#420);
#375=AXIS2_PLACEMENT_3D('',#1429,#421,#422);
#376=AXIS2_PLACEMENT_3D('',#1430,#423,#424);
#377=AXIS2_PLACEMENT_3D('',#1470,#425,#426);
#378=AXIS2_PLACEMENT_3D('',#1472,#427,#428);
#379=AXIS2_PLACEMENT_3D('',#1488,#429,#430);
#380=AXIS2_PLACEMENT_3D('',#1489,#431,#432);
#381=AXIS2_PLACEMENT_3D('',#1586,#433,#434);
#382=AXIS2_PLACEMENT_3D('',#1626,#435,#436);
#383=DIRECTION('',(0.,0.,1.));
#384=DIRECTION('',(1.,0.,0.));
#385=DIRECTION('',(0.,0.,1.));
#386=DIRECTION('',(1.,0.,0.));
#387=DIRECTION('',(-1.,0.,0.));
#388=DIRECTION('',(-1.,0.,0.));
#389=DIRECTION('',(0.,0.,1.));
#390=DIRECTION('',(1.,0.,0.));
#391=DIRECTION('',(0.,0.,1.));
#392=DIRECTION('',(1.,0.,0.));
#393=DIRECTION('',(0.,0.,1.));
#394=DIRECTION('',(1.,0.,0.));
#395=DIRECTION('',(0.,0.,1.));
#396=DIRECTION('',(1.,0.,0.));
#397=DIRECTION('',(0.,0.,1.));
#398=DIRECTION('',(1.,0.,0.));
#399=DIRECTION('',(0.,1.,0.));
#400=DIRECTION('',(0.,0.,1.));
#401=DIRECTION('',(-1.,0.,0.));
#402=DIRECTION('',(-1.,0.,0.));
#403=DIRECTION('',(0.,0.,1.));
#404=DIRECTION('',(1.,0.,0.));
#405=DIRECTION('',(-1.,0.,0.));
#406=DIRECTION('',(-1.,0.,0.));
#407=DIRECTION('',(0.,1.,0.));
#408=DIRECTION('',(0.,0.,1.));
#409=DIRECTION('',(-1.,0.,0.));
#410=DIRECTION('',(-1.,0.,0.));
#411=DIRECTION('',(1.,0.,0.));
#412=DIRECTION('',(0.,0.,-1.));
#413=DIRECTION('',(-1.,0.,0.));
#414=DIRECTION('',(0.,0.,1.));
#415=DIRECTION('',(0.,-1.,0.));
#416=DIRECTION('',(0.,0.,-1.));
#417=DIRECTION('',(-1.,0.,0.));
#418=DIRECTION('',(0.,0.,1.));
#419=DIRECTION('',(1.,0.,0.));
#420=DIRECTION('',(0.,0.,-1.));
#421=DIRECTION('',(0.,0.,1.));
#422=DIRECTION('',(1.,0.,0.));
#423=DIRECTION('',(0.,0.,1.));
#424=DIRECTION('',(1.,0.,0.));
#425=DIRECTION('',(0.,0.,1.));
#426=DIRECTION('',(1.,0.,0.));
#427=DIRECTION('',(0.,0.,1.));
#428=DIRECTION('',(1.,0.,0.));
#429=DIRECTION('',(0.728236717433797,0.685325676872863,2.72069610491724E-14));
#430=DIRECTION('',(-0.685325676872863,0.728236717433797,0.));
#431=DIRECTION('',(-0.432821588849819,-0.901479601669121,0.));
#432=DIRECTION('',(0.901479601669121,-0.432821588849819,0.));
#433=DIRECTION('',(-0.432886873235529,0.901448254188984,0.));
#434=DIRECTION('',(-0.901448254188984,-0.432886873235529,0.));
#435=DIRECTION('',(0.728239454727238,-0.685322768174657,9.46687304346036E-15));
#436=DIRECTION('',(0.685322768174657,0.728239454727238,0.));
#437=CARTESIAN_POINT('',(0.,0.,0.));
#438=CARTESIAN_POINT('',(0.,-0.0990955667709203,0.207909382180727));
#439=CARTESIAN_POINT('',(-0.00594804327804093,-0.0952855667709203,0.207909382180727));
#440=CARTESIAN_POINT('',(-0.0252575140147738,-0.0952855667709203,0.207909382180727));
#441=CARTESIAN_POINT('',(-0.022644745038975,-0.0952855667709203,0.207909382180727));
#442=CARTESIAN_POINT('',(-0.022644745038975,-0.0952855667709203,0.207909382180727));
#443=CARTESIAN_POINT('',(-0.021267338436823,-0.0981538930094542,0.207909382180727));
#444=CARTESIAN_POINT('',(-0.0193641418737742,-0.10075401263488,0.207909382180727));
#445=CARTESIAN_POINT('',(-0.0170778518457641,-0.10290556677092,0.207909382180727));
#446=CARTESIAN_POINT('',(-0.0170778518457638,-0.10290556677092,0.207909382180727));
#447=CARTESIAN_POINT('',(0.,-0.10290556677092,0.207909382180727));
#448=CARTESIAN_POINT('',(-0.0252575140147739,-0.10290556677092,0.207909382180727));
#449=CARTESIAN_POINT('',(-0.0252575140147739,-0.10290556677092,0.207909382180727));
#450=CARTESIAN_POINT('',(-0.0251978503743168,-0.100365914449967,0.207909382180727));
#451=CARTESIAN_POINT('',(-0.0251978503743166,-0.0978252190918737,0.207909382180727));
#452=CARTESIAN_POINT('',(-0.0252575140147737,-0.0952855667709203,0.207909382180727));
#453=CARTESIAN_POINT('',(0.0190500000006813,-0.00509146419739681,0.0253999999976619));
#454=CARTESIAN_POINT('',(0.0190499999995002,-0.00760853580045777,0.0253999999976501));
#455=CARTESIAN_POINT('',(0.0189265082557074,-0.00884604060177013,0.0253999999976512));
#456=CARTESIAN_POINT('',(0.0185636086476595,-0.0106720414539256,0.0253999999976464));
#457=CARTESIAN_POINT('',(0.0184128115986926,-0.0112756281822237,0.0253999999976462));
#458=CARTESIAN_POINT('',(0.0181408493145506,-0.0121732140717973,0.0253999999976431));
#459=CARTESIAN_POINT('',(0.0180423691712104,-0.0124716176989276,0.0253999999976428));
#460=CARTESIAN_POINT('',(0.0178306024117261,-0.0130634868884337,0.0253999999976417));
#461=CARTESIAN_POINT('',(0.0177178291602435,-0.0133556031928078,0.025399999997641));
#462=CARTESIAN_POINT('',(0.0171202133106073,-0.0147974810656643,0.0253999999976382));
#463=CARTESIAN_POINT('',(0.0165350826945734,-0.0158916641287622,0.0253999999976361));
#464=CARTESIAN_POINT('',(0.0156710706901401,-0.0171859082121958,0.0253999999976331));
#465=CARTESIAN_POINT('',(0.0154915786532629,-0.017441049706935,0.0253999999976331));
#466=CARTESIAN_POINT('',(0.0151190014560878,-0.0179437995384347,0.0253999999976311));
#467=CARTESIAN_POINT('',(0.0149253823044448,-0.0181920460291281,0.0253999999976313));
#468=CARTESIAN_POINT('',(0.0143278194575623,-0.0189202209221368,0.0253999999976294));
#469=CARTESIAN_POINT('',(0.0139085959981262,-0.019382251112192,0.0253999999976285));
#470=CARTESIAN_POINT('',(0.0125903340518028,-0.0207002764889227,0.025399999997627));
#471=CARTESIAN_POINT('',(0.01163127758357,-0.0214888508174123,0.0253999999976242));
#472=CARTESIAN_POINT('',(0.0103297950146634,-0.0223592439723569,0.0253999999976235));
#473=CARTESIAN_POINT('',(0.0100635630017944,-0.0225279356446173,0.0253999999976226));
#474=CARTESIAN_POINT('',(0.00952545633002766,-0.0228505025293579,0.0253999999976228));
#475=CARTESIAN_POINT('',(0.00925342567758986,-0.023004542956829,0.0253999999976224));
#476=CARTESIAN_POINT('',(0.00842856657542109,-0.0234453361206107,0.0253999999976208));
#477=CARTESIAN_POINT('',(0.00786699168506444,-0.0237108111061297,0.0253999999976217));
#478=CARTESIAN_POINT('',(0.00672085736381181,-0.0241858458372376,0.0253999999976193));
#479=CARTESIAN_POINT('',(0.00613629783760296,-0.0243954053509946,0.0253999999976201));
#480=CARTESIAN_POINT('',(0.0052419852945793,-0.0246672368685989,0.025399999997619));
#481=CARTESIAN_POINT('',(0.00494096374558534,-0.0247507501984006,0.0253999999976192));
#482=CARTESIAN_POINT('',(0.00433298153510174,-0.0249033285857481,0.0253999999976187));
#483=CARTESIAN_POINT('',(0.00402537069933197,-0.0249724894139243,0.0253999999976183));
#484=CARTESIAN_POINT('',(0.00248849166977498,-0.025278324004748,0.0253999999976198));
#485=CARTESIAN_POINT('',(0.00125247381868193,-0.0253993376437907,0.0253999999976172));
#486=CARTESIAN_POINT('',(-0.000611064106729163,-0.0254003271483803,0.0253999999976184));
#487=CARTESIAN_POINT('',(-0.00123384001797462,-0.0253703518929232,0.0253999999976181));
#488=CARTESIAN_POINT('',(-0.00217047162193328,-0.0252785489337352,0.0253999999976182));
#489=CARTESIAN_POINT('',(-0.00248327514065166,-0.0252400474657429,0.0253999999976185));
#490=CARTESIAN_POINT('',(-0.00310276223903268,-0.0251482290435884,0.0253999999976182));
#491=CARTESIAN_POINT('',(-0.00341031784095179,-0.0250948444279278,0.0253999999976186));
#492=CARTESIAN_POINT('',(-0.00493733774843931,-0.0247911649035619,0.0253999999976186));
#493=CARTESIAN_POINT('',(-0.00612483451926361,-0.0244316487815009,0.0253999999976199));
#494=CARTESIAN_POINT('',(-0.00756631906246707,-0.0238357266318738,0.0253999999976206));
#495=CARTESIAN_POINT('',(-0.00785245240791702,-0.0237091501087452,0.0253999999976208));
#496=CARTESIAN_POINT('',(-0.0084203062329314,-0.023440919935912,0.0253999999976215));
#497=CARTESIAN_POINT('',(-0.00870152638823613,-0.0232994490404481,0.0253999999976217));
#498=CARTESIAN_POINT('',(-0.00952936179231777,-0.0228571287928769,0.0253999999976222));
#499=CARTESIAN_POINT('',(-0.0100631750253896,-0.0225370396681126,0.0253999999976231));
#500=CARTESIAN_POINT('',(-0.0116116857171532,-0.021502961233506,0.0253999999976246));
#501=CARTESIAN_POINT('',(-0.012573970803612,-0.020715881326444,0.025399999997625));
#502=CARTESIAN_POINT('',(-0.0139082167554167,-0.0193830043993096,0.0253999999976295));
#503=CARTESIAN_POINT('',(-0.0143287697341419,-0.0189188468707625,0.0253999999976295));
#504=CARTESIAN_POINT('',(-0.0151183118069007,-0.0179571616630049,0.0253999999976319));
#505=CARTESIAN_POINT('',(-0.0154881134106674,-0.017458818165604,0.0253999999976322));
#506=CARTESIAN_POINT('',(-0.0161781750760204,-0.0164274078645412,0.025399999997635));
#507=CARTESIAN_POINT('',(-0.0164984366703937,-0.0158943421352188,0.0253999999976353));
#508=CARTESIAN_POINT('',(-0.0170883790937952,-0.0147927589863848,0.0253999999976384));
#509=CARTESIAN_POINT('',(-0.0173588344049403,-0.0142217016053003,0.0253999999976392));
#510=CARTESIAN_POINT('',(-0.0180765212052962,-0.012490289360152,0.0253999999976429));
#511=CARTESIAN_POINT('',(-0.0184369263686803,-0.0113028391662262,0.0253999999976455));
#512=CARTESIAN_POINT('',(-0.018741692438826,-0.00977757022270678,0.0253999999976486));
#513=CARTESIAN_POINT('',(-0.0187952928933537,-0.00947045014950638,0.0253999999976491));
#514=CARTESIAN_POINT('',(-0.0188875664026646,-0.00885201508080892,0.0253999999976508));
#515=CARTESIAN_POINT('',(-0.0189262930663168,-0.00854013896410237,0.0253999999976511));
#516=CARTESIAN_POINT('',(-0.0190192128622616,-0.00760186012753599,0.0253999999976536));
#517=CARTESIAN_POINT('',(-0.0190497790856802,-0.00697833350129428,0.0253999999976542));
#518=CARTESIAN_POINT('',(-0.0190504382584804,-0.00511353448161107,0.0253999999976595));
#519=CARTESIAN_POINT('',(-0.0189303481322967,-0.00387798856582907,0.0253999999976626));
#520=CARTESIAN_POINT('',(-0.01862651057672,-0.00234331745044864,0.0253999999976643));
#521=CARTESIAN_POINT('',(-0.0185577752877059,-0.00203606243838182,0.0253999999976653));
#522=CARTESIAN_POINT('',(-0.0184055325064906,-0.00142684510973043,0.0253999999976665));
#523=CARTESIAN_POINT('',(-0.0183221809820685,-0.00112529996606455,0.0253999999976668));
#524=CARTESIAN_POINT('',(-0.0180508553038457,-0.000229677434546892,0.0253999999976698));
#525=CARTESIAN_POINT('',(-0.017841660377377,0.000355408380371833,0.0253999999976697));
#526=CARTESIAN_POINT('',(-0.0173676011036642,0.00150199200690802,0.0253999999976731));
#527=CARTESIAN_POINT('',(-0.0171027360637144,0.0020634895249947,0.0253999999976737));
#528=CARTESIAN_POINT('',(-0.0166631896454391,0.00288783430079276,0.0253999999976754));
#529=CARTESIAN_POINT('',(-0.0165096202369396,0.00315962702994352,0.0253999999976762));
#530=CARTESIAN_POINT('',(-0.0161881339369408,0.00369713323554192,0.0253999999976766));
#531=CARTESIAN_POINT('',(-0.0160197209548833,0.00396355578005262,0.0253999999976778));
#532=CARTESIAN_POINT('',(-0.0151491301915559,0.0052681164961553,0.0253999999976786));
#533=CARTESIAN_POINT('',(-0.0143608258514667,0.00622822526430168,0.0253999999976824));
#534=CARTESIAN_POINT('',(-0.0130447624400133,0.0075468455194215,0.0253999999976838));
#535=CARTESIAN_POINT('',(-0.012583645381385,0.00796598159399861,0.0253999999976851));
#536=CARTESIAN_POINT('',(-0.0118573637353749,0.00856320439379364,0.0253999999976859));
#537=CARTESIAN_POINT('',(-0.0116089589458508,0.00875737515826259,0.0253999999976862));
#538=CARTESIAN_POINT('',(-0.0111057546934353,0.00913105050291234,0.025399999997687));
#539=CARTESIAN_POINT('',(-0.010850441416981,0.00931101802015551,0.0253999999976873));
#540=CARTESIAN_POINT('',(-0.00955564357654466,0.010177105168693,0.0253999999976885));
#541=CARTESIAN_POINT('',(-0.0084619839658965,0.0107629348769833,0.0253999999976892));
#542=CARTESIAN_POINT('',(-0.00702248031112239,0.0113611397462951,0.0253999999976908));
#543=CARTESIAN_POINT('',(-0.00673092562084885,0.0114740164380521,0.0253999999976909));
#544=CARTESIAN_POINT('',(-0.00614037020307119,0.0116859855694697,0.0253999999976912));
#545=CARTESIAN_POINT('',(-0.00584120208090486,0.011785073700197,0.0253999999976915));
#546=CARTESIAN_POINT('',(-0.00494248568832861,0.0120583267722697,0.0253999999976916));
#547=CARTESIAN_POINT('',(-0.00433845184718765,0.0122097883390147,0.0253999999976914));
#548=CARTESIAN_POINT('',(-0.00251205879123935,0.0125744204928012,0.0253999999976939));
#549=CARTESIAN_POINT('',(-0.00127554645169534,0.0126987077510521,0.0253999999976913));
#550=CARTESIAN_POINT('',(0.000294576969316955,0.0127003106550927,0.0253999999976932));
#551=CARTESIAN_POINT('',(0.00060926161517234,0.0126928247943653,0.0253999999976926));
#552=CARTESIAN_POINT('',(0.00123423098721573,0.0126625497958365,0.025399999997693));
#553=CARTESIAN_POINT('',(0.00154532899971764,0.0126397685948372,0.0253999999976931));
#554=CARTESIAN_POINT('',(0.00247452805948023,0.0125488524194165,0.0253999999976918));
#555=CARTESIAN_POINT('',(0.00308854376417755,0.0124581979841475,0.0253999999976925));
#556=CARTESIAN_POINT('',(0.00430577975932013,0.0122173820087117,0.0253999999976921));
#557=CARTESIAN_POINT('',(0.0049090002938253,0.0120672218138633,0.0253999999976919));
#558=CARTESIAN_POINT('',(0.00580557887934637,0.0117964931794175,0.0253999999976913));
#559=CARTESIAN_POINT('',(0.00610306058609416,0.0116986553927245,0.0253999999976917));
#560=CARTESIAN_POINT('',(0.00669521093639877,0.011487473490216,0.0253999999976905));
#561=CARTESIAN_POINT('',(0.00698840203634761,0.0113746285401991,0.025399999997691));
#562=CARTESIAN_POINT('',(0.00843286932661302,0.0107775431075035,0.0253999999976886));
#563=CARTESIAN_POINT('',(0.00952772065377663,0.0101930369834836,0.0253999999976889));
#564=CARTESIAN_POINT('',(0.0110803505816635,0.00915854891289395,0.0253999999976869));
#565=CARTESIAN_POINT('',(0.0115829555655196,0.00878715725365711,0.0253999999976864));
#566=CARTESIAN_POINT('',(0.0125565441064699,0.00798986016204092,0.0253999999976849));
#567=CARTESIAN_POINT('',(0.0130195589773315,0.00757049824815166,0.0253999999976849));
#568=CARTESIAN_POINT('',(0.014339738347519,0.00625242650444289,0.0253999999976804));
#569=CARTESIAN_POINT('',(0.0151286816123226,0.00529429164437611,0.0253999999976811));
#570=CARTESIAN_POINT('',(0.0159989744339173,0.00399567877355513,0.0253999999976773));
#571=CARTESIAN_POINT('',(0.016167485504333,0.00373036109348775,0.0253999999976772));
#572=CARTESIAN_POINT('',(0.0164911936336221,0.00319158267010597,0.0253999999976758));
#573=CARTESIAN_POINT('',(0.0166457325611369,0.00291927825333403,0.0253999999976755));
#574=CARTESIAN_POINT('',(0.0170878475380077,0.00209379617209994,0.0253999999976736));
#575=CARTESIAN_POINT('',(0.0173539727801642,0.00153207000046955,0.0253999999976719));
#576=CARTESIAN_POINT('',(0.0178300475302356,0.000386230683044497,0.0253999999976711));
#577=CARTESIAN_POINT('',(0.0180399958724434,-0.000197882927309012,0.0253999999976698));
#578=CARTESIAN_POINT('',(0.0183123577192173,-0.00109101448372748,0.0253999999976668));
#579=CARTESIAN_POINT('',(0.0183960390156334,-0.00139155685731165,0.0253999999976664));
#580=CARTESIAN_POINT('',(0.0185489610504148,-0.00199839640954419,0.0253999999976656));
#581=CARTESIAN_POINT('',(0.0186183297763296,-0.00230536973942288,0.0253999999976648));
#582=CARTESIAN_POINT('',(0.0189264940414056,-0.00384597826989051,0.0253999999976608));
#583=CARTESIAN_POINT('',(0.0190500000006813,-0.00509146419739681,0.0253999999976619));
#584=CARTESIAN_POINT('',(0.0190499999995002,-0.00760853580045777,0.0253999999976501));
#585=CARTESIAN_POINT('',(0.0118069960244571,-0.0920137099246808,0.21401552897021));
#586=CARTESIAN_POINT('',(0.0117901780395878,-0.0935726541956667,0.21445348716999));
#587=CARTESIAN_POINT('',(0.0117155581172445,-0.0943375373410371,0.214669521639414));
#588=CARTESIAN_POINT('',(0.0115064345941457,-0.0954719701297567,0.214985636099478));
#589=CARTESIAN_POINT('',(0.0114203491438811,-0.0958479231031796,0.215089687060348));
#590=CARTESIAN_POINT('',(0.0112653581641327,-0.0964092799333224,0.215243376730539));
#591=CARTESIAN_POINT('',(0.0112092681646169,-0.0965962874113853,0.215294295700596));
#592=CARTESIAN_POINT('',(0.0110885647282333,-0.0969680892535155,0.215394888070844));
#593=CARTESIAN_POINT('',(0.0110242433531686,-0.0971520347357519,0.215444332750038));
#594=CARTESIAN_POINT('',(0.0106827839718102,-0.0980623650570057,0.215687302135331));
#595=CARTESIAN_POINT('',(0.0103466548027583,-0.0987610780923569,0.215868070740618));
#596=CARTESIAN_POINT('',(0.00984173716865971,-0.0995981650805255,0.216077036388371));
#597=CARTESIAN_POINT('',(0.00973648089432514,-0.0997637353108352,0.216117979244735));
#598=CARTESIAN_POINT('',(0.00951712969681073,-0.100091069726673,0.216198161301058));
#599=CARTESIAN_POINT('',(0.00940271744563319,-0.100253252774981,0.216237500738567));
#600=CARTESIAN_POINT('',(0.0090481645991929,-0.100730566171176,0.216352169056575));
#601=CARTESIAN_POINT('',(0.00879755650173757,-0.101035573562168,0.216423943882456));
#602=CARTESIAN_POINT('',(0.00800296670377453,-0.101911073313106,0.216626221513037));
#603=CARTESIAN_POINT('',(0.00741647573291995,-0.102442481683505,0.21674377158841));
#604=CARTESIAN_POINT('',(0.00660844831139582,-0.103034775317393,0.216870890356029));
#605=CARTESIAN_POINT('',(0.0064426025411439,-0.103149895925666,0.216895377588537));
#606=CARTESIAN_POINT('',(0.00610630071355954,-0.103370571747317,0.216941951801688));
#607=CARTESIAN_POINT('',(0.00593575149391323,-0.103476237281086,0.216964063874544));
#608=CARTESIAN_POINT('',(0.00541706596572438,-0.103779282681277,0.217027028117994));
#609=CARTESIAN_POINT('',(0.00506190016617862,-0.103962740228031,0.217064518134884));
#610=CARTESIAN_POINT('',(0.00433344577997421,-0.104292131569027,0.21713109145434));
#611=CARTESIAN_POINT('',(0.00396015749377319,-0.104438065907563,0.217160174402182));
#612=CARTESIAN_POINT('',(0.00338689932378529,-0.104627838352658,0.217197683449766));
#613=CARTESIAN_POINT('',(0.00319359016066226,-0.104686233666973,0.217209164847365));
#614=CARTESIAN_POINT('',(0.00280254228728929,-0.104793041634993,0.217230086419887));
#615=CARTESIAN_POINT('',(0.00260438312079203,-0.104841521654049,0.217239539578806));
#616=CARTESIAN_POINT('',(0.00161309430836817,-0.105056091885402,0.21728125634574));
#617=CARTESIAN_POINT('',(0.000811891465394819,-0.105141502965546,0.217297530208398));
#618=CARTESIAN_POINT('',(-0.000396110262236485,-0.105142199954194,0.217297663916876));
#619=CARTESIAN_POINT('',(-0.00079981683642276,-0.105121075002441,0.21729361845971));
#620=CARTESIAN_POINT('',(-0.00140621796069119,-0.105056474381611,0.217281184322057));
#621=CARTESIAN_POINT('',(-0.00160860775380098,-0.105029391551592,0.217275964884134));
#622=CARTESIAN_POINT('',(-0.00200905236213101,-0.104964860577106,0.21726349184316));
#623=CARTESIAN_POINT('',(-0.00220767207367703,-0.104927364814236,0.217256229078467));
#624=CARTESIAN_POINT('',(-0.00319260780677189,-0.104714305509926,0.217214806746422));
#625=CARTESIAN_POINT('',(-0.00395456298025712,-0.104462596106947,0.217165528498074));
#626=CARTESIAN_POINT('',(-0.00487081597237223,-0.104049351547856,0.217082026915302));
#627=CARTESIAN_POINT('',(-0.00505224899682448,-0.103961735093154,0.217064218341358));
#628=CARTESIAN_POINT('',(-0.00541135408940025,-0.103776488292009,0.217026286798357));
#629=CARTESIAN_POINT('',(-0.00558870653074375,-0.1036789858609,0.217006188896061));
#630=CARTESIAN_POINT('',(-0.00610926731999426,-0.103374888852326,0.216943007313699));
#631=CARTESIAN_POINT('',(-0.00644288655714919,-0.103155781376205,0.216896848792177));
#632=CARTESIAN_POINT('',(-0.00740437181663998,-0.102452048416093,0.216745848497598));
#633=CARTESIAN_POINT('',(-0.00799306724784102,-0.101921472118116,0.216628601180701));
#634=CARTESIAN_POINT('',(-0.00879734594442368,-0.10103605745602,0.216424067021609));
#635=CARTESIAN_POINT('',(-0.00904872021492415,-0.100729674965997,0.216351948348479));
#636=CARTESIAN_POINT('',(-0.00951719675049334,-0.100099278353126,0.216200516955344));
#637=CARTESIAN_POINT('',(-0.00973478876117563,-0.0997747229360344,0.21612107875096));
#638=CARTESIAN_POINT('',(-0.0101381120914846,-0.0991075400566664,0.215954591082078));
#639=CARTESIAN_POINT('',(-0.0103238444061798,-0.0987649146882589,0.215867541151575));
#640=CARTESIAN_POINT('',(-0.0106641308952218,-0.0980613608538666,0.215685602701155));
#641=CARTESIAN_POINT('',(-0.0108191244430911,-0.0976988477093345,0.215590277523158));
#642=CARTESIAN_POINT('',(-0.0112291896124195,-0.0966057158043982,0.21529852078112));
#643=CARTESIAN_POINT('',(-0.0114334669164755,-0.0958639043872883,0.215094820135054));
#644=CARTESIAN_POINT('',(-0.0116090485229484,-0.0949162554747227,0.21483079110614));
#645=CARTESIAN_POINT('',(-0.0116401280117456,-0.0947256845919624,0.214777516690569));
#646=CARTESIAN_POINT('',(-0.0116941781276872,-0.0943422710913274,0.2146700887742));
#647=CARTESIAN_POINT('',(-0.0117171815400068,-0.0941490810508636,0.214615837592141));
#648=CARTESIAN_POINT('',(-0.0117736213353616,-0.0935681074198803,0.214452514055242));
#649=CARTESIAN_POINT('',(-0.0117942695013918,-0.0931823364671693,0.214343836384377));
#650=CARTESIAN_POINT('',(-0.011807085187897,-0.0920273849574933,0.214019366423729));
#651=CARTESIAN_POINT('',(-0.0117508221399727,-0.0912604729660758,0.213805154739002));
#652=CARTESIAN_POINT('',(-0.0115945691928674,-0.0902992276917341,0.213543042866411));
#653=CARTESIAN_POINT('',(-0.0115588544870867,-0.090106343161951,0.213490764334244));
#654=CARTESIAN_POINT('',(-0.0114789475786803,-0.0897228980108186,0.213387564296865));
#655=CARTESIAN_POINT('',(-0.0114348389125293,-0.0895326027740071,0.213336712173854));
#656=CARTESIAN_POINT('',(-0.0112900454270305,-0.0889657732863887,0.213186421492366));
#657=CARTESIAN_POINT('',(-0.0111769254403799,-0.0885932723080056,0.213089249363748));
#658=CARTESIAN_POINT('',(-0.0109166564748965,-0.0878584180261385,0.212901048655283));
#659=CARTESIAN_POINT('',(-0.0107695060952741,-0.0874960657228047,0.212810019752471));
#660=CARTESIAN_POINT('',(-0.010521852468683,-0.0869602265650393,0.212678144377533));
#661=CARTESIAN_POINT('',(-0.0104348054299319,-0.0867829006114382,0.212634963792238));
#662=CARTESIAN_POINT('',(-0.0102513877860168,-0.0864309036280655,0.212550167875949));
#663=CARTESIAN_POINT('',(-0.01015472912923,-0.0862557630839826,0.212508443045364));
#664=CARTESIAN_POINT('',(-0.00965188744681955,-0.0853949386731965,0.212305612015482));
#665=CARTESIAN_POINT('',(-0.00918670826781813,-0.0847508638346712,0.212161153501088));
#666=CARTESIAN_POINT('',(-0.00839148899281511,-0.0838546760427128,0.211968060417335));
#667=CARTESIAN_POINT('',(-0.00811010174630762,-0.0835677096062389,0.21190764592453));
#668=CARTESIAN_POINT('',(-0.00766246560798854,-0.0831562661365454,0.211822726542443));
#669=CARTESIAN_POINT('',(-0.00750865479172511,-0.0830220464292526,0.211795323027042));
#670=CARTESIAN_POINT('',(-0.00719566212412408,-0.0827629716565426,0.211742939321337));
#671=CARTESIAN_POINT('',(-0.00703616651317371,-0.0826377994427835,0.211717892491247));
#672=CARTESIAN_POINT('',(-0.00622393588475077,-0.082033749706283,0.211598115683442));
#673=CARTESIAN_POINT('',(-0.00552717146298554,-0.0816197351645084,0.211519579294236));
#674=CARTESIAN_POINT('',(-0.00459908215404717,-0.0811943315373174,0.211440592171722));
#675=CARTESIAN_POINT('',(-0.00441059315463532,-0.0811138925650014,0.211425764951224));
#676=CARTESIAN_POINT('',(-0.00402785189483184,-0.080962588748224,0.211398034950092));
#677=CARTESIAN_POINT('',(-0.00383348780859637,-0.0808917263086573,0.211385133039798));
#678=CARTESIAN_POINT('',(-0.00324837026161637,-0.0806960387017858,0.211349678011639));
#679=CARTESIAN_POINT('',(-0.00285347320489983,-0.0805871891297102,0.211330200149097));
#680=CARTESIAN_POINT('',(-0.00165608377173964,-0.0803247473128639,0.211283489138431));
#681=CARTESIAN_POINT('',(-0.000840947141402017,-0.0802347572247818,0.211267811966512));
#682=CARTESIAN_POINT('',(0.000194209828988277,-0.0802335988576051,0.211267608769541));
#683=CARTESIAN_POINT('',(0.000401677569428256,-0.0802390093537869,0.211268557414769));
#684=CARTESIAN_POINT('',(0.000813570632932355,-0.0802608827631586,0.21127239776536));
#685=CARTESIAN_POINT('',(0.00101853218657076,-0.0802773399111866,0.211275288478067));
#686=CARTESIAN_POINT('',(0.00163029841029197,-0.08034297680155,0.211286843591688));
#687=CARTESIAN_POINT('',(0.00203398897020697,-0.080408391442183,0.211298380654312));
#688=CARTESIAN_POINT('',(0.00283209146565211,-0.0805817296285149,0.211329224624683));
#689=CARTESIAN_POINT('',(0.00322650433407761,-0.0806896530634329,0.211348530968152));
#690=CARTESIAN_POINT('',(0.00381032470617911,-0.0808835554620653,0.211383648095932));
#691=CARTESIAN_POINT('',(0.00400363042133529,-0.0809535334549734,0.211396382755229));
#692=CARTESIAN_POINT('',(0.00438748253148046,-0.08110429711701,0.211423999819228));
#693=CARTESIAN_POINT('',(0.00457706917022783,-0.0811847255752278,0.211438817336602));
#694=CARTESIAN_POINT('',(0.005508556075383,-0.0816093975665106,0.211517627196173));
#695=CARTESIAN_POINT('',(0.0062062218693769,-0.0820225351713066,0.211595959423696));
#696=CARTESIAN_POINT('',(0.00718048411509923,-0.0827441878954302,0.211738955871744));
#697=CARTESIAN_POINT('',(0.0074932181010203,-0.0830019034839877,0.211790916989678));
#698=CARTESIAN_POINT('',(0.0080935099983038,-0.0835513297990539,0.211904218255055));
#699=CARTESIAN_POINT('',(0.00837615738934702,-0.0838385226220066,0.211964632497749));
#700=CARTESIAN_POINT('',(0.00917416349785543,-0.0847345656406777,0.212157541033577));
#701=CARTESIAN_POINT('',(0.00963988100059063,-0.0853774575525798,0.212301637991796));
#702=CARTESIAN_POINT('',(0.0101427915367034,-0.0862346149560922,0.212503426454959));
#703=CARTESIAN_POINT('',(0.0102395580812875,-0.0864090866940957,0.212544951964075));
#704=CARTESIAN_POINT('',(0.0104243360479009,-0.0867620242929972,0.212629899455137));
#705=CARTESIAN_POINT('',(0.0105119748345513,-0.0869397351347201,0.212673138000241));
#706=CARTESIAN_POINT('',(0.0107611943440654,-0.0874764620442214,0.212805127445706));
#707=CARTESIAN_POINT('',(0.0109091107538755,-0.0878390508525728,0.212896152759629));
#708=CARTESIAN_POINT('',(0.0111706099226365,-0.0885736033573562,0.213084151187526));
#709=CARTESIAN_POINT('',(0.0112841929005763,-0.0889455666945006,0.213181124678063));
#710=CARTESIAN_POINT('',(0.0114296230458974,-0.0895109425284572,0.213330941201888));
#711=CARTESIAN_POINT('',(0.0114739341907611,-0.0897006450949522,0.213381605869068));
#712=CARTESIAN_POINT('',(0.0115542553260381,-0.0900826734130415,0.21348436666103));
#713=CARTESIAN_POINT('',(0.0115903309366192,-0.0902754222978453,0.213536578439867));
#714=CARTESIAN_POINT('',(0.0117489559939985,-0.0912405598849041,0.213799625124907));
#715=CARTESIAN_POINT('',(0.0118069960244571,-0.0920137099246808,0.21401552897021));
#716=CARTESIAN_POINT('',(0.0117901780395878,-0.0935726541956667,0.21445348716999));
#717=CARTESIAN_POINT('',(-0.0113384085324493,-0.0898561207263861,0.197203842120333));
#718=CARTESIAN_POINT('',(-0.0115345913285759,-0.0893780127965498,0.197014441224777));
#719=CARTESIAN_POINT('',(-0.011892243105087,-0.088401920269026,0.196688843708203));
#720=CARTESIAN_POINT('',(-0.0123059042242711,-0.086824662274924,0.196431250431421));
#721=CARTESIAN_POINT('',(-0.0125177512023645,-0.0851660345288548,0.196560940454875));
#722=CARTESIAN_POINT('',(-0.0124135145966681,-0.0836140610816577,0.197239827569528));
#723=CARTESIAN_POINT('',(-0.0120081571401385,-0.0824167599572286,0.198337035328391));
#724=CARTESIAN_POINT('',(-0.0112124468391357,-0.0812620038338192,0.200051652011475));
#725=CARTESIAN_POINT('',(-0.00991821102755553,-0.0804121710247708,0.20234352009371));
#726=CARTESIAN_POINT('',(-0.00805807349160157,-0.0798893890951487,0.205008460082994));
#727=CARTESIAN_POINT('',(-0.0058766440777528,-0.0796745107551431,0.207458836707977));
#728=CARTESIAN_POINT('',(-0.00368833276231652,-0.0796560025137791,0.209158028130372));
#729=CARTESIAN_POINT('',(-0.00163267402606463,-0.0796732808829862,0.210004582293329));
#730=CARTESIAN_POINT('',(0.000580624774649407,-0.0796845148189748,0.210317827737958));
#731=CARTESIAN_POINT('',(0.00330077995614946,-0.0796529432339803,0.209475916778087));
#732=CARTESIAN_POINT('',(0.00587101525198215,-0.0796745884239848,0.207457772178072));
#733=CARTESIAN_POINT('',(0.00806575442003675,-0.079890087623092,0.205001594282535));
#734=CARTESIAN_POINT('',(0.00992283172151183,-0.0804147981227073,0.202334580294761));
#735=CARTESIAN_POINT('',(0.0112081956586401,-0.0812606395823522,0.200058844278309));
#736=CARTESIAN_POINT('',(0.0120026001278271,-0.0824047759920094,0.198350455786962));
#737=CARTESIAN_POINT('',(0.01241194729648,-0.0836077578507175,0.197244821059689));
#738=CARTESIAN_POINT('',(0.0125178919987342,-0.0851409850476134,0.196568106456853));
#739=CARTESIAN_POINT('',(0.012311747758562,-0.0867973299089917,0.196429717510912));
#740=CARTESIAN_POINT('',(0.0118978625625101,-0.0883853515677391,0.196683087261794));
#741=CARTESIAN_POINT('',(0.01153465450543,-0.0893772742265794,0.197012063502763));
#742=CARTESIAN_POINT('',(0.0113381256446045,-0.0898569142039328,0.197203473821133));
#743=CARTESIAN_POINT('',(-0.0113384085324493,-0.0898561207263861,0.197203842120333));
#744=CARTESIAN_POINT('',(0.0113381256446045,-0.0898569142039329,0.197203473821133));
#745=CARTESIAN_POINT('',(0.0113381256446045,-0.0898569142039329,0.197203473821133));
#746=CARTESIAN_POINT('',(0.0107178816351123,-0.0913706553481947,0.19780756373864));
#747=CARTESIAN_POINT('',(0.00985765074116628,-0.0927873868877987,0.198339922238826));
#748=CARTESIAN_POINT('',(0.00872511858240991,-0.0940298309945265,0.198779130404382));
#749=CARTESIAN_POINT('',(0.00872511858240989,-0.0940298309945265,0.198779130404382));
#750=CARTESIAN_POINT('',(0.00872511858240989,-0.0940298309945265,0.198779130404382));
#751=CARTESIAN_POINT('',(0.00816162274140093,-0.0946480139586164,0.198997660158893));
#752=CARTESIAN_POINT('',(0.00695520265478876,-0.0957868698820332,0.199496236266513));
#753=CARTESIAN_POINT('',(0.00491041372493447,-0.0971646901209522,0.200249797886655));
#754=CARTESIAN_POINT('',(0.00257426916503079,-0.0981379752636229,0.200862648363151));
#755=CARTESIAN_POINT('',(-1.80885179458723E-5,-0.0985033079164754,0.201110128594368));
#756=CARTESIAN_POINT('',(-0.00258093218568448,-0.0981341691036798,0.200860239046271));
#757=CARTESIAN_POINT('',(-0.0049227925044884,-0.0971594249308555,0.200246403855197));
#758=CARTESIAN_POINT('',(-0.00697055758933252,-0.095773178890658,0.199489623012707));
#759=CARTESIAN_POINT('',(-0.0081617246822083,-0.0946479057563449,0.198997648387031));
#760=CARTESIAN_POINT('',(-0.00872515326033233,-0.0940298005687309,0.198779144170692));
#761=CARTESIAN_POINT('',(-0.00872515326033236,-0.0940298005687309,0.198779144170693));
#762=CARTESIAN_POINT('',(-0.00872515326033222,-0.0940298005687309,0.198779144170692));
#763=CARTESIAN_POINT('',(-0.00984500478059252,-0.0928012756750611,0.198344852605885));
#764=CARTESIAN_POINT('',(-0.0107179352084241,-0.0913682472855218,0.197802866120192));
#765=CARTESIAN_POINT('',(-0.0113384085324493,-0.089856120726386,0.197203842120333));
#766=CARTESIAN_POINT('',(0.00643175347968934,-0.0267960165469659,0.0314838093861169));
#767=CARTESIAN_POINT('',(0.00727643983372812,-0.0266639652036596,0.0319068357420849));
#768=CARTESIAN_POINT('',(0.00889775843281271,-0.0263196206262154,0.0328268551662871));
#769=CARTESIAN_POINT('',(0.0112602232581082,-0.0253294422905113,0.0340433343355615));
#770=CARTESIAN_POINT('',(0.0135371993395786,-0.0236655105719101,0.0348773476623127));
#771=CARTESIAN_POINT('',(0.01542324945364,-0.021442224953856,0.0351217235452238));
#772=CARTESIAN_POINT('',(0.0168287600360118,-0.0189586857276108,0.0349213467987983));
#773=CARTESIAN_POINT('',(0.0181689931212701,-0.0154051477609067,0.0342529128203102));
#774=CARTESIAN_POINT('',(0.0186220328169201,-0.0126799471913108,0.0335201501347864));
#775=CARTESIAN_POINT('',(0.0187310952732527,-0.0108482683927332,0.0329551844272353));
#776=CARTESIAN_POINT('',(0.00643175347968934,-0.0267960165469659,0.0314838093861169));
#777=CARTESIAN_POINT('',(0.0187310952732527,-0.0108482683927332,0.0329551844272353));
#778=CARTESIAN_POINT('',(0.0187310952732527,-0.0108482683927332,0.0329551844272353));
#779=CARTESIAN_POINT('',(0.0188164546474133,-0.00941467739205795,0.0325130055066383));
#780=CARTESIAN_POINT('',(0.0187619533917867,-0.00729308153028787,0.0317730314743848));
#781=CARTESIAN_POINT('',(0.0184014770658409,-0.00454514765624285,0.0306126258486903));
#782=CARTESIAN_POINT('',(0.0180082232232242,-0.00254749250999606,0.0296737147129855));
#783=CARTESIAN_POINT('',(0.0175855371126366,-0.000921422068958541,0.0288382864113855));
#784=CARTESIAN_POINT('',(0.017195453543709,0.000350861926203041,0.0281469587834088));
#785=CARTESIAN_POINT('',(0.0168780898695334,0.00129028188632803,0.0276178518431838));
#786=CARTESIAN_POINT('',(0.0165357472902511,0.00221618720172395,0.0270800625500752));
#787=CARTESIAN_POINT('',(0.0162302537110959,0.00297669830543274,0.0266240255999726));
#788=CARTESIAN_POINT('',(0.0159734504905298,0.00357830386779032,0.0262563034930262));
#789=CARTESIAN_POINT('',(0.0158083613708935,0.00395098896048613,0.0260246563621856));
#790=CARTESIAN_POINT('',(0.0156726394146976,0.00424788469976162,0.0258393878179325));
#791=CARTESIAN_POINT('',(0.0155705477760934,0.00446862997911305,0.0256989145137463));
#792=CARTESIAN_POINT('',(0.0154816848654538,0.00465444908541188,0.0255831825307361));
#793=CARTESIAN_POINT('',(0.0154171985182497,0.00479587679635997,0.0254842448937577));
#794=CARTESIAN_POINT('',(0.0153750668625918,0.00487674074465542,0.0254401465171019));
#795=CARTESIAN_POINT('',(0.0153730248109761,0.00490062016595244,0.0253999891970159));
#796=CARTESIAN_POINT('',(0.0153776557640571,0.00489608835670297,0.0253965480612997));
#797=CARTESIAN_POINT('',(3.10515502199849E-16,-0.00635000000000029,0.0254));
#798=CARTESIAN_POINT('',(0.0146320913151916,0.00584927934579922,0.0253999999997101));
#799=CARTESIAN_POINT('',(3.10515502199849E-16,-0.00635000000000029,0.0254));
#800=CARTESIAN_POINT('',(0.0132245703323498,0.0073618342537305,0.025399999998842));
#801=CARTESIAN_POINT('',(3.10515502199849E-16,-0.00635000000000029,0.0254));
#802=CARTESIAN_POINT('',(-0.0132245688494411,0.00736183266878213,0.0253999999988418));
#803=CARTESIAN_POINT('',(3.10515502199849E-16,-0.00635000000000029,0.0254));
#804=CARTESIAN_POINT('',(-0.0146320955923539,0.00584928192604829,0.0253999999997101));
#805=CARTESIAN_POINT('',(3.10515502199849E-16,-0.00635000000000029,0.0254));
#806=CARTESIAN_POINT('',(-0.0153789169633325,0.00489444563523033,0.025396414898269));
#807=CARTESIAN_POINT('',(-0.0153741131033899,0.0048991459159531,0.0253999891970021));
#808=CARTESIAN_POINT('',(-0.015376182526889,0.00487504014477402,0.02544050453332));
#809=CARTESIAN_POINT('',(-0.0154178134172291,0.00479483403614087,0.0254846368086663));
#810=CARTESIAN_POINT('',(-0.0154823473651677,0.00465321194597277,0.0255838018374221));
#811=CARTESIAN_POINT('',(-0.0155710613645655,0.004467580077919,0.0256995388488213));
#812=CARTESIAN_POINT('',(-0.0156731181464865,0.00424684196503378,0.0258400616340419));
#813=CARTESIAN_POINT('',(-0.0158087607108412,0.00395002461787174,0.0260253504032308));
#814=CARTESIAN_POINT('',(-0.0159737669799084,0.00357742225357693,0.0262570278859508));
#815=CARTESIAN_POINT('',(-0.0162306492861281,0.00297588903470345,0.0266243094974529));
#816=CARTESIAN_POINT('',(-0.0165360416356624,0.00221537991386498,0.0270805985397443));
#817=CARTESIAN_POINT('',(-0.0168784112829149,0.00128937044157615,0.0276183761420395));
#818=CARTESIAN_POINT('',(-0.017195754123285,0.000349947975563325,0.028147437595382));
#819=CARTESIAN_POINT('',(-0.0175857352323671,-0.000922185888836452,0.0288387415858252));
#820=CARTESIAN_POINT('',(-0.018008323860075,-0.00254795227852176,0.0296738981068538));
#821=CARTESIAN_POINT('',(-0.018401473422581,-0.00454519922809252,0.0306127567794643));
#822=CARTESIAN_POINT('',(-0.0187618790411893,-0.00729273359791451,0.031772579091862));
#823=CARTESIAN_POINT('',(-0.0188164961701718,-0.00941348452335144,0.0325137429286899));
#824=CARTESIAN_POINT('',(-0.0187310309635889,-0.0108469012803798,0.0329556531598987));
#825=CARTESIAN_POINT('',(-0.0187310309635889,-0.0108469012803798,0.0329556531598988));
#826=CARTESIAN_POINT('',(-0.0187310309635889,-0.0108469012803799,0.0329556531598988));
#827=CARTESIAN_POINT('',(-0.0186221361101945,-0.0126732785144694,0.0335187097739881));
#828=CARTESIAN_POINT('',(-0.0181770993560801,-0.0153745293854073,0.0342454770289427));
#829=CARTESIAN_POINT('',(-0.016841485171639,-0.0189279046483662,0.0349166258059433));
#830=CARTESIAN_POINT('',(-0.0154558453340895,-0.0213948623293497,0.035121417629831));
#831=CARTESIAN_POINT('',(-0.0135735221769842,-0.0236276337341793,0.0348846471062341));
#832=CARTESIAN_POINT('',(-0.0113437515067657,-0.0252826390592592,0.0340812059722652));
#833=CARTESIAN_POINT('',(-0.00892580162149345,-0.0263160522863741,0.0328439935959053));
#834=CARTESIAN_POINT('',(-0.00728305504764345,-0.0266630522303065,0.0319104811475641));
#835=CARTESIAN_POINT('',(-0.00643073598231538,-0.026796392921925,0.0314835945841806));
#836=CARTESIAN_POINT('',(-0.00643073598231539,-0.026796392921925,0.0314835945841806));
#837=CARTESIAN_POINT('',(-0.00643073598231534,-0.026796392921925,0.0314835945841806));
#838=CARTESIAN_POINT('',(-0.0054315370938759,-0.0269527121646462,0.0309831428203116));
#839=CARTESIAN_POINT('',(-0.0033918000069584,-0.0271367422489325,0.0300876151428973));
#840=CARTESIAN_POINT('',(-2.12581563838134E-5,-0.0272041328427033,0.0294923271360482));
#841=CARTESIAN_POINT('',(0.00335901457893264,-0.0271392925762701,0.0300746915869539));
#842=CARTESIAN_POINT('',(0.00542806997827697,-0.0269529242014843,0.0309811558602047));
#843=CARTESIAN_POINT('',(0.00643175347968934,-0.026796016546966,0.031483809386117));
#844=CARTESIAN_POINT('',(-0.0156623058640012,0.0047631057823711,0.0248900546128002));
#845=CARTESIAN_POINT('',(-0.0157280403623134,0.00458106998307182,0.0250557072672576));
#846=CARTESIAN_POINT('',(-0.0158037352791811,0.00440623579978886,0.0252248289581783));
#847=CARTESIAN_POINT('',(-0.0156299076841516,0.00478150460581832,0.0249436505896481));
#848=CARTESIAN_POINT('',(-0.0156890604846969,0.00461862277302798,0.0250921199569535));
#849=CARTESIAN_POINT('',(-0.0157560787412945,0.00446144895227487,0.0252433738294011));
#850=CARTESIAN_POINT('',(-0.0155655351165668,0.0048174799998481,0.0250498365557332));
#851=CARTESIAN_POINT('',(-0.0156116065118121,0.00469238259177281,0.0251640060813409));
#852=CARTESIAN_POINT('',(-0.015662024381861,0.00457046807051646,0.0252797710446022));
#853=CARTESIAN_POINT('',(-0.0154804703299865,0.00486442972904801,0.0251870578705743));
#854=CARTESIAN_POINT('',(-0.0155090696916053,0.00478810036956297,0.025256582639222));
#855=CARTESIAN_POINT('',(-0.0155392542480878,0.00471293454845992,0.025326702283998));
#856=CARTESIAN_POINT('',(-0.0154203791944336,0.00489401917058324,0.0252891175722616));
#857=CARTESIAN_POINT('',(-0.0154369890789276,0.00485269419073151,0.0253243147758664));
#858=CARTESIAN_POINT('',(-0.0154539798465207,0.0048116502889843,0.0253596589812474));
#859=CARTESIAN_POINT('',(-0.0153546537255061,0.00492748958033803,0.0253967491821228));
#860=CARTESIAN_POINT('',(-0.0153579222704582,0.00492350946356837,0.0253959428688509));
#861=CARTESIAN_POINT('',(-0.0153610485422817,0.00491942574098079,0.0253950820879247));
#862=CARTESIAN_POINT('',(-0.0154065335786558,0.0048168519634799,0.0254721883551416));
#863=CARTESIAN_POINT('',(-0.0154312915145776,0.00480922307243083,0.0254220154381104));
#864=CARTESIAN_POINT('',(-0.0154564238459362,0.00480187069896734,0.02537198739185));
#865=CARTESIAN_POINT('',(-0.0154541861218404,0.00471399571662699,0.025542590795963));
#866=CARTESIAN_POINT('',(-0.01549863146016,0.00470295295291009,0.0254463582271842));
#867=CARTESIAN_POINT('',(-0.0155446424082227,0.00469305483812313,0.0253507389950088));
#868=CARTESIAN_POINT('',(-0.0155225928448355,0.00457011009864891,0.0256346204996358));
#869=CARTESIAN_POINT('',(-0.015594527276863,0.00455237260039764,0.0254763617098694));
#870=CARTESIAN_POINT('',(-0.0156707522313321,0.00453775414101129,0.0253198014812127));
#871=CARTESIAN_POINT('',(-0.0156265774082591,0.00434781146577801,0.0257764377720876));
#872=CARTESIAN_POINT('',(-0.0157400040246647,0.00431929690719127,0.0255221910741146));
#873=CARTESIAN_POINT('',(-0.0158646051944106,0.00429881299602841,0.0252724418448073));
#874=CARTESIAN_POINT('',(-0.0157565146428326,0.00406561725540559,0.0259534200821538));
#875=CARTESIAN_POINT('',(-0.0159208621611208,0.00402226444080299,0.025578012194142));
#876=CARTESIAN_POINT('',(-0.0161097671934843,0.00399633487891262,0.0252126847399619));
#877=CARTESIAN_POINT('',(-0.0159077368047062,0.00372720232888919,0.026164065343945));
#878=CARTESIAN_POINT('',(-0.0161307631628881,0.00366425535907512,0.0256427555737116));
#879=CARTESIAN_POINT('',(-0.0164022522850273,0.0036347861956033,0.0251418629027781));
#880=CARTESIAN_POINT('',(-0.0161049907750225,0.00327301457327054,0.0264435718582216));
#881=CARTESIAN_POINT('',(-0.016403029178808,0.00318203333862583,0.0257262513974851));
#882=CARTESIAN_POINT('',(-0.0167917065646716,0.00315230840744384,0.0250482483664));
#883=CARTESIAN_POINT('',(-0.0164373524746184,0.00247272243787367,0.0269286893677436));
#884=CARTESIAN_POINT('',(-0.0168585608779233,0.00232667225476472,0.0258644890320544));
#885=CARTESIAN_POINT('',(-0.0174709907492394,0.00230758906391191,0.0248868730729567));
#886=CARTESIAN_POINT('',(-0.0168756518076937,0.0013145230876594,0.0276075653246567));
#887=CARTESIAN_POINT('',(-0.0174458896455826,0.0010785264258121,0.0260361691448005));
#888=CARTESIAN_POINT('',(-0.0184309592226338,0.00110196577221189,0.024665188157968));
#889=CARTESIAN_POINT('',(-0.0173416418782222,-9.42039886033011E-5,0.0283951668814311));
#890=CARTESIAN_POINT('',(-0.0180425347481282,-0.000444433389876871,0.0261926291706401));
#891=CARTESIAN_POINT('',(-0.019559690051657,-0.000345403971544499,0.0244166805247079));
#892=CARTESIAN_POINT('',(-0.0177492369300539,-0.00152779075705044,0.0291537173558306));
#893=CARTESIAN_POINT('',(-0.018529890183914,-0.00199012471250001,0.0262932207777416));
#894=CARTESIAN_POINT('',(-0.0206612679760838,-0.00180433405716774,0.0241886852115627));
#895=CARTESIAN_POINT('',(-0.0180923842924909,-0.00297071945801923,0.0298730028409366));
#896=CARTESIAN_POINT('',(-0.0188986587302965,-0.00353203842905492,0.0263324490900196));
#897=CARTESIAN_POINT('',(-0.021715039110719,-0.00326946000500153,0.0239869776522272));
#898=CARTESIAN_POINT('',(-0.0183703200411599,-0.00442222039366021,0.030550211497864));
#899=CARTESIAN_POINT('',(-0.0191469799656055,-0.00505801771832113,0.0263093338919233));
#900=CARTESIAN_POINT('',(-0.0227076992803945,-0.00475184186561431,0.0238147856085516));
#901=CARTESIAN_POINT('',(-0.0186529887901327,-0.00637976613766468,0.0313938328468902));
#902=CARTESIAN_POINT('',(-0.0193191473805197,-0.00708520919457456,0.0262000076771102));
#903=CARTESIAN_POINT('',(-0.0239258734263983,-0.00677796972046611,0.0236292035614319));
#904=CARTESIAN_POINT('',(-0.0188242500454135,-0.00882763797617221,0.0323270734655145));
#905=CARTESIAN_POINT('',(-0.0192113307615679,-0.00950690920980502,0.0259462603575832));
#906=CARTESIAN_POINT('',(-0.0251614178279963,-0.00942894758706593,0.0234934282523461));
#907=CARTESIAN_POINT('',(-0.0187212847868456,-0.0117128800207024,0.0332385324946624));
#908=CARTESIAN_POINT('',(-0.0186418518006815,-0.0121690614025808,0.0256635524558556));
#909=CARTESIAN_POINT('',(-0.025887435598835,-0.012861922769154,0.0234607260256838));
#910=CARTESIAN_POINT('',(-0.0183511857330302,-0.0141168008926204,0.033884199534838));
#911=CARTESIAN_POINT('',(-0.0178354615916558,-0.0142562650373999,0.0255026133647212));
#912=CARTESIAN_POINT('',(-0.0258202899863684,-0.0159374900834638,0.0234561194066764));
#913=CARTESIAN_POINT('',(-0.0178806699127813,-0.015978771614393,0.0343318278849912));
#914=CARTESIAN_POINT('',(-0.0170258165377646,-0.0157932852961489,0.0254042463909521));
#915=CARTESIAN_POINT('',(-0.0253918860949512,-0.0183797497805592,0.0234337922459036));
#916=CARTESIAN_POINT('',(-0.0172887647647106,-0.0178031104448491,0.034720001935885));
#917=CARTESIAN_POINT('',(-0.0161558978747719,-0.0170929142454688,0.0252230889955493));
#918=CARTESIAN_POINT('',(-0.0248756344539003,-0.0206585467869223,0.0233643866402887));
#919=CARTESIAN_POINT('',(-0.0163179738078431,-0.0199695888585812,0.0350384350997068));
#920=CARTESIAN_POINT('',(-0.0150132700969225,-0.0184038354536207,0.0250561574212677));
#921=CARTESIAN_POINT('',(-0.0237770443976178,-0.0233036903612216,0.0232012708035837));
#922=CARTESIAN_POINT('',(-0.0147860121636131,-0.0222914208651383,0.0350892758525689));
#923=CARTESIAN_POINT('',(-0.0138177131154314,-0.0194303914117641,0.0249872391498838));
#924=CARTESIAN_POINT('',(-0.0219278686367414,-0.0258392215762324,0.0228469251658285));
#925=CARTESIAN_POINT('',(-0.0128491020215816,-0.0242449922539982,0.0346660729794392));
#926=CARTESIAN_POINT('',(-0.0129145851014626,-0.0202550166085975,0.0252035236539391));
#927=CARTESIAN_POINT('',(-0.0195902877287836,-0.027518469302727,0.0223465534652067));
#928=CARTESIAN_POINT('',(-0.0110243679685265,-0.0254024186418854,0.0339072843841651));
#929=CARTESIAN_POINT('',(-0.0120683543414855,-0.0212027271505483,0.0255461350852247));
#930=CARTESIAN_POINT('',(-0.0173002091606574,-0.0281356466486862,0.0219107231336327));
#931=CARTESIAN_POINT('',(-0.0094429459542501,-0.0260749129370502,0.0331040412887666));
#932=CARTESIAN_POINT('',(-0.0109906679644577,-0.0221505850689002,0.0257505195126856));
#933=CARTESIAN_POINT('',(-0.0151789787198938,-0.0282564643156885,0.0216180617279656));
#934=CARTESIAN_POINT('',(-0.00851977055719053,-0.0263591892354739,0.0326014498498677));
#935=CARTESIAN_POINT('',(-0.0102042961740141,-0.0227126377063981,0.0258201270947515));
#936=CARTESIAN_POINT('',(-0.0138529462652665,-0.0281991427149012,0.0214930453121307));
#937=CARTESIAN_POINT('',(-0.00789518188838572,-0.0265137553868455,0.0322581520911958));
#938=CARTESIAN_POINT('',(-0.00961194296995421,-0.0230788313513469,0.025847773882525));
#939=CARTESIAN_POINT('',(-0.0129254260484287,-0.0281202073323369,0.0214378389371151));
#940=CARTESIAN_POINT('',(-0.00747545024703284,-0.0266080951811975,0.0320274227938007));
#941=CARTESIAN_POINT('',(-0.00917471454641254,-0.0233295091613257,0.0258600274072984));
#942=CARTESIAN_POINT('',(-0.0122522891011121,-0.028057165945027,0.0214033913940623));
#943=CARTESIAN_POINT('',(-0.00672969066131559,-0.0267557367273351,0.0316290968849793));
#944=CARTESIAN_POINT('',(-0.00832888154367505,-0.0237596059334399,0.0258505562034744));
#945=CARTESIAN_POINT('',(-0.0109885428431246,-0.0279508292726594,0.0213416877011321));
#946=CARTESIAN_POINT('',(-0.00520095451588381,-0.0269827860447921,0.0308682095796464));
#947=CARTESIAN_POINT('',(-0.00656486679881949,-0.0244887517947441,0.0257560009396008));
#948=CARTESIAN_POINT('',(-0.00845734205921444,-0.0277492748457099,0.0212664141353746));
#949=CARTESIAN_POINT('',(-0.00294149852768747,-0.0271473954803977,0.0299855729154035));
#950=CARTESIAN_POINT('',(-0.00375578952521634,-0.0251987438145237,0.0255084457740714));
#951=CARTESIAN_POINT('',(-0.00473718946371898,-0.0275373755500236,0.0212418140445954));
#952=CARTESIAN_POINT('',(-5.76104996007213E-5,-0.0271977238895511,0.0295518461437825));
#953=CARTESIAN_POINT('',(-7.51090692860479E-5,-0.0254912193895636,0.0253505216976445));
#954=CARTESIAN_POINT('',(-9.36319843710052E-5,-0.0274490417211676,0.0212483440384345));
#955=CARTESIAN_POINT('',(0.0022992199757078,-0.0271613868943438,0.0298751749162798));
#956=CARTESIAN_POINT('',(0.00293247925908476,-0.0252741246020529,0.0254688331609331));
#957=CARTESIAN_POINT('',(0.00370630423998133,-0.0275150116238684,0.0212429326351365));
#958=CARTESIAN_POINT('',(0.00416581941149644,-0.02705815747618,0.03046701089737));
#959=CARTESIAN_POINT('',(0.00525187670496823,-0.0248201458494119,0.0256420222663182));
#960=CARTESIAN_POINT('',(0.00675045316111012,-0.0276520968109064,0.0212546389784997));
#961=CARTESIAN_POINT('',(0.0055139369761326,-0.0269324759806734,0.0310282742700029));
#962=CARTESIAN_POINT('',(0.00690447541421491,-0.0243386973884026,0.0257716683287833));
#963=CARTESIAN_POINT('',(0.0089729664917123,-0.0277920166387008,0.0212835392596592));
#964=CARTESIAN_POINT('',(0.00661136596580544,-0.0267753176952628,0.0315681097050131));
#965=CARTESIAN_POINT('',(0.00819749716039521,-0.0238189636282025,0.0258455104473934));
#966=CARTESIAN_POINT('',(0.0107992877312574,-0.0279345784090995,0.0213357923765901));
#967=CARTESIAN_POINT('',(0.00735781749719489,-0.0266322827955598,0.031963813604025));
#968=CARTESIAN_POINT('',(0.00903394512884319,-0.0234028824903002,0.0258594395418039));
#969=CARTESIAN_POINT('',(0.0120422131911869,-0.0280399818640913,0.0213916815743041));
#970=CARTESIAN_POINT('',(0.00777755641073305,-0.0265409562170964,0.0321933261672026));
#971=CARTESIAN_POINT('',(0.00949983858016633,-0.023145954734709,0.0258525090642937));
#972=CARTESIAN_POINT('',(0.0127508037322247,-0.0281029006211558,0.0214296443687468));
#973=CARTESIAN_POINT('',(0.00840115692708104,-0.0263921422379398,0.0325364220347433));
#974=CARTESIAN_POINT('',(0.0100941729221852,-0.0227848167264501,0.0258263818951139));
#975=CARTESIAN_POINT('',(0.0136738655460151,-0.0281884304812619,0.0214782898748246));
#976=CARTESIAN_POINT('',(0.00931706366357461,-0.0261190938955424,0.0330367794448415));
#977=CARTESIAN_POINT('',(0.0108948605668887,-0.0222263405164177,0.0257630846500419));
#978=CARTESIAN_POINT('',(0.0150057526120504,-0.0282547074344304,0.0215985903019653));
#979=CARTESIAN_POINT('',(0.0108900946257227,-0.025473437355032,0.0338447201888231));
#980=CARTESIAN_POINT('',(0.0119935747900023,-0.021278871583848,0.0255680422388253));
#981=CARTESIAN_POINT('',(0.0171272662848137,-0.0281627828998894,0.0218813813968257));
#982=CARTESIAN_POINT('',(0.0127647070900167,-0.0243159168670436,0.0346400125982547));
#983=CARTESIAN_POINT('',(0.0128829189381701,-0.0202903733978127,0.0252184877148548));
#984=CARTESIAN_POINT('',(0.0194877812486229,-0.0275706807537932,0.0223244544395212));
#985=CARTESIAN_POINT('',(0.0147150172012786,-0.0223791159618759,0.0350819328214632));
#986=CARTESIAN_POINT('',(0.0137747786250239,-0.0194651098355841,0.0249889430450233));
#987=CARTESIAN_POINT('',(0.0218430304971257,-0.0259246298963878,0.0228293014659636));
#988=CARTESIAN_POINT('',(0.0162768860784103,-0.0200494667091164,0.035048209765952));
#989=CARTESIAN_POINT('',(0.0149699395309905,-0.0184461340849882,0.025051473286891));
#990=CARTESIAN_POINT('',(0.0237259388863869,-0.023401352239545,0.023192998127431));
#991=CARTESIAN_POINT('',(0.0172624820084732,-0.0178702168776167,0.0347309730175357));
#992=CARTESIAN_POINT('',(0.0161231113770848,-0.017135135996441,0.0252155933700092));
#993=CARTESIAN_POINT('',(0.0248513668272352,-0.0207381309807537,0.0233602993411924));
#994=CARTESIAN_POINT('',(0.0178597054470696,-0.0160500076593015,0.0343480498013546));
#995=CARTESIAN_POINT('',(0.0169925255267188,-0.0158494937102428,0.0253997359315895));
#996=CARTESIAN_POINT('',(0.0253717513074997,-0.0184718801570633,0.0234323687468267));
#997=CARTESIAN_POINT('',(0.018334907082115,-0.0141965385042392,0.0339056410987336));
#998=CARTESIAN_POINT('',(0.0178031181666414,-0.0143240638139067,0.0254982471813275));
#999=CARTESIAN_POINT('',(0.0258086996549609,-0.0160439749079339,0.023455740947313));
#1000=CARTESIAN_POINT('',(0.018714845478884,-0.0118029642962815,0.0332649293771719));
#1001=CARTESIAN_POINT('',(0.0186199469858027,-0.0122526667434372,0.0256557013990042));
#1002=CARTESIAN_POINT('',(0.0259014860226085,-0.0129719978573864,0.0234602390727402));
#1003=CARTESIAN_POINT('',(0.0188256886036458,-0.00884728965835963,0.0323343703665066));
#1004=CARTESIAN_POINT('',(0.019209949524568,-0.00952656521615086,0.0259434372652748));
#1005=CARTESIAN_POINT('',(0.0251719730071299,-0.00944982381493144,0.0234926089916815));
#1006=CARTESIAN_POINT('',(0.0186229754404666,-0.00593532960412309,0.0312259987740539));
#1007=CARTESIAN_POINT('',(0.0193398946395178,-0.00667321507224125,0.0262447916998544));
#1008=CARTESIAN_POINT('',(0.0237034497995156,-0.00629692380272914,0.0236529887616072));
#1009=CARTESIAN_POINT('',(0.0182142302613026,-0.00348659191766792,0.0301301175956999));
#1010=CARTESIAN_POINT('',(0.0190324700541188,-0.00409787873871537,0.0263463866701491));
#1011=CARTESIAN_POINT('',(0.0220911729770198,-0.00379390950852472,0.0239151559725857));
#1012=CARTESIAN_POINT('',(0.017754345713656,-0.00154694050190312,0.0291635610157693));
#1013=CARTESIAN_POINT('',(0.0185358057786611,-0.00201073861823477,0.0262942085179114));
#1014=CARTESIAN_POINT('',(0.0206757247105512,-0.0018236968600523,0.024185781458797));
#1015=CARTESIAN_POINT('',(0.0173458649064248,-0.00010771168091498,0.028402600183678));
#1016=CARTESIAN_POINT('',(0.0180478456008166,-0.000459107866095669,0.0261939502000977));
#1017=CARTESIAN_POINT('',(0.0195703567524156,-0.000359246063360068,0.0244143803345083));
#1018=CARTESIAN_POINT('',(0.0168786932363585,0.00130614133098944,0.0276123682705067));
#1019=CARTESIAN_POINT('',(0.0174499104390486,0.00106946195550028,0.0260372931656161));
#1020=CARTESIAN_POINT('',(0.0184378291884304,0.00109329526996003,0.0246636242411619));
#1021=CARTESIAN_POINT('',(0.0164398924906635,0.00246628580933183,0.0269325577521242));
#1022=CARTESIAN_POINT('',(0.0168620064807128,0.00231978042083445,0.0258655444760766));
#1023=CARTESIAN_POINT('',(0.0174763686281638,0.00230086820061458,0.0248856157310187));
#1024=CARTESIAN_POINT('',(0.0161071296035632,0.00326804796964446,0.0264465620870119));
#1025=CARTESIAN_POINT('',(0.0164059647919114,0.00317673210747593,0.0257271117090386));
#1026=CARTESIAN_POINT('',(0.016795973306962,0.00314701816615759,0.0250472227708373));
#1027=CARTESIAN_POINT('',(0.0159093229460414,0.0037236998175567,0.026166128424625));
#1028=CARTESIAN_POINT('',(0.0161328949353588,0.00366059948189896,0.0256433749480053));
#1029=CARTESIAN_POINT('',(0.0164051899617764,0.00363115232614117,0.0251411529839497));
#1030=CARTESIAN_POINT('',(0.0157574544981647,0.00406362185810762,0.0259545875148745));
#1031=CARTESIAN_POINT('',(0.0159221110465244,0.00402021056574016,0.025578374486748));
#1032=CARTESIAN_POINT('',(0.0161114220906145,0.00399429161810973,0.0252122828631492));
#1033=CARTESIAN_POINT('',(0.0156269263747525,0.00434704368242905,0.0257769358531957));
#1034=CARTESIAN_POINT('',(0.0157404628801407,0.00431853786342565,0.0255223664180545));
#1035=CARTESIAN_POINT('',(0.0158651968633774,0.00429807958370618,0.0252723038945809));
#1036=CARTESIAN_POINT('',(0.0155224741233178,0.00457027162568915,0.025634614759326));
#1037=CARTESIAN_POINT('',(0.0155943523288478,0.00455259793958354,0.0254763957463607));
#1038=CARTESIAN_POINT('',(0.0156705147827603,0.0045380390945569,0.0253198727902731));
#1039=CARTESIAN_POINT('',(0.0154537200757469,0.00471477428938542,0.0255423185526547));
#1040=CARTESIAN_POINT('',(0.0154979895308677,0.00470384945356684,0.0254463383286593));
#1041=CARTESIAN_POINT('',(0.0155438136521435,0.00469406143262325,0.0253509671284443));
#1042=CARTESIAN_POINT('',(0.0154058200806375,0.0048180176902873,0.0254718156962757));
#1043=CARTESIAN_POINT('',(0.0154303216805473,0.00481055836028402,0.0254220018043141));
#1044=CARTESIAN_POINT('',(0.0154551891027732,0.00480336929366796,0.0253723294591878));
#1045=CARTESIAN_POINT('',(0.0153534082115129,0.00492924089367171,0.025396622842001));
#1046=CARTESIAN_POINT('',(0.0153562732606547,0.00492562106897438,0.0253961813724978));
#1047=CARTESIAN_POINT('',(0.0153589964460115,0.00492189792353768,0.0253956855931617));
#1048=CARTESIAN_POINT('',(0.0154196869980312,0.0048945127719704,0.0252899701002754));
#1049=CARTESIAN_POINT('',(0.0154361289002821,0.00485354886372583,0.0253249279867649));
#1050=CARTESIAN_POINT('',(0.015452945373905,0.00481286140747381,0.0253600304538033));
#1051=CARTESIAN_POINT('',(0.015479299623928,0.004865260500588,0.0251885474982178));
#1052=CARTESIAN_POINT('',(0.0155076176778965,0.00478955250916962,0.0252576500352762));
#1053=CARTESIAN_POINT('',(0.0155374969970584,0.0047149905304772,0.0253273386119281));
#1054=CARTESIAN_POINT('',(0.0155641329873436,0.00481828946638292,0.0250520402286462));
#1055=CARTESIAN_POINT('',(0.0156098900186075,0.00469402076911515,0.0251655144654354));
#1056=CARTESIAN_POINT('',(0.0156599366935435,0.00457289357648999,0.025280563900801));
#1057=CARTESIAN_POINT('',(0.0156281943511099,0.00478249983762203,0.0249463945868052));
#1058=CARTESIAN_POINT('',(0.0156869640516125,0.00462065058244213,0.0250940021742057));
#1059=CARTESIAN_POINT('',(0.0157535023988983,0.00446443963149223,0.0252443615337477));
#1060=CARTESIAN_POINT('',(0.0156604551690739,0.00476417416817853,0.0248930656873271));
#1061=CARTESIAN_POINT('',(0.0157257773957581,0.00458326817119284,0.0250577723134407));
#1062=CARTESIAN_POINT('',(0.0158009400747331,0.00440947784171127,0.0252259083857097));
#1063=CARTESIAN_POINT('',(-0.015378025919307,0.00489379327755102,0.0254));
#1064=CARTESIAN_POINT('',(-0.0165856872357041,0.00324426965751907,0.0254));
#1065=CARTESIAN_POINT('',(-0.0182762497270065,0.000699275302056624,0.0254));
#1066=CARTESIAN_POINT('',(-0.020143600735562,-0.0028995692620446,0.0254));
#1067=CARTESIAN_POINT('',(-0.0212935321935425,-0.00576791882502758,0.0254));
#1068=CARTESIAN_POINT('',(-0.0220503255555122,-0.0087276960540082,0.0254));
#1069=CARTESIAN_POINT('',(-0.0223235342871966,-0.0118086486673886,0.0254));
#1070=CARTESIAN_POINT('',(-0.0220702072225306,-0.0148594519340608,0.0254));
#1071=CARTESIAN_POINT('',(-0.0213345703315157,-0.0178471679650201,0.0254));
#1072=CARTESIAN_POINT('',(-0.0199892261632326,-0.0206375245814589,0.0254));
#1073=CARTESIAN_POINT('',(-0.0179700130851667,-0.0229975999672982,0.0254));
#1074=CARTESIAN_POINT('',(-0.0152908833520821,-0.0245946082263502,0.0254));
#1075=CARTESIAN_POINT('',(-0.012310472154091,-0.0253989672742488,0.0254));
#1076=CARTESIAN_POINT('',(-0.00926467467614571,-0.0258209020865279,0.0254));
#1077=CARTESIAN_POINT('',(-0.00622692282210979,-0.0261422856492212,0.0254));
#1078=CARTESIAN_POINT('',(-0.00318074877943996,-0.0263549281771324,0.0254));
#1079=CARTESIAN_POINT('',(-0.000129176343893521,-0.0264368776611813,0.0254));
#1080=CARTESIAN_POINT('',(0.00292885942673195,-0.0263674315898597,0.0254));
#1081=CARTESIAN_POINT('',(0.00599624695353976,-0.0261628349013449,0.0254));
#1082=CARTESIAN_POINT('',(0.00905697694794729,-0.0258448946256602,0.0254));
#1083=CARTESIAN_POINT('',(0.012088736201554,-0.0254389589986865,0.0254));
#1084=CARTESIAN_POINT('',(0.01510439033224,-0.0246667540926599,0.0254));
#1085=CARTESIAN_POINT('',(0.0178141204224046,-0.0231298691926477,0.0254));
#1086=CARTESIAN_POINT('',(0.0198953064002783,-0.0207865078925918,0.0254));
#1087=CARTESIAN_POINT('',(0.0212835673831785,-0.017996438206655,0.0254));
#1088=CARTESIAN_POINT('',(0.0220498359311584,-0.0149885165600145,0.0254));
#1089=CARTESIAN_POINT('',(0.0223239656200349,-0.0119237909830833,0.0254));
#1090=CARTESIAN_POINT('',(0.0220695713433408,-0.00883177160277048,0.0254));
#1091=CARTESIAN_POINT('',(0.0210683242196007,-0.00485060023003023,0.0254));
#1092=CARTESIAN_POINT('',(0.0188650880297921,-0.000188437906183239,0.0254));
#1093=CARTESIAN_POINT('',(0.0165927739174491,0.00323486387979037,0.0254));
#1094=CARTESIAN_POINT('',(0.0153767975449207,0.00489545992319777,0.0254));
#1095=CARTESIAN_POINT('',(-3.46944695195361E-18,-0.0800455667709203,0.207909382180727));
#1096=CARTESIAN_POINT('',(-0.0241758526630258,-0.0800455667709203,0.223149382180726));
#1097=CARTESIAN_POINT('',(-0.0239124617512148,-0.0800455667709203,0.224418088214357));
#1098=CARTESIAN_POINT('',(-0.0236420403374766,-0.0800455667709203,0.225685890401907));
#1099=CARTESIAN_POINT('',(-0.0234158750014498,-0.0800455667709203,0.226959382180726));
#1100=CARTESIAN_POINT('',(-0.0241758526630258,-0.0800455667709203,0.223149382180726));
#1101=CARTESIAN_POINT('',(-0.0234158750014498,-0.0800455667709203,0.226959382180726));
#1102=CARTESIAN_POINT('',(-3.46944695195361E-18,-0.0800455667709203,0.226959382180726));
#1103=CARTESIAN_POINT('',(0.0234158750014406,-0.0800455667709203,0.226959382180725));
#1104=CARTESIAN_POINT('',(0.0234158750014498,-0.0800455667709203,0.226959382180726));
#1105=CARTESIAN_POINT('',(0.0236420403374767,-0.0800455667709203,0.225685890401907));
#1106=CARTESIAN_POINT('',(0.0239124617512149,-0.0800455667709203,0.224418088214357));
#1107=CARTESIAN_POINT('',(0.0241758526630258,-0.0800455667709203,0.223149382180726));
#1108=CARTESIAN_POINT('',(0.0241758526630258,-0.0800455667709203,0.223149382180726));
#1109=CARTESIAN_POINT('',(-0.0254,-0.0800455667709203,0.223149382180726));
#1110=CARTESIAN_POINT('',(0.,-0.0990955667709203,0.207909382180727));
#1111=CARTESIAN_POINT('',(0.,-0.10290556677092,0.207909382180727));
#1112=CARTESIAN_POINT('',(0.0252575140147739,-0.10290556677092,0.207909382180727));
#1113=CARTESIAN_POINT('',(0.0170778553822467,-0.10290556677092,0.207909382180727));
#1114=CARTESIAN_POINT('',(0.0170778553822468,-0.10290556677092,0.207909382180726));
#1115=CARTESIAN_POINT('',(0.0182343055628232,-0.101817259928104,0.207909382180726));
#1116=CARTESIAN_POINT('',(0.0203371146322982,-0.0994265265478277,0.207909382180726));
#1117=CARTESIAN_POINT('',(0.0219542639389802,-0.0967240385405422,0.207909382180727));
#1118=CARTESIAN_POINT('',(0.0226449081151664,-0.0952855667709203,0.207909382180727));
#1119=CARTESIAN_POINT('',(0.0226449081151663,-0.0952855667709203,0.207909382180727));
#1120=CARTESIAN_POINT('',(0.0254,-0.0952855667709203,0.207909382180727));
#1121=CARTESIAN_POINT('',(0.0252575140147738,-0.0952855667709203,0.207909382180727));
#1122=CARTESIAN_POINT('',(0.0252575140147738,-0.0952855667709203,0.207909382180727));
#1123=CARTESIAN_POINT('',(0.0251978503743167,-0.0978252190918737,0.207909382180727));
#1124=CARTESIAN_POINT('',(0.0251978503743168,-0.100365914449967,0.207909382180727));
#1125=CARTESIAN_POINT('',(0.0252575140147739,-0.10290556677092,0.207909382180727));
#1126=CARTESIAN_POINT('',(-3.46944695195361E-18,-0.11814556677092,0.207909382180727));
#1127=CARTESIAN_POINT('',(0.0241758526630276,-0.11814556677092,0.223149382180727));
#1128=CARTESIAN_POINT('',(0.0239124617512169,-0.11814556677092,0.224418088214357));
#1129=CARTESIAN_POINT('',(0.0236420403374789,-0.11814556677092,0.225685890401907));
#1130=CARTESIAN_POINT('',(0.0234158750014523,-0.11814556677092,0.226959382180726));
#1131=CARTESIAN_POINT('',(0.0241758526630275,-0.11814556677092,0.223149382180726));
#1132=CARTESIAN_POINT('',(0.0234158750014523,-0.11814556677092,0.226959382180726));
#1133=CARTESIAN_POINT('',(-0.022869676194496,-0.11814556677092,0.226959382180726));
#1134=CARTESIAN_POINT('',(-0.0234158750014432,-0.11814556677092,0.226959382180725));
#1135=CARTESIAN_POINT('',(-0.0234158750014523,-0.11814556677092,0.226959382180726));
#1136=CARTESIAN_POINT('',(-0.023642040337479,-0.11814556677092,0.225685890401907));
#1137=CARTESIAN_POINT('',(-0.023912461751217,-0.11814556677092,0.224418088214357));
#1138=CARTESIAN_POINT('',(-0.0241758526630276,-0.11814556677092,0.223149382180727));
#1139=CARTESIAN_POINT('',(-0.0241758526630275,-0.11814556677092,0.223149382180726));
#1140=CARTESIAN_POINT('',(-3.46944695195361E-18,-0.11814556677092,0.223149382180726));
#1141=CARTESIAN_POINT('',(-3.46944695195361E-18,-0.0952855667709203,0.223149382180726));
#1142=CARTESIAN_POINT('',(0.0226449081151663,-0.0952855667709203,0.207909382180727));
#1143=CARTESIAN_POINT('',(0.0231658117748311,-0.0946937831197433,0.207909382180727));
#1144=CARTESIAN_POINT('',(0.0241166611215819,-0.0934332281066298,0.207976816062714));
#1145=CARTESIAN_POINT('',(0.0250820108258145,-0.0912870876254731,0.208382929288824));
#1146=CARTESIAN_POINT('',(0.0252745944306175,-0.0890429204909257,0.209177792043732));
#1147=CARTESIAN_POINT('',(0.0245651275061818,-0.0870169939134227,0.210287933476337));
#1148=CARTESIAN_POINT('',(0.0232727254170832,-0.085452898195717,0.211459116399369));
#1149=CARTESIAN_POINT('',(0.0216186823039771,-0.0842224838078929,0.212629149376939));
#1150=CARTESIAN_POINT('',(0.0197996525205052,-0.083289800244188,0.213717684949475));
#1151=CARTESIAN_POINT('',(0.0171636146979174,-0.0823044044607061,0.2150946704432));
#1152=CARTESIAN_POINT('',(0.0136708304035229,-0.0814880302093808,0.216598069706107));
#1153=CARTESIAN_POINT('',(0.00923956777566041,-0.0809170435130272,0.218019011301813));
#1154=CARTESIAN_POINT('',(0.00466106387782531,-0.0806330467061217,0.218944165037728));
#1155=CARTESIAN_POINT('',(-6.41176571805043E-6,-0.0805485320818961,0.219269624475223));
#1156=CARTESIAN_POINT('',(-0.0046825020283036,-0.0806334538518072,0.2189420217542));
#1157=CARTESIAN_POINT('',(-0.00927093295291409,-0.080920609605273,0.218009951153305));
#1158=CARTESIAN_POINT('',(-0.0136742209462083,-0.0814876310658815,0.216597273602338));
#1159=CARTESIAN_POINT('',(-0.0171924047531962,-0.0823145503102475,0.215080151238955));
#1160=CARTESIAN_POINT('',(-0.0197960019732611,-0.0832874908377625,0.213720021205071));
#1161=CARTESIAN_POINT('',(-0.0216463827686263,-0.084239595394105,0.212611226140979));
#1162=CARTESIAN_POINT('',(-0.0232729891158072,-0.0854536269478385,0.211458636696466));
#1163=CARTESIAN_POINT('',(-0.0245796589740708,-0.0870382151834193,0.2102732993871));
#1164=CARTESIAN_POINT('',(-0.0252764067131467,-0.0890648523889059,0.209168362174077));
#1165=CARTESIAN_POINT('',(-0.0250757292447529,-0.0913096065753237,0.208376787483612));
#1166=CARTESIAN_POINT('',(-0.0241045529318966,-0.093451117030314,0.207975442946214));
#1167=CARTESIAN_POINT('',(-0.0231642316181558,-0.0946955025483962,0.207909382180727));
#1168=CARTESIAN_POINT('',(-0.022644745038975,-0.0952855667709203,0.207909382180727));
#1169=CARTESIAN_POINT('',(-0.0252575140147738,-0.0952855667709203,0.207909382180727));
#1170=CARTESIAN_POINT('',(-0.0252812142753561,-0.0942767375856091,0.207909382180727));
#1171=CARTESIAN_POINT('',(-0.0253109288146163,-0.0922983002329562,0.208104548314803));
#1172=CARTESIAN_POINT('',(-0.0253244795655083,-0.0893931182806285,0.208987686714947));
#1173=CARTESIAN_POINT('',(-0.0253129507482552,-0.0867593185546273,0.21039909451117));
#1174=CARTESIAN_POINT('',(-0.0252697835645237,-0.0844149599496906,0.212327260898973));
#1175=CARTESIAN_POINT('',(-0.025177714843795,-0.0825208646362003,0.214646051280307));
#1176=CARTESIAN_POINT('',(-0.0249441532954225,-0.0806291527474588,0.218195855114903));
#1177=CARTESIAN_POINT('',(-0.0245862435682059,-0.0800455667709204,0.221172603961716));
#1178=CARTESIAN_POINT('',(-0.0241758526630226,-0.0800455667709203,0.223149382180726));
#1179=CARTESIAN_POINT('',(0.0241758526630258,-0.0800455667709203,0.223149382180726));
#1180=CARTESIAN_POINT('',(0.024381039544357,-0.0800455667709203,0.222161034357421));
#1181=CARTESIAN_POINT('',(0.024699596979115,-0.0802334150842144,0.220207193068204));
#1182=CARTESIAN_POINT('',(0.0250029247723006,-0.0811012841069425,0.217312173067329));
#1183=CARTESIAN_POINT('',(0.0251761234817467,-0.0825018720084376,0.214674258354357));
#1184=CARTESIAN_POINT('',(0.0253006950930468,-0.0850522185018588,0.211544110348346));
#1185=CARTESIAN_POINT('',(0.0253344311810047,-0.0892711982192678,0.208717139568917));
#1186=CARTESIAN_POINT('',(0.0253049071714646,-0.0932682218776997,0.207909382180727));
#1187=CARTESIAN_POINT('',(0.0252575140147738,-0.0952855667709203,0.207909382180727));
#1188=CARTESIAN_POINT('',(0.,-0.10290556677092,0.223149382180726));
#1189=CARTESIAN_POINT('',(-0.0170778518457638,-0.10290556677092,0.207909382180727));
#1190=CARTESIAN_POINT('',(-0.0144417350631903,-0.104258711241293,0.207909382180727));
#1191=CARTESIAN_POINT('',(-0.00884721268391196,-0.106177569728601,0.208230852972902));
#1192=CARTESIAN_POINT('',(-1.32575206313597E-5,-0.107161563986029,0.208521131130518));
#1193=CARTESIAN_POINT('',(0.00883068675053717,-0.106183291361975,0.208231872048101));
#1194=CARTESIAN_POINT('',(0.0144443538543021,-0.10425737962416,0.207909382180727));
#1195=CARTESIAN_POINT('',(0.0170778553822467,-0.10290556677092,0.207909382180727));
#1196=CARTESIAN_POINT('',(0.0252575140147739,-0.10290556677092,0.207909382180727));
#1197=CARTESIAN_POINT('',(0.0252812142753562,-0.103914395956231,0.207909382180727));
#1198=CARTESIAN_POINT('',(0.0253109288146165,-0.105892833308884,0.208104548314803));
#1199=CARTESIAN_POINT('',(0.0253244795655085,-0.108798015261212,0.208987686714947));
#1200=CARTESIAN_POINT('',(0.0253129507482554,-0.111431814987213,0.21039909451117));
#1201=CARTESIAN_POINT('',(0.025269783564524,-0.11377617359215,0.212327260898973));
#1202=CARTESIAN_POINT('',(0.0251777148437955,-0.11567026890564,0.214646051280307));
#1203=CARTESIAN_POINT('',(0.0249441532954234,-0.117561980794382,0.218195855114902));
#1204=CARTESIAN_POINT('',(0.0245862435682072,-0.11814556677092,0.221172603961716));
#1205=CARTESIAN_POINT('',(0.0241758526630244,-0.11814556677092,0.223149382180726));
#1206=CARTESIAN_POINT('',(-0.0241758526630275,-0.11814556677092,0.223149382180726));
#1207=CARTESIAN_POINT('',(-0.0243810395443586,-0.11814556677092,0.222161034357421));
#1208=CARTESIAN_POINT('',(-0.0246995969791162,-0.117957718457626,0.220207193068204));
#1209=CARTESIAN_POINT('',(-0.0250029247723014,-0.117089849434898,0.217312173067329));
#1210=CARTESIAN_POINT('',(-0.0251761234817473,-0.115689261533403,0.214674258354356));
#1211=CARTESIAN_POINT('',(-0.0253006950930471,-0.113138915039982,0.211544110348346));
#1212=CARTESIAN_POINT('',(-0.0253344311810049,-0.108919935322573,0.208717139568917));
#1213=CARTESIAN_POINT('',(-0.0253049071714647,-0.104922911664141,0.207909382180727));
#1214=CARTESIAN_POINT('',(-0.0252575140147739,-0.10290556677092,0.207909382180727));
#1215=CARTESIAN_POINT('',(-4.66590430475142E-18,-0.0990955667709182,0.119009382180726));
#1216=CARTESIAN_POINT('',(0.0126427756057798,-0.113053854355398,0.233183465434889));
#1217=CARTESIAN_POINT('',(0.0128289778622185,-0.113130836740791,0.23127257387962));
#1218=CARTESIAN_POINT('',(0.0132340682794706,-0.112528444416455,0.227474843375361));
#1219=CARTESIAN_POINT('',(0.0137703817437404,-0.11000789969246,0.223338044655168));
#1220=CARTESIAN_POINT('',(0.014137355803911,-0.10717238143415,0.220817712249874));
#1221=CARTESIAN_POINT('',(0.014361401480166,-0.104674977973648,0.219375186700431));
#1222=CARTESIAN_POINT('',(0.014505891791431,-0.101973772743225,0.218487741445144));
#1223=CARTESIAN_POINT('',(0.0145754803624623,-0.0981243601788092,0.218072702294611));
#1224=CARTESIAN_POINT('',(0.0143999116006382,-0.0933785507968427,0.219108862835847));
#1225=CARTESIAN_POINT('',(0.0138758388206929,-0.088673819140335,0.222522808683419));
#1226=CARTESIAN_POINT('',(0.0132356091366639,-0.0856696247270659,0.227462572198541));
#1227=CARTESIAN_POINT('',(0.0128288864195751,-0.0850603346065677,0.23127351230528));
#1228=CARTESIAN_POINT('',(0.0126427756057827,-0.0851372791864367,0.233183465434859));
#1229=CARTESIAN_POINT('',(0.0126427756057798,-0.113053854355398,0.233183465434889));
#1230=CARTESIAN_POINT('',(0.0126427756057827,-0.0851372791864367,0.233183465434859));
#1231=CARTESIAN_POINT('',(0.0126427756057827,-0.0851372791864367,0.233183465434859));
#1232=CARTESIAN_POINT('',(0.00842853122697568,-0.0851181166973796,0.23317959146321));
#1233=CARTESIAN_POINT('',(4.58929769187044E-13,-0.0851341928964326,0.23318282079428));
#1234=CARTESIAN_POINT('',(-0.00842853122609645,-0.0851181166973758,0.233179591463238));
#1235=CARTESIAN_POINT('',(-0.0126427756057827,-0.0851372791864379,0.233183465434888));
#1236=CARTESIAN_POINT('',(-0.0126427756057827,-0.0851372791864367,0.233183465434859));
#1237=CARTESIAN_POINT('',(-0.0126427756057827,-0.0851372791864367,0.233183465434859));
#1238=CARTESIAN_POINT('',(-0.0128289799055203,-0.0850602959562785,0.231272552910337));
#1239=CARTESIAN_POINT('',(-0.0132341545484258,-0.0856649637174373,0.22747480755697));
#1240=CARTESIAN_POINT('',(-0.013876743715459,-0.0886775179676922,0.22251592149411));
#1241=CARTESIAN_POINT('',(-0.0144000696621282,-0.0933837841651946,0.219107515991887));
#1242=CARTESIAN_POINT('',(-0.0146108942605615,-0.0990748394898891,0.217866134921102));
#1243=CARTESIAN_POINT('',(-0.0143998270410956,-0.10482389013942,0.219108723408271));
#1244=CARTESIAN_POINT('',(-0.0138759898836622,-0.109513261863821,0.222521987771641));
#1245=CARTESIAN_POINT('',(-0.0132357406031836,-0.112522104626028,0.227461325180931));
#1246=CARTESIAN_POINT('',(-0.0128288961146494,-0.113130802943552,0.231273412810049));
#1247=CARTESIAN_POINT('',(-0.0126427756057769,-0.113053854355397,0.233183465434918));
#1248=CARTESIAN_POINT('',(-0.0126427756057769,-0.113053854355397,0.233183465434918));
#1249=CARTESIAN_POINT('',(-0.0126427756057769,-0.113053854355397,0.233183465434918));
#1250=CARTESIAN_POINT('',(-0.00842853122665162,-0.113073016844458,0.233179591463269));
#1251=CARTESIAN_POINT('',(-1.23712672051024E-13,-0.113056940645404,0.233182820794252));
#1252=CARTESIAN_POINT('',(0.00842853122641472,-0.113073016844459,0.233179591463239));
#1253=CARTESIAN_POINT('',(0.0126427756057798,-0.113053854355398,0.233183465434889));
#1254=CARTESIAN_POINT('',(0.012616195426944,-0.0851509235651701,0.233457431866488));
#1255=CARTESIAN_POINT('',(0.0241033524413269,-0.0852265905565473,0.233452894128131));
#1256=CARTESIAN_POINT('',(0.0253276643450628,-0.0738250961718124,0.234136640071422));
#1257=CARTESIAN_POINT('',(0.0127087874083875,-0.0850940533353981,0.232498911335957));
#1258=CARTESIAN_POINT('',(0.0241169745534468,-0.0850863630070643,0.232507620528544));
#1259=CARTESIAN_POINT('',(0.0253282146756064,-0.0737168839168011,0.232417962689272));
#1260=CARTESIAN_POINT('',(0.0129035817599916,-0.0851708203240355,0.230569978785932));
#1261=CARTESIAN_POINT('',(0.0241452973095896,-0.0849860187670466,0.230572658158921));
#1262=CARTESIAN_POINT('',(0.0253293708512211,-0.073844780660695,0.228959785130255));
#1263=CARTESIAN_POINT('',(0.0131666595780237,-0.0857500140190187,0.228204603907737));
#1264=CARTESIAN_POINT('',(0.0241828071322845,-0.0853563655325016,0.228095746096255));
#1265=CARTESIAN_POINT('',(0.0253309286399549,-0.0748814480253435,0.224718066596467));
#1266=CARTESIAN_POINT('',(0.0133786805543993,-0.0864772327356322,0.226428386781778));
#1267=CARTESIAN_POINT('',(0.0242124696465735,-0.0859494671420562,0.226185135863356));
#1268=CARTESIAN_POINT('',(0.0253321812694608,-0.0761912444400939,0.221534235785352));
#1269=CARTESIAN_POINT('',(0.0135942567578183,-0.0873942308084069,0.224704211139684));
#1270=CARTESIAN_POINT('',(0.0242421468542197,-0.0867542208150623,0.224304289694769));
#1271=CARTESIAN_POINT('',(0.0253334524722217,-0.0778459089835172,0.218446010683786));
#1272=CARTESIAN_POINT('',(0.0138519610659598,-0.0888218401498111,0.222780991064622));
#1273=CARTESIAN_POINT('',(0.0242769826516363,-0.0881024491479599,0.222148942687169));
#1274=CARTESIAN_POINT('',(0.0253349687646026,-0.0804278618265463,0.215003094093807));
#1275=CARTESIAN_POINT('',(0.0141354938613377,-0.0909997092021524,0.220829140139126));
#1276=CARTESIAN_POINT('',(0.0243145278403552,-0.0903063477799458,0.219890375582821));
#1277=CARTESIAN_POINT('',(0.0253366328646217,-0.0843767846890538,0.21151142788169));
#1278=CARTESIAN_POINT('',(0.0143214273686942,-0.0930619734539373,0.219632137910311));
#1279=CARTESIAN_POINT('',(0.0243387218718849,-0.0924923047978837,0.218468507656825));
#1280=CARTESIAN_POINT('',(0.0253377218184231,-0.0881229495215471,0.209371799990291));
#1281=CARTESIAN_POINT('',(0.0144334706161726,-0.0948643021762511,0.218932844323149));
#1282=CARTESIAN_POINT('',(0.0243531479938457,-0.0944436042814024,0.217629830115404));
#1283=CARTESIAN_POINT('',(0.0253383771821653,-0.0913994143928752,0.208122715312291));
#1284=CARTESIAN_POINT('',(0.0145144433895512,-0.0966946766363824,0.218436727660262));
#1285=CARTESIAN_POINT('',(0.0243635038339692,-0.096442960125862,0.217031635436017));
#1286=CARTESIAN_POINT('',(0.0253388504232737,-0.0947276220491566,0.20723697922581));
#1287=CARTESIAN_POINT('',(0.0145579090264206,-0.0990842063185985,0.218176268957056));
#1288=CARTESIAN_POINT('',(0.0243690368126191,-0.0990829892939143,0.216714488673479));
#1289=CARTESIAN_POINT('',(0.0253391043087646,-0.0990748969030825,0.206772068055087));
#1290=CARTESIAN_POINT('',(0.0145060894261262,-0.101970749192337,0.218486871507874));
#1291=CARTESIAN_POINT('',(0.024362438647384,-0.102273172421525,0.217092723645969));
#1292=CARTESIAN_POINT('',(0.0253388016176229,-0.10432657117765,0.207326498802588));
#1293=CARTESIAN_POINT('',(0.0143609714754896,-0.104684303033141,0.219377722679095));
#1294=CARTESIAN_POINT('',(0.0243438306557509,-0.105230123027614,0.2181683368288));
#1295=CARTESIAN_POINT('',(0.0253379532210887,-0.109260711573264,0.208917413128351));
#1296=CARTESIAN_POINT('',(0.0141342475900474,-0.107203493253733,0.220837699621072));
#1297=CARTESIAN_POINT('',(0.0243143643498937,-0.107897302925928,0.219900195686526));
#1298=CARTESIAN_POINT('',(0.0253366255580933,-0.113836250275263,0.211526722258845));
#1299=CARTESIAN_POINT('',(0.0139017137249505,-0.108990359611004,0.222437646461412));
#1300=CARTESIAN_POINT('',(0.0242836212342585,-0.10970294303,0.221749264270316));
#1301=CARTESIAN_POINT('',(0.0253352610308626,-0.117075644015853,0.214388373996951));
#1302=CARTESIAN_POINT('',(0.0136969244425375,-0.11022704954041,0.223938135204912));
#1303=CARTESIAN_POINT('',(0.0242560960145191,-0.110895854742715,0.223441269687062));
#1304=CARTESIAN_POINT('',(0.0253340569083316,-0.119313980229377,0.217073780359617));
#1305=CARTESIAN_POINT('',(0.0135405166202097,-0.111025075794997,0.225134302506796));
#1306=CARTESIAN_POINT('',(0.024234788538549,-0.111635898876587,0.224770744502452));
#1307=CARTESIAN_POINT('',(0.0253331357744539,-0.120756676340488,0.219215874476899));
#1308=CARTESIAN_POINT('',(0.0133810377357502,-0.111705045353919,0.226408969025095));
#1309=CARTESIAN_POINT('',(0.0242127968290327,-0.11223420350977,0.22616418590123));
#1310=CARTESIAN_POINT('',(0.0253321951829196,-0.121983927901048,0.221499447491131));
#1311=CARTESIAN_POINT('',(0.013165408000916,-0.112445408367504,0.228215124291449));
#1312=CARTESIAN_POINT('',(0.0241826307543192,-0.112838333771713,0.228107116967418));
#1313=CARTESIAN_POINT('',(0.0253309212394457,-0.123317421410421,0.224736937524542));
#1314=CARTESIAN_POINT('',(0.0129065049529566,-0.113015560959811,0.230542833921636));
#1315=CARTESIAN_POINT('',(0.0241457183288835,-0.113202687500416,0.230544549608562));
#1316=CARTESIAN_POINT('',(0.025329388181169,-0.12433787665959,0.228911093923746));
#1317=CARTESIAN_POINT('',(0.012708665228277,-0.11309702883243,0.23250016567167));
#1318=CARTESIAN_POINT('',(0.0241169566429085,-0.113104609408864,0.232508859715775));
#1319=CARTESIAN_POINT('',(0.0253282139497174,-0.124474149740288,0.232420211362224));
#1320=CARTESIAN_POINT('',(0.0126161620391975,-0.113040189465555,0.233457777501339));
#1321=CARTESIAN_POINT('',(0.0241033475131254,-0.11296449224962,0.23345323610945));
#1322=CARTESIAN_POINT('',(0.025327664146546,-0.124365998327664,0.234137260040774));
#1323=CARTESIAN_POINT('',(0.0234158750014452,-0.0800455667709203,0.226959382180726));
#1324=CARTESIAN_POINT('',(0.023192710798493,-0.0800455667709203,0.228215975179366));
#1325=CARTESIAN_POINT('',(0.0225972106021365,-0.0806323631117317,0.23000158421799));
#1326=CARTESIAN_POINT('',(0.0211363859923754,-0.0819882619367756,0.23160664148911));
#1327=CARTESIAN_POINT('',(0.0192813279946171,-0.0833950349534636,0.232654211444108));
#1328=CARTESIAN_POINT('',(0.0164320849541052,-0.0847729223353767,0.233127704116813));
#1329=CARTESIAN_POINT('',(0.0139116431353582,-0.0851430488234034,0.233184631849646));
#1330=CARTESIAN_POINT('',(0.012642775605785,-0.0851372791864379,0.233183465434888));
#1331=CARTESIAN_POINT('',(0.0126427756057798,-0.113053854355398,0.233183465434889));
#1332=CARTESIAN_POINT('',(0.0139134802335285,-0.113048076365008,0.233184633538411));
#1333=CARTESIAN_POINT('',(0.0164082883957409,-0.113411213371919,0.233129905565367));
#1334=CARTESIAN_POINT('',(0.0192830650645448,-0.11479666595192,0.232653691810181));
#1335=CARTESIAN_POINT('',(0.0211304536115953,-0.116198293448624,0.23161024879758));
#1336=CARTESIAN_POINT('',(0.0225925168926312,-0.117553599619275,0.23001126785544));
#1337=CARTESIAN_POINT('',(0.02319206026891,-0.11814556677092,0.228219638181398));
#1338=CARTESIAN_POINT('',(0.0234158750014524,-0.11814556677092,0.226959382180727));
#1339=CARTESIAN_POINT('',(-0.0126161747284072,-0.113040197261931,0.233457646140333));
#1340=CARTESIAN_POINT('',(-0.0241033491582443,-0.11296451153452,0.233453106137257));
#1341=CARTESIAN_POINT('',(-0.0253276641952774,-0.124366012918971,0.234137024402046));
#1342=CARTESIAN_POINT('',(-0.0127088514447037,-0.113097134239803,0.232498241914176));
#1343=CARTESIAN_POINT('',(-0.0241169837213704,-0.113104881671885,0.232506966409449));
#1344=CARTESIAN_POINT('',(-0.0253282150295866,-0.124474350806699,0.232416763079255));
#1345=CARTESIAN_POINT('',(-0.0128541018685283,-0.113040366172664,0.231059816097742));
#1346=CARTESIAN_POINT('',(-0.0241381395803953,-0.11318028916114,0.231061603407292));
#1347=CARTESIAN_POINT('',(-0.0253290773126936,-0.124379821406315,0.229837464228923));
#1348=CARTESIAN_POINT('',(-0.0130621716652795,-0.11267205792109,0.229143374005718));
#1349=CARTESIAN_POINT('',(-0.0241679907983945,-0.112982111378304,0.229073850235088));
#1350=CARTESIAN_POINT('',(-0.0253303102848705,-0.123722811548953,0.226400504142711));
#1351=CARTESIAN_POINT('',(-0.0132195253450444,-0.112259325845174,0.227762018872671));
#1352=CARTESIAN_POINT('',(-0.0241902428332707,-0.112685540140201,0.227616898492008));
#1353=CARTESIAN_POINT('',(-0.0253312411386766,-0.12298204230568,0.223924243704679));
#1354=CARTESIAN_POINT('',(-0.0133786212261956,-0.111714214532099,0.226428808984562));
#1355=CARTESIAN_POINT('',(-0.0242124612398695,-0.112241957459235,0.226185636382925));
#1356=CARTESIAN_POINT('',(-0.025332180894504,-0.122000456453746,0.221534994826057));
#1357=CARTESIAN_POINT('',(-0.013593981238377,-0.110798173481169,0.224706391403028));
#1358=CARTESIAN_POINT('',(-0.0242421090113849,-0.111438057416898,0.224306665478453));
#1359=CARTESIAN_POINT('',(-0.0253334508244749,-0.120347518951504,0.218449913269403));
#1360=CARTESIAN_POINT('',(-0.0138520204457962,-0.109368994158754,0.222780512361153));
#1361=CARTESIAN_POINT('',(-0.0242769904329183,-0.110088420948436,0.222148435798784));
#1362=CARTESIAN_POINT('',(-0.0253349690898161,-0.117762732652477,0.215002239389524));
#1363=CARTESIAN_POINT('',(-0.0141354041854407,-0.107192311544344,0.220829742281208));
#1364=CARTESIAN_POINT('',(-0.0243145158932647,-0.107885678726102,0.219891076419499));
#1365=CARTESIAN_POINT('',(-0.0253366323155971,-0.113815955500395,0.211512504447978));
#1366=CARTESIAN_POINT('',(-0.0143587538414215,-0.104714925800703,0.219391874067091));
#1367=CARTESIAN_POINT('',(-0.024343544407796,-0.10526294970208,0.218185092862706));
#1368=CARTESIAN_POINT('',(-0.0253379402236749,-0.10931635095458,0.208942685785472));
#1369=CARTESIAN_POINT('',(-0.0145071659113478,-0.101952925019102,0.2184801760254));
#1370=CARTESIAN_POINT('',(-0.0243625759256441,-0.102253892311669,0.217084743038034));
#1371=CARTESIAN_POINT('',(-0.0253388078855196,-0.104294183774549,0.207314550760876));
#1372=CARTESIAN_POINT('',(-0.0145488992952519,-0.0995625457964396,0.218230199409717));
#1373=CARTESIAN_POINT('',(-0.0243678910069393,-0.0996110310203871,0.21678012986855));
#1374=CARTESIAN_POINT('',(-0.0253390516669134,-0.0999450445228657,0.206868321381166));
#1375=CARTESIAN_POINT('',(-0.0145322868908033,-0.0976709248863339,0.218329983755712));
#1376=CARTESIAN_POINT('',(-0.0243657767230156,-0.097522155416331,0.216901419795099));
#1377=CARTESIAN_POINT('',(-0.025338954634672,-0.0965038494781341,0.207046423032114));
#1378=CARTESIAN_POINT('',(-0.0144818173256679,-0.0957662563654198,0.218635776041227));
#1379=CARTESIAN_POINT('',(-0.024359337965406,-0.0954250254581069,0.217271902511978));
#1380=CARTESIAN_POINT('',(-0.0253386597578783,-0.0930391817238725,0.207592301412947));
#1381=CARTESIAN_POINT('',(-0.0143610138294249,-0.0935073804958981,0.219377467176584));
#1382=CARTESIAN_POINT('',(-0.0243438359176443,-0.0929615650119733,0.218168024562838));
#1383=CARTESIAN_POINT('',(-0.0253379534459411,-0.0889314172562308,0.208916956959432));
#1384=CARTESIAN_POINT('',(-0.0141340814565966,-0.0909862680689698,0.220838838609339));
#1385=CARTESIAN_POINT('',(-0.0243143423628002,-0.0902924462963412,0.21990150442701));
#1386=CARTESIAN_POINT('',(-0.0253366245607515,-0.0843523972269616,0.21152875780471));
#1387=CARTESIAN_POINT('',(-0.0139019795596184,-0.0892025906850992,0.222435756204164));
#1388=CARTESIAN_POINT('',(-0.0242836564891837,-0.0884899879612567,0.22174710767804));
#1389=CARTESIAN_POINT('',(-0.0253352625685908,-0.081118780932199,0.214384992159388));
#1390=CARTESIAN_POINT('',(-0.013696897384884,-0.0879638317579303,0.223938304389088));
#1391=CARTESIAN_POINT('',(-0.0242560921709928,-0.0872950108143761,0.223441482198113));
#1392=CARTESIAN_POINT('',(-0.025334056724937,-0.0788766944306768,0.21707408445224));
#1393=CARTESIAN_POINT('',(-0.0135403696622214,-0.087165419109708,0.225135469844791));
#1394=CARTESIAN_POINT('',(-0.0242347681801607,-0.0865546720359674,0.224772018724111));
#1395=CARTESIAN_POINT('',(-0.0253331348836138,-0.0774333051364835,0.219217964872361));
#1396=CARTESIAN_POINT('',(-0.013381171900953,-0.0864866455747313,0.226407890707831));
#1397=CARTESIAN_POINT('',(-0.0242128152238091,-0.0859574179614849,0.226163004799885));
#1398=CARTESIAN_POINT('',(-0.025332195949716,-0.0762082120240547,0.221497514799007));
#1399=CARTESIAN_POINT('',(-0.0131654636973256,-0.0857458042852232,0.22821460369743));
#1400=CARTESIAN_POINT('',(-0.0241826384229571,-0.0853528256384968,0.228106588917996));
#1401=CARTESIAN_POINT('',(-0.0253309215435071,-0.0748738518817348,0.224736005639427));
#1402=CARTESIAN_POINT('',(-0.0129064992122118,-0.0851756058620766,0.230542906403525));
#1403=CARTESIAN_POINT('',(-0.0241457172703597,-0.0849884867159387,0.230544612486467));
#1404=CARTESIAN_POINT('',(-0.0253293881210005,-0.0738533179973782,0.228911223236314));
#1405=CARTESIAN_POINT('',(-0.0127087055229219,-0.0850940647663693,0.232499741808019));
#1406=CARTESIAN_POINT('',(-0.0241169623296119,-0.0850864483489341,0.232508447090565));
#1407=CARTESIAN_POINT('',(-0.0253282141626382,-0.0737169094659733,0.232419451896469));
#1408=CARTESIAN_POINT('',(-0.0126161406376023,-0.0851509572284276,0.233457999055784));
#1409=CARTESIAN_POINT('',(-0.0241033441262581,-0.0852266738168565,0.233453455321275));
#1410=CARTESIAN_POINT('',(-0.0253276639925802,-0.0738251604973248,0.2341376574307));
#1411=CARTESIAN_POINT('',(-0.0126427756057827,-0.0851372791864367,0.233183465434859));
#1412=CARTESIAN_POINT('',(-0.0139134802335297,-0.0851430571768272,0.233184633538381));
#1413=CARTESIAN_POINT('',(-0.0164082883957417,-0.0847799201699174,0.23312990556538));
#1414=CARTESIAN_POINT('',(-0.0192830650645435,-0.0833944675899166,0.232653691810177));
#1415=CARTESIAN_POINT('',(-0.0211304536115932,-0.081992840093214,0.231610248797578));
#1416=CARTESIAN_POINT('',(-0.0225925168926285,-0.0806375339225645,0.230011267855438));
#1417=CARTESIAN_POINT('',(-0.0231920602689073,-0.0800455667709203,0.228219638181397));
#1418=CARTESIAN_POINT('',(-0.0234158750014498,-0.0800455667709203,0.226959382180726));
#1419=CARTESIAN_POINT('',(-0.0234158750014477,-0.11814556677092,0.226959382180726));
#1420=CARTESIAN_POINT('',(-0.0231927107984954,-0.11814556677092,0.228215975179367));
#1421=CARTESIAN_POINT('',(-0.0225972106021387,-0.117558770430108,0.230001584217992));
#1422=CARTESIAN_POINT('',(-0.0211363859923762,-0.116202871605062,0.231606641489113));
#1423=CARTESIAN_POINT('',(-0.0192813279946157,-0.114796098588372,0.23265421144411));
#1424=CARTESIAN_POINT('',(-0.016432084954102,-0.113418211206458,0.233127704116815));
#1425=CARTESIAN_POINT('',(-0.013911643135349,-0.113048084718432,0.233184631849647));
#1426=CARTESIAN_POINT('',(-0.0126427756057747,-0.113053854355399,0.233183465434889));
#1427=CARTESIAN_POINT('',(2.77555756156289E-17,-0.0863955667709203,0.226959382180726));
#1428=CARTESIAN_POINT('',(-3.46944695195361E-18,-0.11179556677092,0.226959382180726));
#1429=CARTESIAN_POINT('',(0.,0.,0.0254));
#1430=CARTESIAN_POINT('',(0.,-0.00685588790314393,0.0254));
#1431=CARTESIAN_POINT('',(0.0127,-0.00685588790314393,0.0254));
#1432=CARTESIAN_POINT('',(0.012038734769092,-0.00105123105890038,0.00381747188117203));
#1433=CARTESIAN_POINT('',(0.012038734769092,-0.0118424951183144,0.0254));
#1434=CARTESIAN_POINT('',(0.013030632615454,0.00393537615627006,0.00381747188117203));
#1435=CARTESIAN_POINT('',(0.013030632615454,-0.00685588790314393,0.0254));
#1436=CARTESIAN_POINT('',(0.012038734769092,0.00892198337144049,0.00381747188117203));
#1437=CARTESIAN_POINT('',(0.012038734769092,-0.00186928068797351,0.0254));
#1438=CARTESIAN_POINT('',(0.00921404868553813,0.0131494248418082,0.00381747188117203));
#1439=CARTESIAN_POINT('',(0.00921404868553813,0.00235816078239419,0.0254));
#1440=CARTESIAN_POINT('',(0.00498660721517042,0.015974110925362,0.00381747188117203));
#1441=CARTESIAN_POINT('',(0.00498660721517042,0.00518284686594805,0.0254));
#1442=CARTESIAN_POINT('',(6.05797963876276E-18,0.0169660087717241,0.00381747188117203));
#1443=CARTESIAN_POINT('',(3.69957219317988E-18,0.00617474471231007,0.0254));
#1444=CARTESIAN_POINT('',(-0.00498660721517043,0.015974110925362,0.00381747188117203));
#1445=CARTESIAN_POINT('',(-0.00498660721517043,0.00518284686594805,0.0254));
#1446=CARTESIAN_POINT('',(-0.00921404868553814,0.0131494248418082,0.00381747188117203));
#1447=CARTESIAN_POINT('',(-0.00921404868553814,0.00235816078239417,0.0254));
#1448=CARTESIAN_POINT('',(-0.012038734769092,0.00892198337144052,0.00381747188117203));
#1449=CARTESIAN_POINT('',(-0.012038734769092,-0.00186928068797347,0.0254));
#1450=CARTESIAN_POINT('',(-0.013030632615454,0.00393537615627005,0.00381747188117203));
#1451=CARTESIAN_POINT('',(-0.013030632615454,-0.00685588790314395,0.0254));
#1452=CARTESIAN_POINT('',(-0.012038734769092,-0.00105123105890033,0.00381747188117203));
#1453=CARTESIAN_POINT('',(-0.012038734769092,-0.0118424951183143,0.0254));
#1454=CARTESIAN_POINT('',(-0.0092140486855381,-0.00527867252926809,0.00381747188117203));
#1455=CARTESIAN_POINT('',(-0.00921404868553811,-0.0160699365886821,0.0254));
#1456=CARTESIAN_POINT('',(-0.00498660721517046,-0.0081033586128219,0.00381747188117203));
#1457=CARTESIAN_POINT('',(-0.00498660721517047,-0.0188946226722359,0.0254));
#1458=CARTESIAN_POINT('',(5.15673658288418E-17,-0.00909525645918396,0.00381747188117203));
#1459=CARTESIAN_POINT('',(4.92089583832589E-17,-0.019886520518598,0.0254));
#1460=CARTESIAN_POINT('',(0.00498660721517039,-0.00810335861282192,0.00381747188117203));
#1461=CARTESIAN_POINT('',(0.00498660721517039,-0.0188946226722359,0.0254));
#1462=CARTESIAN_POINT('',(0.0092140486855381,-0.0052786725292681,0.00381747188117203));
#1463=CARTESIAN_POINT('',(0.0092140486855381,-0.0160699365886821,0.0254));
#1464=CARTESIAN_POINT('',(0.012038734769092,-0.00105123105890038,0.00381747188117203));
#1465=CARTESIAN_POINT('',(0.012038734769092,-0.0118424951183144,0.0254));
#1466=CARTESIAN_POINT('',(0.013030632615454,0.00393537615627006,0.00381747188117203));
#1467=CARTESIAN_POINT('',(0.013030632615454,-0.00685588790314393,0.0254));
#1468=CARTESIAN_POINT('',(0.012038734769092,0.00892198337144049,0.00381747188117203));
#1469=CARTESIAN_POINT('',(0.012038734769092,-0.00186928068797351,0.0254));
#1470=CARTESIAN_POINT('',(2.35840744558287E-18,0.00393537615627006,0.00381747188117203));
#1471=CARTESIAN_POINT('',(0.0127,0.00393537615627006,0.00381747188117203));
#1472=CARTESIAN_POINT('',(-9.69509594182215E-5,0.00263387439630804,0.00381747188117203));
#1473=CARTESIAN_POINT('',(0.0113381256446044,-0.089856914203933,0.197203473821132));
#1474=CARTESIAN_POINT('',(0.0128725355935962,-0.0905936205596175,0.207909382180726));
#1475=CARTESIAN_POINT('',(0.0226449081151662,-0.0952855667709205,0.207909382180726));
#1476=CARTESIAN_POINT('',(0.0110234526321681,-0.0906248917720891,0.197509951258479));
#1477=CARTESIAN_POINT('',(0.0127123355245884,-0.0915405743195318,0.207909382180571));
#1478=CARTESIAN_POINT('',(0.0219542639388182,-0.0967240385399436,0.207909382180726));
#1479=CARTESIAN_POINT('',(0.0102812533868272,-0.0920860977100952,0.198077347835174));
#1480=CARTESIAN_POINT('',(0.0121714101421497,-0.0933969593323635,0.207909382180498));
#1481=CARTESIAN_POINT('',(0.0203371146324517,-0.0994265265478338,0.207909382180728));
#1482=CARTESIAN_POINT('',(0.00928451780814765,-0.0934161422212745,0.198562189361714));
#1483=CARTESIAN_POINT('',(0.011165303947054,-0.0951616128079359,0.207909382181329));
#1484=CARTESIAN_POINT('',(0.0182343055626822,-0.101817259928686,0.207909382180727));
#1485=CARTESIAN_POINT('',(0.00872511858240976,-0.0940298309945267,0.198779130404382));
#1486=CARTESIAN_POINT('',(0.010557793983651,-0.0959772576901256,0.207909382180727));
#1487=CARTESIAN_POINT('',(0.0170778553822467,-0.10290556677092,0.207909382180727));
#1488=CARTESIAN_POINT('',(0.0170778553822469,-0.10290556677092,0.195209382180727));
#1489=CARTESIAN_POINT('',(0.0226449081151663,-0.0952855667709203,0.195209382180727));
#1490=CARTESIAN_POINT('',(-0.0113384085324493,-0.0898561207263862,0.197203842120333));
#1491=CARTESIAN_POINT('',(-0.0128730028842431,-0.0905930523778104,0.207909382180727));
#1492=CARTESIAN_POINT('',(-0.0226447450389752,-0.0952855667709201,0.207909382180726));
#1493=CARTESIAN_POINT('',(-0.0115481157886341,-0.0893450529668703,0.197001384296494));
#1494=CARTESIAN_POINT('',(-0.0128583198107701,-0.0902685066983482,0.20807174714642));
#1495=CARTESIAN_POINT('',(-0.0231028629169914,-0.0947652088245224,0.207909382180726));
#1496=CARTESIAN_POINT('',(-0.0119110054255984,-0.0883403184574443,0.196674147483054));
#1497=CARTESIAN_POINT('',(-0.0127249071429834,-0.0897671868843262,0.208413451880334));
#1498=CARTESIAN_POINT('',(-0.0239071977082581,-0.0937117507659547,0.207961921793218));
#1499=CARTESIAN_POINT('',(-0.0122906154661154,-0.0868625895094702,0.19644681780856));
#1500=CARTESIAN_POINT('',(-0.0123599796902274,-0.089490215915562,0.208838416226811));
#1501=CARTESIAN_POINT('',(-0.0247622380036155,-0.0920675396378833,0.208221048567662));
#1502=CARTESIAN_POINT('',(-0.0124822303440351,-0.0854725036793863,0.196530679743902));
#1503=CARTESIAN_POINT('',(-0.0120408199663897,-0.0896108063153924,0.209021252366466));
#1504=CARTESIAN_POINT('',(-0.0251935957751746,-0.0904226175548269,0.208672098083975));
#1505=CARTESIAN_POINT('',(-0.0124743130717082,-0.0842049024131733,0.196942414660077));
#1506=CARTESIAN_POINT('',(-0.0119490184286371,-0.089855648248355,0.208911908992971));
#1507=CARTESIAN_POINT('',(-0.0251678202451913,-0.0888237606472464,0.209311470863559));
#1508=CARTESIAN_POINT('',(-0.0122632235674275,-0.0830969202758824,0.197671421592514));
#1509=CARTESIAN_POINT('',(-0.0121126759587478,-0.089889476784566,0.208625371144617));
#1510=CARTESIAN_POINT('',(-0.0246744586956264,-0.0873210350249348,0.210119752797931));
#1511=CARTESIAN_POINT('',(-0.0118543075210985,-0.0821587037842818,0.198682843009692));
#1512=CARTESIAN_POINT('',(-0.0123710241188568,-0.0894895025032579,0.208396968558518));
#1513=CARTESIAN_POINT('',(-0.0237400684905036,-0.0859610229561411,0.211059174850498));
#1514=CARTESIAN_POINT('',(-0.0112683689612124,-0.0814016558745296,0.199904529200487));
#1515=CARTESIAN_POINT('',(-0.0125032206800355,-0.088683408687353,0.208409481319822));
#1516=CARTESIAN_POINT('',(-0.0224277429540205,-0.0847743077131539,0.212079242559431));
#1517=CARTESIAN_POINT('',(-0.0102590167170001,-0.0806037830916573,0.201752236559813));
#1518=CARTESIAN_POINT('',(-0.0122967194729186,-0.0872590182897426,0.208840871045866));
#1519=CARTESIAN_POINT('',(-0.0202229084368724,-0.0834133088083363,0.213510261610798));
#1520=CARTESIAN_POINT('',(-0.00898120277225978,-0.0801123924752073,0.203739328711158));
#1521=CARTESIAN_POINT('',(-0.0113975438272393,-0.0856644253447747,0.20983052971758));
#1522=CARTESIAN_POINT('',(-0.0175279556797533,-0.0824090979545606,0.214930638171207));
#1523=CARTESIAN_POINT('',(-0.00742751750733747,-0.0798315413880422,0.205714822199636));
#1524=CARTESIAN_POINT('',(-0.00976480909593884,-0.0842698687521021,0.211120993908531));
#1525=CARTESIAN_POINT('',(-0.014370610118563,-0.0816688478045727,0.216276520544327));
#1526=CARTESIAN_POINT('',(-0.00615453268685642,-0.079713705116529,0.207095439087717));
#1527=CARTESIAN_POINT('',(-0.00826659254214971,-0.0834040417270941,0.212103835371622));
#1528=CARTESIAN_POINT('',(-0.0118383640076141,-0.0812475731237995,0.217192776113039));
#1529=CARTESIAN_POINT('',(-0.00477165375278702,-0.0796644478058044,0.208325335244578));
#1530=CARTESIAN_POINT('',(-0.00651075021721302,-0.0827170857809795,0.21303326253546));
#1531=CARTESIAN_POINT('',(-0.00913149627431977,-0.0809373479188573,0.217993143448978));
#1532=CARTESIAN_POINT('',(-0.00325307821832298,-0.0796596307195827,0.209335710673379));
#1533=CARTESIAN_POINT('',(-0.00448763706906647,-0.082213177661371,0.213826572093975));
#1534=CARTESIAN_POINT('',(-0.00620113201352613,-0.0807242523579947,0.218640462600893));
#1535=CARTESIAN_POINT('',(-0.00166892568482176,-0.0796731201863535,0.209997073107042));
#1536=CARTESIAN_POINT('',(-0.00231778235102698,-0.0819130016800316,0.214357710549431));
#1537=CARTESIAN_POINT('',(-0.00317582993847643,-0.0806036916399769,0.219059682765082));
#1538=CARTESIAN_POINT('',(4.421502659323E-6,-0.0796813608678127,0.210235652038438));
#1539=CARTESIAN_POINT('',(6.24173151768909E-6,-0.0818103021009825,0.214551281067552));
#1540=CARTESIAN_POINT('',(9.12227159661392E-6,-0.0805636444745645,0.219210170316652));
#1541=CARTESIAN_POINT('',(0.00164091899164024,-0.0796734381231137,0.210004329135552));
#1542=CARTESIAN_POINT('',(0.00227827850342439,-0.0819098439508637,0.214363473624543));
#1543=CARTESIAN_POINT('',(0.00312003581350108,-0.0806023581286502,0.219064325155073));
#1544=CARTESIAN_POINT('',(0.00379150654029692,-0.0796551323894609,0.209112397073361));
#1545=CARTESIAN_POINT('',(0.00523597023500942,-0.0823153930328579,0.213645156935473));
#1546=CARTESIAN_POINT('',(0.00723056127606917,-0.0807651093265938,0.218498857545855));
#1547=CARTESIAN_POINT('',(0.00571101990069229,-0.0796727658337744,0.207574999672743));
#1548=CARTESIAN_POINT('',(0.00776298158653206,-0.0831132960927553,0.212433385514133));
#1549=CARTESIAN_POINT('',(0.0109558617150374,-0.0811012131310652,0.217511048850573));
#1550=CARTESIAN_POINT('',(0.0074274232376214,-0.0798318087470186,0.205714916683836));
#1551=CARTESIAN_POINT('',(0.00976417197813595,-0.0842699302558314,0.211121452197959));
#1552=CARTESIAN_POINT('',(0.0143704385507906,-0.0816691190533505,0.216276515447428));
#1553=CARTESIAN_POINT('',(0.00896282631608459,-0.080107438095258,0.203764445400155));
#1554=CARTESIAN_POINT('',(0.0113803907406379,-0.0856458096032864,0.209845248012601));
#1555=CARTESIAN_POINT('',(0.017490198360423,-0.0823980349021458,0.214948159404454));
#1556=CARTESIAN_POINT('',(0.0102639669300279,-0.0806075098311447,0.20174397852706));
#1557=CARTESIAN_POINT('',(0.0122989675587503,-0.0872646590461687,0.208838547294508));
#1558=CARTESIAN_POINT('',(0.0202332334857273,-0.0834193797771169,0.213503911532466));
#1559=CARTESIAN_POINT('',(0.0112601963127077,-0.0813938970465317,0.199920002616164));
#1560=CARTESIAN_POINT('',(0.0125022773040292,-0.0886718799025506,0.208412149622116));
#1561=CARTESIAN_POINT('',(0.0224098450714601,-0.0847615971849508,0.21209155806413));
#1562=CARTESIAN_POINT('',(0.0118527490883778,-0.0821559944480769,0.198686527097862));
#1563=CARTESIAN_POINT('',(0.0123723838335725,-0.0894874736599423,0.208396117079751));
#1564=CARTESIAN_POINT('',(0.0237364659323884,-0.0859569710542798,0.211062360925881));
#1565=CARTESIAN_POINT('',(0.0122589821059425,-0.0830838459759595,0.197683012092997));
#1566=CARTESIAN_POINT('',(0.012115543880002,-0.0898867363750886,0.208621975772554));
#1567=CARTESIAN_POINT('',(0.0246646743547684,-0.087302358359557,0.21013135229984));
#1568=CARTESIAN_POINT('',(0.0124734481686429,-0.0841961228422355,0.196946830592153));
#1569=CARTESIAN_POINT('',(0.011949687247781,-0.0898569884824553,0.208910013152009));
#1570=CARTESIAN_POINT('',(0.0251657578979825,-0.0888129772522868,0.209316619267167));
#1571=CARTESIAN_POINT('',(0.0124837945043405,-0.0854546062459346,0.196533261001332));
#1572=CARTESIAN_POINT('',(0.0120373373255466,-0.0896158600112688,0.209021224222275));
#1573=CARTESIAN_POINT('',(0.0251970966433775,-0.0903982133383863,0.208680200711383));
#1574=CARTESIAN_POINT('',(0.0122921068106065,-0.0868554023871342,0.196446596445088));
#1575=CARTESIAN_POINT('',(0.0123580619858146,-0.0894894139730702,0.208840446190409));
#1576=CARTESIAN_POINT('',(0.0247654499805659,-0.0920603283954396,0.208222432578956));
#1577=CARTESIAN_POINT('',(0.0119158701804411,-0.0883246644590418,0.196669684639912));
#1578=CARTESIAN_POINT('',(0.0127215715974035,-0.0897616736924615,0.208418466298534));
#1579=CARTESIAN_POINT('',(0.0239184678504815,-0.0936941813765818,0.207963611846334));
#1580=CARTESIAN_POINT('',(0.0115470466208732,-0.0893470305565628,0.196999994136082));
#1581=CARTESIAN_POINT('',(0.0128563836770359,-0.090270016603721,0.208071913896293));
#1582=CARTESIAN_POINT('',(0.0231034477733637,-0.0947646330666076,0.207909382180726));
#1583=CARTESIAN_POINT('',(0.0113381256446046,-0.0898569142039327,0.197203473821133));
#1584=CARTESIAN_POINT('',(0.0128725355935964,-0.0905936205596173,0.207909382180727));
#1585=CARTESIAN_POINT('',(0.0226449081151664,-0.0952855667709202,0.207909382180726));
#1586=CARTESIAN_POINT('',(-0.022644745038975,-0.0952855667709203,0.195209382180727));
#1587=CARTESIAN_POINT('',(-0.0170778518457639,-0.10290556677092,0.207909382180726));
#1588=CARTESIAN_POINT('',(-0.0105578257937293,-0.0959772398023188,0.207909382180727));
#1589=CARTESIAN_POINT('',(-0.00872515326033241,-0.0940298005687307,0.198779144170692));
#1590=CARTESIAN_POINT('',(-0.0159148932589086,-0.103502524762657,0.207909382180726));
#1591=CARTESIAN_POINT('',(-0.0100982885794112,-0.0965419146707037,0.20764263480722));
#1592=CARTESIAN_POINT('',(-0.00816260952833244,-0.0946469350428071,0.198997305234338));
#1593=CARTESIAN_POINT('',(-0.0140619498863599,-0.104307469920307,0.207961333257633));
#1594=CARTESIAN_POINT('',(-0.00920994311321807,-0.0974371757675511,0.207327472032555));
#1595=CARTESIAN_POINT('',(-0.00725221413165331,-0.0955078554647542,0.199373588383597));
#1596=CARTESIAN_POINT('',(-0.0113791230967682,-0.105199851148206,0.208078617004663));
#1597=CARTESIAN_POINT('',(-0.00765866944682952,-0.0985534204681726,0.207066699327486));
#1598=CARTESIAN_POINT('',(-0.00590192432988579,-0.0964970617474108,0.199884270145324));
#1599=CARTESIAN_POINT('',(-0.00852089722115733,-0.105969252285341,0.20821283599428));
#1600=CARTESIAN_POINT('',(-0.00589398916876118,-0.0995588585590069,0.206896936677572));
#1601=CARTESIAN_POINT('',(-0.00444286195065038,-0.0973687899845709,0.20037664080591));
#1602=CARTESIAN_POINT('',(-0.00553096971110902,-0.106503879044636,0.208338605575193));
#1603=CARTESIAN_POINT('',(-0.00387848340184368,-0.100311716745746,0.20683358694581));
#1604=CARTESIAN_POINT('',(-0.00289436189253122,-0.097991408017927,0.200770645656401));
#1605=CARTESIAN_POINT('',(-0.00243521496374816,-0.106784181078036,0.20841093514621));
#1606=CARTESIAN_POINT('',(-0.00171691143387773,-0.100711424369905,0.206812753309895));
#1607=CARTESIAN_POINT('',(-0.00127625764890097,-0.098321351467438,0.200987330073131));
#1608=CARTESIAN_POINT('',(0.000770109994539503,-0.106882737656179,0.208437720794774));
#1609=CARTESIAN_POINT('',(0.000541267250608795,-0.100853516063765,0.206807827393174));
#1610=CARTESIAN_POINT('',(0.000403568199995685,-0.0984380234033826,0.201065698278808));
#1611=CARTESIAN_POINT('',(0.00468433473690411,-0.106652012824679,0.20837389814556));
#1612=CARTESIAN_POINT('',(0.00331631336061195,-0.100517226523935,0.206817320452798));
#1613=CARTESIAN_POINT('',(0.00245492287099605,-0.0981643028843771,0.200880456925083));
#1614=CARTESIAN_POINT('',(0.00925054116378239,-0.105840350256973,0.208182317970076));
#1615=CARTESIAN_POINT('',(0.00639707747958563,-0.099373650979983,0.206911822425656));
#1616=CARTESIAN_POINT('',(0.00482173869428924,-0.0972184014578081,0.200281411071807));
#1617=CARTESIAN_POINT('',(0.0134105302094921,-0.104589919920114,0.207979610735891));
#1618=CARTESIAN_POINT('',(0.00890770835590065,-0.0977417981736769,0.207220100429253));
#1619=CARTESIAN_POINT('',(0.00693262853657062,-0.0958098208769862,0.199505768820049));
#1620=CARTESIAN_POINT('',(0.0159140514714423,-0.103502963456715,0.207909382180726));
#1621=CARTESIAN_POINT('',(0.0100979283942803,-0.096542340980264,0.207642442808386));
#1622=CARTESIAN_POINT('',(0.00816216220304688,-0.0946474221425195,0.198997450950255));
#1623=CARTESIAN_POINT('',(0.017077855382247,-0.10290556677092,0.207909382180726));
#1624=CARTESIAN_POINT('',(0.0105577939836513,-0.0959772576901256,0.207909382180726));
#1625=CARTESIAN_POINT('',(0.00872511858240989,-0.0940298309945266,0.198779130404382));
#1626=CARTESIAN_POINT('',(-0.0170778518457638,-0.10290556677092,0.195209382180727));
#1627=CARTESIAN_POINT('',(-0.00872515326033222,-0.0940298005687309,0.198779144170692));
#1628=CARTESIAN_POINT('',(-0.010557825793729,-0.095977239802319,0.207909382180726));
#1629=CARTESIAN_POINT('',(-0.0170778518457634,-0.10290556677092,0.207909382180726));
#1630=CARTESIAN_POINT('',(-0.00983107237085437,-0.0928165601228347,0.198350255757667));
#1631=CARTESIAN_POINT('',(-0.0117667909841553,-0.0943540910504681,0.207909382180846));
#1632=CARTESIAN_POINT('',(-0.019364141874527,-0.100754012634005,0.207909382180726));
#1633=CARTESIAN_POINT('',(-0.0107078892426981,-0.0913927298377391,0.197812564799459));
#1634=CARTESIAN_POINT('',(-0.0125525446211457,-0.0924660087198871,0.207909382182234));
#1635=CARTESIAN_POINT('',(-0.0212673384370462,-0.0981538930082505,0.207909382180726));
#1636=CARTESIAN_POINT('',(-0.0113384085324493,-0.0898561207263862,0.197203842120333));
#1637=CARTESIAN_POINT('',(-0.0128730028842429,-0.0905930523778103,0.207909382180726));
#1638=CARTESIAN_POINT('',(-0.0226447450389752,-0.0952855667709201,0.207909382180726));
#1639=MECHANICAL_DESIGN_GEOMETRIC_PRESENTATION_REPRESENTATION('',(#347),
#1640);
#1640=(
GEOMETRIC_REPRESENTATION_CONTEXT(3)
GLOBAL_UNCERTAINTY_ASSIGNED_CONTEXT((#1641))
GLOBAL_UNIT_ASSIGNED_CONTEXT((#1644,#1643,#1642))
REPRESENTATION_CONTEXT('Perch_Desk_Upper','TOP_LEVEL_ASSEMBLY_PART')
);
#1641=UNCERTAINTY_MEASURE_WITH_UNIT(LENGTH_MEASURE(4.57189108418934E-5),
#1644,'DISTANCE_ACCURACY_VALUE','Maximum Tolerance applied to model');
#1642=(
NAMED_UNIT(*)
SI_UNIT($,.STERADIAN.)
SOLID_ANGLE_UNIT()
);
#1643=(
NAMED_UNIT(*)
PLANE_ANGLE_UNIT()
SI_UNIT($,.RADIAN.)
);
#1644=(
LENGTH_UNIT()
NAMED_UNIT(*)
SI_UNIT($,.METRE.)
);
#1645=PRODUCT_DEFINITION_SHAPE('','',#1646);
#1646=PRODUCT_DEFINITION('','',#1648,#1647);
#1647=PRODUCT_DEFINITION_CONTEXT('',#1654,'design');
#1648=PRODUCT_DEFINITION_FORMATION_WITH_SPECIFIED_SOURCE('','',#1650,
 .NOT_KNOWN.);
#1649=PRODUCT_RELATED_PRODUCT_CATEGORY('','',(#1650));
#1650=PRODUCT('Perch_Desk_Upper','Perch_Desk_Upper','Perch_Desk_Upper',
(#1652));
#1651=PRODUCT_CATEGORY('','');
#1652=PRODUCT_CONTEXT('',#1654,'mechanical');
#1653=APPLICATION_PROTOCOL_DEFINITION('international standard',
'ap242_managed_model_based_3d_engineering',2020,#1654);
#1654=APPLICATION_CONTEXT('managed model based 3d engineering');
ENDSEC;
END-ISO-10303-21;
