ISO-10303-21;
HEADER;
/* Generated by software containing ST-Developer
 * from STEP Tools, Inc. (www.steptools.com) 
 */
/* OPTION: using custom renumber hook */

FILE_DESCRIPTION(
/* description */ ('STEP AP242 Edition 2',
'CAx-IF Rec.Pracs.---Representation and Presentation of Product Manufa
cturing Information (PMI)---4.0---2014-10-13',
'CAx-IF Rec.Pracs.---3D Tessellated Geometry---0.4---2014-09-14','2;1',
'CAx-IF Rec.Pracs.---User Defined Attributes---1.5---2016-08-15'),
/* implementation_level */ '2;1');

FILE_NAME(
/* name */ 'Desktop - Perch_Desk_Lower',
/* time_stamp */ '2026-08-19T01:22:28Z',
/* author */ (''),
/* organization */ (''),
/* preprocessor_version */ 'ST-DEVELOPER v20',
/* originating_system */ 'ONSHAPE BY PTC INC, 1.219',
/* authorisation */ '  ');

FILE_SCHEMA (('AP242_MANAGED_MODEL_BASED_3D_ENGINEERING_MIM_LF { 1 0 10303 442 3 1 4 }'));
ENDSEC;

DATA;
#10=SHAPE_REPRESENTATION_RELATIONSHIP('','',#299,#11);
#11=ADVANCED_BREP_SHAPE_REPRESENTATION('',(#297),#1462);
#12=(
BOUNDED_SURFACE()
B_SPLINE_SURFACE(3,2,((#503,#504,#505),(#506,#507,#508),(#509,#510,#511),
(#512,#513,#514),(#515,#516,#517),(#518,#519,#520),(#521,#522,#523),(#524,
#525,#526),(#527,#528,#529),(#530,#531,#532),(#533,#534,#535),(#536,#537,
#538),(#539,#540,#541),(#542,#543,#544),(#545,#546,#547),(#548,#549,#550),
(#551,#552,#553),(#554,#555,#556),(#557,#558,#559),(#560,#561,#562),(#563,
#564,#565),(#566,#567,#568),(#569,#570,#571),(#572,#573,#574),(#575,#576,
#577),(#578,#579,#580),(#581,#582,#583),(#584,#585,#586),(#587,#588,#589),
(#590,#591,#592),(#593,#594,#595),(#596,#597,#598),(#599,#600,#601),(#602,
#603,#604),(#605,#606,#607),(#608,#609,#610),(#611,#612,#613),(#614,#615,
#616),(#617,#618,#619),(#620,#621,#622),(#623,#624,#625),(#626,#627,#628),
(#629,#630,#631),(#632,#633,#634),(#635,#636,#637),(#638,#639,#640),(#641,
#642,#643),(#644,#645,#646),(#647,#648,#649),(#650,#651,#652),(#653,#654,
#655),(#656,#657,#658),(#659,#660,#661),(#662,#663,#664),(#665,#666,#667),
(#668,#669,#670),(#671,#672,#673),(#674,#675,#676),(#677,#678,#679),(#680,
#681,#682),(#683,#684,#685),(#686,#687,#688),(#689,#690,#691),(#692,#693,
#694),(#695,#696,#697),(#698,#699,#700),(#701,#702,#703),(#704,#705,#706),
(#707,#708,#709),(#710,#711,#712),(#713,#714,#715),(#716,#717,#718),(#719,
#720,#721)),.UNSPECIFIED.,.F.,.F.,.F.)
B_SPLINE_SURFACE_WITH_KNOTS((4,1,1,1,1,1,1,1,1,1,1,1,1,1,1,1,1,1,1,1,1,
1,1,1,1,1,1,1,1,1,1,1,1,1,1,1,1,1,1,1,1,1,1,1,1,1,1,1,1,1,1,1,1,1,1,1,1,
1,1,1,1,1,1,1,1,1,1,1,1,1,4),(3,3),(0.00269471404000934,0.00296392141276989,
0.00323312878553043,0.00336773247191071,0.00350233615829098,0.00363693984467125,
0.00377154353105152,0.00404075090381207,0.00430995827657262,0.00484837302209371,
0.0053867877676148,0.00592520251313589,0.00700203200417807,0.00915569098626244,
0.0113093499683468,0.0134630089504312,0.0156166679325155,0.0177703269145999,
0.0199239858966843,0.024231303860853,0.0285386218250217,0.0328459397891905,
0.0349995987712748,0.0371532577533592,0.0414605757175279,0.0457678936816966,
0.0500752116458654,0.0543825296100341,0.0565361885921185,0.0586898475742028,
0.0592282623197239,0.059766677065245,0.0608435065562872,0.0629971655383716,
0.0673044835025403,0.071611801466709,0.0759191194308778,0.0780727784129621,
0.0802264373950465,0.0823800963771309,0.083456925868173,0.0839953406136941,
0.0845337553592152,0.0866874143412996,0.088841073323384,0.0931483912875527,
0.0974557092517214,0.10176302721589,0.106070345180059,0.108224004162143,
0.110377663144228,0.114684981108396,0.118992299072565,0.123299617036734,
0.127606935000903,0.129760593982987,0.131914252965071,0.134067911947156,
0.13622157092924,0.137298400420282,0.137836815165803,0.138375229911324,
0.138913644656845,0.139182852029606,0.139452059402367,0.139586663088747,
0.139721266775127,0.139855870461507,0.139990474147888,0.140259681520648,
0.140528888893409),(0.,1.),.UNSPECIFIED.)
GEOMETRIC_REPRESENTATION_ITEM()
RATIONAL_B_SPLINE_SURFACE(((1.,0.999685793676011,1.),(1.,0.999751277956286,
1.),(1.,0.999861761277618,1.),(1.,0.999949450558629,1.),(1.,0.999987803743833,
1.),(1.,1.00000453330731,1.),(1.,0.999988005577308,1.),(1.,0.999949949993712,
1.),(1.,0.999862961345051,1.),(1.,0.999643838572065,1.),(1.,0.999219027971144,
1.),(1.,0.998467291816153,1.),(1.,0.997143826016011,1.),(1.,0.993983087464414,
1.),(1.,0.987086960059861,1.),(1.,0.975122084064539,1.),(1.,0.959588604338995,
1.),(1.,0.940890654619353,1.),(1.,0.91946207340313,1.),(1.,0.888081057399233,
1.),(1.,0.845965564473998,1.),(1.,0.801629774283257,1.),(1.,0.770915707153232,
1.),(1.,0.749716943943797,1.),(1.,0.727430456971735,1.),(1.,0.706730218606399,
1.),(1.,0.695059581969199,1.),(1.,0.704892850864654,1.),(1.,0.734261109122546,
1.),(1.,0.768130776902579,1.),(1.,0.790262844234446,1.),(1.,0.805598021972504,
1.),(1.,0.81638870127557,1.),(1.,0.834927487337221,1.),(1.,0.867389362324969,
1.),(1.,0.899947749954143,1.),(1.,0.913879825429194,1.),(1.,0.90350426771048,
1.),(1.,0.882274459679812,1.),(1.,0.860472141929032,1.),(1.,0.837529714366157,
1.),(1.,0.819494323216229,1.),(1.,0.808502657941781,1.),(1.,0.793188975196537,
1.),(1.,0.771028757315169,1.),(1.,0.736798646809915,1.),(1.,0.705742736446038,
1.),(1.,0.694979491456461,1.),(1.,0.70604961322862,1.),(1.,0.726687338312812,
1.),(1.,0.74890799675092,1.),(1.,0.769921437447228,1.),(1.,0.800354926060981,
1.),(1.,0.845602334509776,1.),(1.,0.895741376503069,1.),(1.,0.93416520549745,
1.),(1.,0.959365518653139,1.),(1.,0.974994661882164,1.),(1.,0.987029570487889,
1.),(1.,0.993951264516838,1.),(1.,0.997127114280702,1.),(1.,0.998459086987837,
1.),(1.,0.999215932770861,1.),(1.,0.999643100727083,1.),(1.,0.999863156926617,
1.),(1.,0.999950297710434,1.),(1.,0.999988279213253,1.),(1.,1.00000452040478,
1.),(1.,0.999988005306174,1.),(1.,0.999950212044998,1.),(1.,0.999863561009506,
1.),(1.,0.999754320830076,1.),(1.,0.999689551870535,1.)))
REPRESENTATION_ITEM('')
SURFACE()
);
#13=B_SPLINE_SURFACE_WITH_KNOTS('',3,1,((#476,#477),(#478,#479),(#480,#481),
(#482,#483),(#484,#485),(#486,#487),(#488,#489)),
 .SURF_OF_LINEAR_EXTRUSION.,.F.,.F.,.F.,(4,1,1,1,4),(2,2),(-1.27641800271847E-7,
0.249999936175737,0.499999999993275,0.750000063810813,1.00000012762835),
(0.,1.),.UNSPECIFIED.);
#14=B_SPLINE_SURFACE_WITH_KNOTS('',3,1,((#802,#803,#804),(#805,#806,#807),
(#808,#809,#810),(#811,#812,#813),(#814,#815,#816),(#817,#818,#819),(#820,
#821,#822),(#823,#824,#825),(#826,#827,#828),(#829,#830,#831),(#832,#833,
#834),(#835,#836,#837),(#838,#839,#840),(#841,#842,#843),(#844,#845,#846),
(#847,#848,#849),(#850,#851,#852),(#853,#854,#855),(#856,#857,#858),(#859,
#860,#861),(#862,#863,#864),(#865,#866,#867),(#868,#869,#870),(#871,#872,
#873),(#874,#875,#876),(#877,#878,#879),(#880,#881,#882),(#883,#884,#885),
(#886,#887,#888),(#889,#890,#891),(#892,#893,#894),(#895,#896,#897),(#898,
#899,#900),(#901,#902,#903),(#904,#905,#906),(#907,#908,#909),(#910,#911,
#912),(#913,#914,#915),(#916,#917,#918),(#919,#920,#921),(#922,#923,#924),
(#925,#926,#927),(#928,#929,#930),(#931,#932,#933),(#934,#935,#936),(#937,
#938,#939),(#940,#941,#942),(#943,#944,#945),(#946,#947,#948),(#949,#950,
#951),(#952,#953,#954),(#955,#956,#957),(#958,#959,#960),(#961,#962,#963),
(#964,#965,#966),(#967,#968,#969),(#970,#971,#972),(#973,#974,#975),(#976,
#977,#978),(#979,#980,#981),(#982,#983,#984),(#985,#986,#987),(#988,#989,
#990),(#991,#992,#993),(#994,#995,#996),(#997,#998,#999),(#1000,#1001,#1002),
(#1003,#1004,#1005),(#1006,#1007,#1008),(#1009,#1010,#1011),(#1012,#1013,
#1014),(#1015,#1016,#1017),(#1018,#1019,#1020),(#1021,#1022,#1023),(#1024,
#1025,#1026),(#1027,#1028,#1029),(#1030,#1031,#1032),(#1033,#1034,#1035),
(#1036,#1037,#1038),(#1039,#1040,#1041),(#1042,#1043,#1044),(#1045,#1046,
#1047),(#1048,#1049,#1050),(#1051,#1052,#1053),(#1054,#1055,#1056),(#1057,
#1058,#1059),(#1060,#1061,#1062),(#1063,#1064,#1065),(#1066,#1067,#1068),
(#1069,#1070,#1071),(#1072,#1073,#1074),(#1075,#1076,#1077),(#1078,#1079,
#1080),(#1081,#1082,#1083),(#1084,#1085,#1086),(#1087,#1088,#1089),(#1090,
#1091,#1092),(#1093,#1094,#1095),(#1096,#1097,#1098),(#1099,#1100,#1101),
(#1102,#1103,#1104),(#1105,#1106,#1107),(#1108,#1109,#1110),(#1111,#1112,
#1113),(#1114,#1115,#1116),(#1117,#1118,#1119),(#1120,#1121,#1122),(#1123,
#1124,#1125),(#1126,#1127,#1128),(#1129,#1130,#1131),(#1132,#1133,#1134),
(#1135,#1136,#1137),(#1138,#1139,#1140),(#1141,#1142,#1143),(#1144,#1145,
#1146),(#1147,#1148,#1149),(#1150,#1151,#1152),(#1153,#1154,#1155),(#1156,
#1157,#1158),(#1159,#1160,#1161),(#1162,#1163,#1164),(#1165,#1166,#1167),
(#1168,#1169,#1170),(#1171,#1172,#1173),(#1174,#1175,#1176),(#1177,#1178,
#1179),(#1180,#1181,#1182),(#1183,#1184,#1185),(#1186,#1187,#1188),(#1189,
#1190,#1191),(#1192,#1193,#1194),(#1195,#1196,#1197),(#1198,#1199,#1200),
(#1201,#1202,#1203),(#1204,#1205,#1206),(#1207,#1208,#1209),(#1210,#1211,
#1212),(#1213,#1214,#1215),(#1216,#1217,#1218),(#1219,#1220,#1221),(#1222,
#1223,#1224),(#1225,#1226,#1227),(#1228,#1229,#1230),(#1231,#1232,#1233),
(#1234,#1235,#1236),(#1237,#1238,#1239),(#1240,#1241,#1242),(#1243,#1244,
#1245),(#1246,#1247,#1248),(#1249,#1250,#1251),(#1252,#1253,#1254),(#1255,
#1256,#1257),(#1258,#1259,#1260),(#1261,#1262,#1263),(#1264,#1265,#1266),
(#1267,#1268,#1269),(#1270,#1271,#1272),(#1273,#1274,#1275),(#1276,#1277,
#1278),(#1279,#1280,#1281),(#1282,#1283,#1284),(#1285,#1286,#1287),(#1288,
#1289,#1290),(#1291,#1292,#1293),(#1294,#1295,#1296),(#1297,#1298,#1299),
(#1300,#1301,#1302),(#1303,#1304,#1305),(#1306,#1307,#1308),(#1309,#1310,
#1311),(#1312,#1313,#1314),(#1315,#1316,#1317),(#1318,#1319,#1320),(#1321,
#1322,#1323),(#1324,#1325,#1326),(#1327,#1328,#1329),(#1330,#1331,#1332),
(#1333,#1334,#1335),(#1336,#1337,#1338),(#1339,#1340,#1341),(#1342,#1343,
#1344),(#1345,#1346,#1347),(#1348,#1349,#1350),(#1351,#1352,#1353),(#1354,
#1355,#1356),(#1357,#1358,#1359),(#1360,#1361,#1362),(#1363,#1364,#1365),
(#1366,#1367,#1368),(#1369,#1370,#1371),(#1372,#1373,#1374),(#1375,#1376,
#1377),(#1378,#1379,#1380),(#1381,#1382,#1383),(#1384,#1385,#1386),(#1387,
#1388,#1389),(#1390,#1391,#1392),(#1393,#1394,#1395),(#1396,#1397,#1398),
(#1399,#1400,#1401),(#1402,#1403,#1404),(#1405,#1406,#1407),(#1408,#1409,
#1410),(#1411,#1412,#1413),(#1414,#1415,#1416),(#1417,#1418,#1419)),
 .RULED_SURF.,.T.,.F.,.F.,(2,2,2,2,2,2,2,2,2,2,2,2,2,2,2,2,2,2,2,2,2,2,
2,2,2,2,2,2,2,2,2,2,2,2,2,2,2,2,2,2,2,2,2,2,2,2,2,2,2,2,2,2,2,2,2,2,2,2,
2,2,2,2,2,2,2,2,2,2,2,2,2,2,2,2,2,2,2,2,2,2,2,2,2,2,2,2,2,2,2,2,2,2,2,2,
2,2,2,2,2,2,2,2,2,2,2),(2,1,2),(-0.00269646416740099,0.,0.0314517253119875,
0.062903450623975,0.0943551759359624,0.12580690124795,0.130736933932312,
0.135666966616674,0.140596999301037,0.145527031985399,0.155387097354124,
0.165247162722848,0.175107228091573,0.184967293460297,0.189897326144659,
0.194827358829021,0.199757391513383,0.204687424197745,0.209617456882108,
0.21454748956647,0.219477522250833,0.224407554935195,0.234267620303919,
0.244127685672644,0.253987751041368,0.263847816410093,0.268777849094455,
0.273707881778817,0.278637914463179,0.283567947147541,0.315019672459529,
0.346471397771517,0.377923123083504,0.409374848395491,0.412071312562893,
0.414767776730293,0.417464240897694,0.420160705065096,0.422857169232496,
0.425553633399897,0.4309465617347,0.436339490069502,0.441732418404304,0.447125346739106,
0.452518275073908,0.457911203408711,0.463304131743513,0.468697060078315,
0.474089988413117,0.479482916747919,0.484875845082721,0.490268773417523,
0.495661701752325,0.504614322590641,0.513566943428957,0.522519564267273,
0.531472185105589,0.54937742678222,0.567282668458852,0.585187910135483,
0.603093151812115,0.620998393488746,0.638903635165378,0.647126608794424,
0.65534958242347,0.663572556052516,0.671795529681562,0.688241476939654,
0.704687424197746,0.721133371455838,0.73757931871393,0.745802292342976,
0.754025265972022,0.762248239601068,0.770471213230114,0.788376454906745,
0.806281696583377,0.824186938260008,0.84209217993664,0.859997421613271,
0.877902663289903,0.886855284128219,0.895807904966535,0.90476052580485,
0.913713146643166,0.919106074977968,0.92449900331277,0.929891931647572,
0.935284859982375,0.940677788317177,0.946070716651979,0.951463644986781,
0.956856573321583,0.962249501656385,0.967642429991187,0.973035358325989,
0.978428286660792,0.983821214995594,0.986517679162995,0.989214143330396,
0.991910607497797,0.994607071665198,0.997303535832599,1.,1.03145172531199),
(-0.01,0.,1.),.UNSPECIFIED.);
#15=B_SPLINE_SURFACE_WITH_KNOTS('',3,1,((#1420,#1421),(#1422,#1423),(#1424,
#1425),(#1426,#1427),(#1428,#1429),(#1430,#1431),(#1432,#1433),(#1434,#1435),
(#1436,#1437),(#1438,#1439),(#1440,#1441),(#1442,#1443),(#1444,#1445),(#1446,
#1447),(#1448,#1449),(#1450,#1451),(#1452,#1453),(#1454,#1455),(#1456,#1457)),
 .SURF_OF_LINEAR_EXTRUSION.,.T.,.F.,.F.,(1,1,1,1,1,1,1,1,1,1,1,1,1,1,1,
1,1,1,1,1,1,1,1),(2,2),(-1.17809724509617,-0.785398163397448,-0.392699081698725,
0.,0.392699081698724,0.785398163397448,1.17809724509617,1.5707963267949,
1.96349540849362,2.35619449019234,2.74889357189107,3.14159265358979,3.53429173528852,
3.92699081698724,4.31968989868597,4.71238898038469,5.10508806208341,5.49778714378214,
5.89048622548086,6.28318530717959,6.67588438887831,7.06858347057703,7.46128255227576),
(0.,1.),.UNSPECIFIED.);
#16=CYLINDRICAL_SURFACE('',#313,0.0253999994507441);
#17=CYLINDRICAL_SURFACE('',#316,0.00636947291033394);
#18=CYLINDRICAL_SURFACE('',#321,0.00636947291033398);
#19=LINE('',#445,#35);
#20=LINE('',#449,#36);
#21=LINE('',#453,#37);
#22=LINE('',#457,#38);
#23=LINE('',#462,#39);
#24=LINE('',#463,#40);
#25=LINE('',#465,#41);
#26=LINE('',#467,#42);
#27=LINE('',#471,#43);
#28=LINE('',#473,#44);
#29=LINE('',#475,#45);
#30=LINE('',#492,#46);
#31=LINE('',#494,#47);
#32=LINE('',#496,#48);
#33=LINE('',#500,#49);
#34=LINE('',#502,#50);
#35=VECTOR('',#346,1.);
#36=VECTOR('',#349,1.);
#37=VECTOR('',#352,1.);
#38=VECTOR('',#355,1.);
#39=VECTOR('',#360,1.);
#40=VECTOR('',#361,1.);
#41=VECTOR('',#364,1.);
#42=VECTOR('',#365,1.);
#43=VECTOR('',#370,1.);
#44=VECTOR('',#373,1.);
#45=VECTOR('',#374,1.);
#46=VECTOR('',#377,1.);
#47=VECTOR('',#380,1.);
#48=VECTOR('',#381,1.);
#49=VECTOR('',#386,1.);
#50=VECTOR('',#389,1.);
#51=B_SPLINE_CURVE_WITH_KNOTS('',3,(#398,#399,#400,#401,#402,#403,#404,
#405,#406,#407,#408,#409,#410,#411,#412,#413,#414,#415,#416,#417,#418,#419,
#420,#421,#422,#423,#424,#425,#426,#427,#428,#429),.UNSPECIFIED.,.F.,.F.,
(4,1,1,1,1,1,1,1,1,1,1,1,1,1,1,1,1,1,1,1,1,1,1,1,1,1,1,1,1,4),(0.,0.0060892489952804,
0.0091338734929206,0.0121784979905608,0.015223122488201,0.0182677469858412,
0.0213123714834814,0.0243569959811216,0.0274016204787618,0.030446244976402,
0.0334908694740422,0.0365354939716824,0.0395801184693226,0.0426247429669628,
0.045669367464603,0.0487139919622432,0.0517586164598834,0.0548032409575236,
0.0578478654551638,0.060892489952804,0.0639371144504442,0.0669817389480844,
0.0700263634457246,0.0730709879433648,0.076115612441005,0.0791602369386452,
0.0822048614362854,0.0852494859339256,0.091338734929206,0.0974279839244864),
 .UNSPECIFIED.);
#52=B_SPLINE_CURVE_WITH_KNOTS('',3,(#722,#723,#724,#725,#726,#727,#728,
#729,#730,#731,#732,#733,#734,#735),.UNSPECIFIED.,.F.,.F.,(4,1,1,1,1,1,
1,1,1,1,1,4),(0.,0.00494674703748582,0.00742012055622874,0.00989349407497165,
0.0123668675937146,0.0148402411124575,0.0160769278718289,0.0173136146312004,
0.0185503013905718,0.0191686447702576,0.0194778164601004,0.0197869881499433),
 .UNSPECIFIED.);
#53=B_SPLINE_CURVE_WITH_KNOTS('',3,(#737,#738,#739,#740,#741,#742),
 .UNSPECIFIED.,.F.,.F.,(4,1,1,4),(-6.0000000016633E-8,0.00177863826190125,
0.00355733652380252,0.00711473304760506),.UNSPECIFIED.);
#54=B_SPLINE_CURVE_WITH_KNOTS('',3,(#744,#745,#746,#747,#748,#749,#750,
#751,#752,#753),.UNSPECIFIED.,.F.,.F.,(4,1,1,1,1,1,1,4),(-6.00000000180486E-8,
0.00442651870795095,0.00663980806192643,0.00885309741590192,0.0110663867698774,
0.0132796761238529,0.0154929654778284,0.0177062548318039),.UNSPECIFIED.);
#55=B_SPLINE_CURVE_WITH_KNOTS('',3,(#755,#756,#757,#758),.UNSPECIFIED.,
 .F.,.F.,(4,4),(2.2816724964205E-17,0.00216624970789996),.UNSPECIFIED.);
#56=B_SPLINE_CURVE_WITH_KNOTS('',3,(#760,#761,#762,#763,#764),
 .UNSPECIFIED.,.F.,.F.,(4,1,4),(0.,0.0105127247899275,0.021025449579855),
 .UNSPECIFIED.);
#57=B_SPLINE_CURVE_WITH_KNOTS('',3,(#766,#767,#768,#769),.UNSPECIFIED.,
 .F.,.F.,(4,4),(-6.00000000074377E-8,0.00216625662897565),.UNSPECIFIED.);
#58=B_SPLINE_CURVE_WITH_KNOTS('',3,(#771,#772,#773,#774,#775,#776,#777,
#778,#779),.UNSPECIFIED.,.F.,.F.,(4,1,1,1,1,1,4),(-6.00000000018564E-8,
0.00443647625443251,0.00665474438164876,0.00887301250886501,0.0110912806360813,
0.0133095487632975,0.01774608501773),.UNSPECIFIED.);
#59=B_SPLINE_CURVE_WITH_KNOTS('',3,(#781,#782,#783,#784,#785,#786),
 .UNSPECIFIED.,.F.,.F.,(4,1,1,4),(2.11038219202008E-17,0.00360813798779721,
0.0054122069816958,0.0072162759755944),.UNSPECIFIED.);
#60=B_SPLINE_CURVE_WITH_KNOTS('',3,(#788,#789,#790,#791,#792,#793,#794,
#795,#796,#797,#798,#799,#800,#801),.UNSPECIFIED.,.F.,.F.,(4,1,1,1,1,1,
1,1,1,1,1,4),(0.,0.000312000608993584,0.000624001217987167,0.00124800243597433,
0.00249600487194867,0.003744007307923,0.00499200974389734,0.00748801461584601,
0.00998401948779467,0.0124800243597433,0.014976029231692,0.0199680389755893),
 .UNSPECIFIED.);
#61=ORIENTED_EDGE('',*,*,#143,.F.);
#62=ORIENTED_EDGE('',*,*,#144,.T.);
#63=ORIENTED_EDGE('',*,*,#145,.F.);
#64=ORIENTED_EDGE('',*,*,#146,.F.);
#65=ORIENTED_EDGE('',*,*,#147,.F.);
#66=ORIENTED_EDGE('',*,*,#148,.F.);
#67=ORIENTED_EDGE('',*,*,#149,.F.);
#68=ORIENTED_EDGE('',*,*,#150,.T.);
#69=ORIENTED_EDGE('',*,*,#151,.T.);
#70=ORIENTED_EDGE('',*,*,#152,.T.);
#71=ORIENTED_EDGE('',*,*,#153,.T.);
#72=ORIENTED_EDGE('',*,*,#154,.T.);
#73=ORIENTED_EDGE('',*,*,#155,.T.);
#74=ORIENTED_EDGE('',*,*,#156,.T.);
#75=ORIENTED_EDGE('',*,*,#157,.T.);
#76=ORIENTED_EDGE('',*,*,#158,.T.);
#77=ORIENTED_EDGE('',*,*,#159,.F.);
#78=ORIENTED_EDGE('',*,*,#154,.F.);
#79=ORIENTED_EDGE('',*,*,#160,.T.);
#80=ORIENTED_EDGE('',*,*,#161,.T.);
#81=ORIENTED_EDGE('',*,*,#162,.F.);
#82=ORIENTED_EDGE('',*,*,#155,.F.);
#83=ORIENTED_EDGE('',*,*,#159,.T.);
#84=ORIENTED_EDGE('',*,*,#163,.T.);
#85=ORIENTED_EDGE('',*,*,#164,.F.);
#86=ORIENTED_EDGE('',*,*,#156,.F.);
#87=ORIENTED_EDGE('',*,*,#162,.T.);
#88=ORIENTED_EDGE('',*,*,#165,.T.);
#89=ORIENTED_EDGE('',*,*,#166,.F.);
#90=ORIENTED_EDGE('',*,*,#157,.F.);
#91=ORIENTED_EDGE('',*,*,#164,.T.);
#92=ORIENTED_EDGE('',*,*,#167,.T.);
#93=ORIENTED_EDGE('',*,*,#168,.F.);
#94=ORIENTED_EDGE('',*,*,#150,.F.);
#95=ORIENTED_EDGE('',*,*,#166,.T.);
#96=ORIENTED_EDGE('',*,*,#169,.T.);
#97=ORIENTED_EDGE('',*,*,#170,.F.);
#98=ORIENTED_EDGE('',*,*,#151,.F.);
#99=ORIENTED_EDGE('',*,*,#168,.T.);
#100=ORIENTED_EDGE('',*,*,#171,.T.);
#101=ORIENTED_EDGE('',*,*,#172,.F.);
#102=ORIENTED_EDGE('',*,*,#152,.F.);
#103=ORIENTED_EDGE('',*,*,#170,.T.);
#104=ORIENTED_EDGE('',*,*,#173,.T.);
#105=ORIENTED_EDGE('',*,*,#160,.F.);
#106=ORIENTED_EDGE('',*,*,#153,.F.);
#107=ORIENTED_EDGE('',*,*,#172,.T.);
#108=ORIENTED_EDGE('',*,*,#144,.F.);
#109=ORIENTED_EDGE('',*,*,#174,.F.);
#110=ORIENTED_EDGE('',*,*,#175,.F.);
#111=ORIENTED_EDGE('',*,*,#176,.F.);
#112=ORIENTED_EDGE('',*,*,#177,.F.);
#113=ORIENTED_EDGE('',*,*,#178,.F.);
#114=ORIENTED_EDGE('',*,*,#179,.F.);
#115=ORIENTED_EDGE('',*,*,#180,.F.);
#116=ORIENTED_EDGE('',*,*,#181,.F.);
#117=ORIENTED_EDGE('',*,*,#182,.F.);
#118=ORIENTED_EDGE('',*,*,#145,.T.);
#119=ORIENTED_EDGE('',*,*,#182,.T.);
#120=ORIENTED_EDGE('',*,*,#181,.T.);
#121=ORIENTED_EDGE('',*,*,#180,.T.);
#122=ORIENTED_EDGE('',*,*,#179,.T.);
#123=ORIENTED_EDGE('',*,*,#178,.T.);
#124=ORIENTED_EDGE('',*,*,#177,.T.);
#125=ORIENTED_EDGE('',*,*,#176,.T.);
#126=ORIENTED_EDGE('',*,*,#175,.T.);
#127=ORIENTED_EDGE('',*,*,#174,.T.);
#128=ORIENTED_EDGE('',*,*,#149,.T.);
#129=ORIENTED_EDGE('',*,*,#148,.T.);
#130=ORIENTED_EDGE('',*,*,#147,.T.);
#131=ORIENTED_EDGE('',*,*,#146,.T.);
#132=ORIENTED_EDGE('',*,*,#173,.F.);
#133=ORIENTED_EDGE('',*,*,#171,.F.);
#134=ORIENTED_EDGE('',*,*,#169,.F.);
#135=ORIENTED_EDGE('',*,*,#167,.F.);
#136=ORIENTED_EDGE('',*,*,#165,.F.);
#137=ORIENTED_EDGE('',*,*,#163,.F.);
#138=ORIENTED_EDGE('',*,*,#161,.F.);
#139=ORIENTED_EDGE('',*,*,#158,.F.);
#140=ORIENTED_EDGE('',*,*,#183,.F.);
#141=ORIENTED_EDGE('',*,*,#143,.T.);
#142=ORIENTED_EDGE('',*,*,#183,.T.);
#143=EDGE_CURVE('',#184,#184,#216,.T.);
#144=EDGE_CURVE('',#185,#186,#51,.T.);
#145=EDGE_CURVE('',#187,#186,#217,.F.);
#146=EDGE_CURVE('',#188,#187,#218,.F.);
#147=EDGE_CURVE('',#189,#188,#219,.F.);
#148=EDGE_CURVE('',#190,#189,#220,.F.);
#149=EDGE_CURVE('',#185,#190,#221,.F.);
#150=EDGE_CURVE('',#191,#192,#222,.T.);
#151=EDGE_CURVE('',#192,#193,#19,.T.);
#152=EDGE_CURVE('',#193,#194,#223,.F.);
#153=EDGE_CURVE('',#194,#195,#20,.T.);
#154=EDGE_CURVE('',#195,#196,#224,.F.);
#155=EDGE_CURVE('',#196,#197,#21,.F.);
#156=EDGE_CURVE('',#197,#198,#225,.F.);
#157=EDGE_CURVE('',#198,#191,#22,.F.);
#158=EDGE_CURVE('',#199,#200,#226,.F.);
#159=EDGE_CURVE('',#196,#200,#23,.T.);
#160=EDGE_CURVE('',#195,#199,#24,.T.);
#161=EDGE_CURVE('',#200,#201,#25,.F.);
#162=EDGE_CURVE('',#197,#201,#26,.T.);
#163=EDGE_CURVE('',#201,#202,#227,.F.);
#164=EDGE_CURVE('',#198,#202,#27,.T.);
#165=EDGE_CURVE('',#202,#203,#28,.F.);
#166=EDGE_CURVE('',#191,#203,#29,.T.);
#167=EDGE_CURVE('',#203,#204,#228,.T.);
#168=EDGE_CURVE('',#192,#204,#30,.T.);
#169=EDGE_CURVE('',#204,#205,#31,.T.);
#170=EDGE_CURVE('',#193,#205,#32,.T.);
#171=EDGE_CURVE('',#205,#206,#229,.T.);
#172=EDGE_CURVE('',#194,#206,#33,.T.);
#173=EDGE_CURVE('',#206,#199,#34,.T.);
#174=EDGE_CURVE('',#207,#185,#52,.T.);
#175=EDGE_CURVE('',#208,#207,#53,.T.);
#176=EDGE_CURVE('',#209,#208,#54,.T.);
#177=EDGE_CURVE('',#210,#209,#55,.T.);
#178=EDGE_CURVE('',#211,#210,#56,.T.);
#179=EDGE_CURVE('',#212,#211,#57,.T.);
#180=EDGE_CURVE('',#213,#212,#58,.T.);
#181=EDGE_CURVE('',#214,#213,#59,.T.);
#182=EDGE_CURVE('',#186,#214,#60,.T.);
#183=EDGE_CURVE('',#215,#215,#230,.T.);
#184=VERTEX_POINT('',#397);
#185=VERTEX_POINT('',#430);
#186=VERTEX_POINT('',#431);
#187=VERTEX_POINT('',#433);
#188=VERTEX_POINT('',#435);
#189=VERTEX_POINT('',#437);
#190=VERTEX_POINT('',#439);
#191=VERTEX_POINT('',#443);
#192=VERTEX_POINT('',#444);
#193=VERTEX_POINT('',#446);
#194=VERTEX_POINT('',#448);
#195=VERTEX_POINT('',#450);
#196=VERTEX_POINT('',#452);
#197=VERTEX_POINT('',#454);
#198=VERTEX_POINT('',#456);
#199=VERTEX_POINT('',#460);
#200=VERTEX_POINT('',#461);
#201=VERTEX_POINT('',#466);
#202=VERTEX_POINT('',#470);
#203=VERTEX_POINT('',#474);
#204=VERTEX_POINT('',#491);
#205=VERTEX_POINT('',#495);
#206=VERTEX_POINT('',#499);
#207=VERTEX_POINT('',#736);
#208=VERTEX_POINT('',#743);
#209=VERTEX_POINT('',#754);
#210=VERTEX_POINT('',#759);
#211=VERTEX_POINT('',#765);
#212=VERTEX_POINT('',#770);
#213=VERTEX_POINT('',#780);
#214=VERTEX_POINT('',#787);
#215=VERTEX_POINT('',#1459);
#216=CIRCLE('',#302,0.013335);
#217=CIRCLE('',#303,0.0190500000000004);
#218=CIRCLE('',#304,0.0190500000000004);
#219=CIRCLE('',#305,0.0190500000000004);
#220=CIRCLE('',#306,0.0190500000000004);
#221=CIRCLE('',#307,0.0190500000000004);
#222=CIRCLE('',#309,0.0508);
#223=CIRCLE('',#310,0.00636947291033398);
#224=CIRCLE('',#311,0.0253999994507441);
#225=CIRCLE('',#312,0.00636947291033394);
#226=CIRCLE('',#314,0.0254);
#227=CIRCLE('',#317,0.00636945208630746);
#228=CIRCLE('',#319,0.0508);
#229=CIRCLE('',#322,0.00636945208630746);
#230=CIRCLE('',#324,0.013335);
#231=EDGE_LOOP('',(#61));
#232=EDGE_LOOP('',(#62,#63,#64,#65,#66,#67));
#233=EDGE_LOOP('',(#68,#69,#70,#71,#72,#73,#74,#75));
#234=EDGE_LOOP('',(#76,#77,#78,#79));
#235=EDGE_LOOP('',(#80,#81,#82,#83));
#236=EDGE_LOOP('',(#84,#85,#86,#87));
#237=EDGE_LOOP('',(#88,#89,#90,#91));
#238=EDGE_LOOP('',(#92,#93,#94,#95));
#239=EDGE_LOOP('',(#96,#97,#98,#99));
#240=EDGE_LOOP('',(#100,#101,#102,#103));
#241=EDGE_LOOP('',(#104,#105,#106,#107));
#242=EDGE_LOOP('',(#108,#109,#110,#111,#112,#113,#114,#115,#116,#117));
#243=EDGE_LOOP('',(#118,#119,#120,#121,#122,#123,#124,#125,#126,#127,#128,
#129,#130,#131));
#244=EDGE_LOOP('',(#132,#133,#134,#135,#136,#137,#138,#139));
#245=EDGE_LOOP('',(#140));
#246=EDGE_LOOP('',(#141));
#247=EDGE_LOOP('',(#142));
#248=FACE_BOUND('',#231,.T.);
#249=FACE_BOUND('',#232,.T.);
#250=FACE_BOUND('',#233,.T.);
#251=FACE_BOUND('',#234,.T.);
#252=FACE_BOUND('',#235,.T.);
#253=FACE_BOUND('',#236,.T.);
#254=FACE_BOUND('',#237,.T.);
#255=FACE_BOUND('',#238,.T.);
#256=FACE_BOUND('',#239,.T.);
#257=FACE_BOUND('',#240,.T.);
#258=FACE_BOUND('',#241,.T.);
#259=FACE_BOUND('',#242,.T.);
#260=FACE_BOUND('',#243,.T.);
#261=FACE_BOUND('',#244,.T.);
#262=FACE_BOUND('',#245,.T.);
#263=FACE_BOUND('',#246,.T.);
#264=FACE_BOUND('',#247,.T.);
#265=PLANE('',#301);
#266=PLANE('',#308);
#267=PLANE('',#315);
#268=PLANE('',#318);
#269=PLANE('',#320);
#270=PLANE('',#323);
#271=PLANE('',#325);
#272=ADVANCED_FACE('',(#248,#249),#265,.T.);
#273=ADVANCED_FACE('',(#250),#266,.F.);
#274=ADVANCED_FACE('',(#251),#16,.T.);
#275=ADVANCED_FACE('',(#252),#267,.F.);
#276=ADVANCED_FACE('',(#253),#17,.T.);
#277=ADVANCED_FACE('',(#254),#268,.F.);
#278=ADVANCED_FACE('',(#255),#13,.T.);
#279=ADVANCED_FACE('',(#256),#269,.F.);
#280=ADVANCED_FACE('',(#257),#18,.T.);
#281=ADVANCED_FACE('',(#258),#270,.F.);
#282=ADVANCED_FACE('',(#259),#12,.F.);
#283=ADVANCED_FACE('',(#260,#261),#14,.F.);
#284=ADVANCED_FACE('',(#262,#263),#15,.F.);
#285=ADVANCED_FACE('',(#264),#271,.T.);
#286=CLOSED_SHELL('',(#272,#273,#274,#275,#276,#277,#278,#279,#280,#281,
#282,#283,#284,#285));
#287=STYLED_ITEM('',(#288),#297);
#288=PRESENTATION_STYLE_ASSIGNMENT((#289));
#289=SURFACE_STYLE_USAGE(.BOTH.,#290);
#290=SURFACE_SIDE_STYLE('',(#293,#291));
#291=SURFACE_STYLE_RENDERING_WITH_PROPERTIES(.CONSTANT_SHADING.,#296,(#292));
#292=SURFACE_STYLE_TRANSPARENT(0.501960784313726);
#293=SURFACE_STYLE_FILL_AREA(#294);
#294=FILL_AREA_STYLE('',(#295));
#295=FILL_AREA_STYLE_COLOUR('',#296);
#296=COLOUR_RGB('',0.917647058823529,0.917647058823529,0.917647058823529);
#297=MANIFOLD_SOLID_BREP('Perch_Desk_Lower',#286);
#298=SHAPE_DEFINITION_REPRESENTATION(#1467,#299);
#299=SHAPE_REPRESENTATION('Perch_Desk_Lower',(#300),#1462);
#300=AXIS2_PLACEMENT_3D('',#394,#326,#327);
#301=AXIS2_PLACEMENT_3D('',#395,#328,#329);
#302=AXIS2_PLACEMENT_3D('',#396,#330,#331);
#303=AXIS2_PLACEMENT_3D('',#432,#332,#333);
#304=AXIS2_PLACEMENT_3D('',#434,#334,#335);
#305=AXIS2_PLACEMENT_3D('',#436,#336,#337);
#306=AXIS2_PLACEMENT_3D('',#438,#338,#339);
#307=AXIS2_PLACEMENT_3D('',#440,#340,#341);
#308=AXIS2_PLACEMENT_3D('',#441,#342,#343);
#309=AXIS2_PLACEMENT_3D('',#442,#344,#345);
#310=AXIS2_PLACEMENT_3D('',#447,#347,#348);
#311=AXIS2_PLACEMENT_3D('',#451,#350,#351);
#312=AXIS2_PLACEMENT_3D('',#455,#353,#354);
#313=AXIS2_PLACEMENT_3D('',#458,#356,#357);
#314=AXIS2_PLACEMENT_3D('',#459,#358,#359);
#315=AXIS2_PLACEMENT_3D('',#464,#362,#363);
#316=AXIS2_PLACEMENT_3D('',#468,#366,#367);
#317=AXIS2_PLACEMENT_3D('',#469,#368,#369);
#318=AXIS2_PLACEMENT_3D('',#472,#371,#372);
#319=AXIS2_PLACEMENT_3D('',#490,#375,#376);
#320=AXIS2_PLACEMENT_3D('',#493,#378,#379);
#321=AXIS2_PLACEMENT_3D('',#497,#382,#383);
#322=AXIS2_PLACEMENT_3D('',#498,#384,#385);
#323=AXIS2_PLACEMENT_3D('',#501,#387,#388);
#324=AXIS2_PLACEMENT_3D('',#1458,#390,#391);
#325=AXIS2_PLACEMENT_3D('',#1460,#392,#393);
#326=DIRECTION('',(0.,0.,1.));
#327=DIRECTION('',(1.,0.,0.));
#328=DIRECTION('',(0.,0.,1.));
#329=DIRECTION('',(1.,0.,0.));
#330=DIRECTION('',(0.,0.,1.));
#331=DIRECTION('',(1.,0.,0.));
#332=DIRECTION('',(0.,0.,1.));
#333=DIRECTION('',(1.,0.,0.));
#334=DIRECTION('',(0.,0.,1.));
#335=DIRECTION('',(1.,0.,0.));
#336=DIRECTION('',(0.,0.,1.));
#337=DIRECTION('',(1.,0.,0.));
#338=DIRECTION('',(0.,0.,1.));
#339=DIRECTION('',(1.,0.,0.));
#340=DIRECTION('',(0.,0.,1.));
#341=DIRECTION('',(1.,0.,0.));
#342=DIRECTION('',(0.,0.,1.));
#343=DIRECTION('',(1.,0.,0.));
#344=DIRECTION('',(0.,0.,1.));
#345=DIRECTION('',(1.,0.,0.));
#346=DIRECTION('',(-0.707106781186548,-0.707106781186548,0.));
#347=DIRECTION('',(0.,0.,1.));
#348=DIRECTION('',(1.,0.,0.));
#349=DIRECTION('',(0.588378363885886,0.808585741224125,0.));
#350=DIRECTION('',(0.,0.,1.));
#351=DIRECTION('',(1.,0.,0.));
#352=DIRECTION('',(-0.588378363885886,0.808585741224125,0.));
#353=DIRECTION('',(0.,0.,1.));
#354=DIRECTION('',(1.,0.,0.));
#355=DIRECTION('',(0.707106781186547,-0.707106781186548,0.));
#356=DIRECTION('',(0.,0.,1.));
#357=DIRECTION('',(8.61884998145009E-8,0.999999999999996,0.));
#358=DIRECTION('',(0.,0.,1.));
#359=DIRECTION('',(1.,0.,0.));
#360=DIRECTION('',(0.,0.,1.));
#361=DIRECTION('',(0.,0.,1.));
#362=DIRECTION('',(-0.808585741224125,-0.588378363885886,0.));
#363=DIRECTION('',(0.588378363885886,-0.808585741224125,0.));
#364=DIRECTION('',(-0.588378363885886,0.808585741224125,0.));
#365=DIRECTION('',(0.,0.,1.));
#366=DIRECTION('',(0.,0.,1.));
#367=DIRECTION('',(0.649726535046308,-0.760168027252343,0.));
#368=DIRECTION('',(0.,0.,1.));
#369=DIRECTION('',(1.,0.,0.));
#370=DIRECTION('',(0.,0.,1.));
#371=DIRECTION('',(0.707106781186548,0.707106781186548,0.));
#372=DIRECTION('',(-0.707106781186548,0.707106781186548,0.));
#373=DIRECTION('',(0.707106781186547,-0.707106781186548,0.));
#374=DIRECTION('',(0.,0.,1.));
#375=DIRECTION('',(0.,0.,1.));
#376=DIRECTION('',(1.,0.,0.));
#377=DIRECTION('',(0.,0.,1.));
#378=DIRECTION('',(-0.707106781186548,0.707106781186547,0.));
#379=DIRECTION('',(-0.707106781186547,-0.707106781186548,0.));
#380=DIRECTION('',(-0.707106781186548,-0.707106781186548,0.));
#381=DIRECTION('',(0.,0.,1.));
#382=DIRECTION('',(0.,0.,1.));
#383=DIRECTION('',(-0.649727096459381,-0.760167547404164,0.));
#384=DIRECTION('',(0.,0.,-1.));
#385=DIRECTION('',(1.,0.,0.));
#386=DIRECTION('',(0.,0.,1.));
#387=DIRECTION('',(0.808585741224125,-0.588378363885886,0.));
#388=DIRECTION('',(0.588378363885886,0.808585741224125,0.));
#389=DIRECTION('',(0.588378363885886,0.808585741224125,0.));
#390=DIRECTION('',(0.,0.,1.));
#391=DIRECTION('',(1.,0.,0.));
#392=DIRECTION('',(0.,0.,1.));
#393=DIRECTION('',(1.,0.,0.));
#394=CARTESIAN_POINT('',(0.,0.,0.));
#395=CARTESIAN_POINT('',(0.,0.,0.0254));
#396=CARTESIAN_POINT('',(0.,-0.00685588790314393,0.0254));
#397=CARTESIAN_POINT('',(0.013335,-0.00685588790314393,0.0254));
#398=CARTESIAN_POINT('',(-0.0153741136516829,0.00489913949312243,0.0254000000000017));
#399=CARTESIAN_POINT('',(-0.0165810971068513,0.00324892801828679,0.0254000000000017));
#400=CARTESIAN_POINT('',(-0.0182734375499537,0.000704470081921016,0.0253999999999996));
#401=CARTESIAN_POINT('',(-0.0201412959037585,-0.00289470560337183,0.0254000000000001));
#402=CARTESIAN_POINT('',(-0.0212919611852793,-0.00576310280689057,0.0254));
#403=CARTESIAN_POINT('',(-0.0220495565864037,-0.00872320372712405,0.0254));
#404=CARTESIAN_POINT('',(-0.0223235489533723,-0.0118043625030382,0.0254));
#405=CARTESIAN_POINT('',(-0.0220708373268561,-0.0148557747345367,0.0254));
#406=CARTESIAN_POINT('',(-0.0213357191458126,-0.0178438833370233,0.0254));
#407=CARTESIAN_POINT('',(-0.019990894237024,-0.0206350102193293,0.0254));
#408=CARTESIAN_POINT('',(-0.017972007539494,-0.0229959415135662,0.0254));
#409=CARTESIAN_POINT('',(-0.0152929435772809,-0.0245938380407988,0.0254));
#410=CARTESIAN_POINT('',(-0.0123122301334739,-0.0253986641487474,0.0254));
#411=CARTESIAN_POINT('',(-0.00926601447075722,-0.0258207493073801,0.0254));
#412=CARTESIAN_POINT('',(-0.00622786790275599,-0.0261422052295767,0.0254));
#413=CARTESIAN_POINT('',(-0.00318129130918949,-0.0263549072263395,0.0254));
#414=CARTESIAN_POINT('',(-0.000129316663310562,-0.0264368839845931,0.0254));
#415=CARTESIAN_POINT('',(0.00292912329140908,-0.0263674255376663,0.0254));
#416=CARTESIAN_POINT('',(0.00599691797083772,-0.0261627814242205,0.0254));
#417=CARTESIAN_POINT('',(0.00905804852809882,-0.0258447736346474,0.0254));
#418=CARTESIAN_POINT('',(0.0120901918035909,-0.0254387225848091,0.0254));
#419=CARTESIAN_POINT('',(0.015106219837218,-0.0246661169123031,0.0254));
#420=CARTESIAN_POINT('',(0.0178159807403462,-0.0231283977787919,0.0254));
#421=CARTESIAN_POINT('',(0.0198968547731011,-0.0207842314526901,0.0254));
#422=CARTESIAN_POINT('',(0.0212846389247819,-0.0179935146105987,0.0254));
#423=CARTESIAN_POINT('',(0.0220504639430765,-0.0149849800313688,0.0254));
#424=CARTESIAN_POINT('',(0.0223240028645543,-0.0119199025048792,0.0254));
#425=CARTESIAN_POINT('',(0.0220688677792885,-0.00882739801725453,0.0254));
#426=CARTESIAN_POINT('',(0.0210665593592077,-0.00484612617918622,0.0254));
#427=CARTESIAN_POINT('',(0.0188627660557699,-0.000183277209000672,0.0254));
#428=CARTESIAN_POINT('',(0.0165883740681522,0.0032393074341684,0.0254));
#429=CARTESIAN_POINT('',(0.0153730253566684,0.00490061374693086,0.0254));
#430=CARTESIAN_POINT('',(-0.0153789169633325,0.00489444563523033,0.025396414898269));
#431=CARTESIAN_POINT('',(0.0153776557640571,0.00489608835670297,0.0253965480612997));
#432=CARTESIAN_POINT('',(3.10515502199849E-16,-0.00635000000000029,0.0254));
#433=CARTESIAN_POINT('',(0.0146320913151916,0.00584927934579922,0.0253999999997101));
#434=CARTESIAN_POINT('',(3.10515502199849E-16,-0.00635000000000029,0.0254));
#435=CARTESIAN_POINT('',(0.0132245703323498,0.0073618342537305,0.025399999998842));
#436=CARTESIAN_POINT('',(3.10515502199849E-16,-0.00635000000000029,0.0254));
#437=CARTESIAN_POINT('',(-0.0132245688494411,0.00736183266878213,0.0253999999988418));
#438=CARTESIAN_POINT('',(3.10515502199849E-16,-0.00635000000000029,0.0254));
#439=CARTESIAN_POINT('',(-0.0146320955923539,0.00584928192604829,0.0253999999997101));
#440=CARTESIAN_POINT('',(3.10515502199849E-16,-0.00635000000000029,0.0254));
#441=CARTESIAN_POINT('',(0.,-0.0484750927530537,-0.00635));
#442=CARTESIAN_POINT('',(-6.93889390390723E-18,-0.0889,-0.00635));
#443=CARTESIAN_POINT('',(0.0359210316922427,-0.0529789827236894,-0.00635));
#444=CARTESIAN_POINT('',(-0.0359210316914823,-0.052978982722929,-0.00635));
#445=CARTESIAN_POINT('',(-0.0696738448176499,-0.0867317958490967,-0.00635));
#446=CARTESIAN_POINT('',(-0.103426654457635,-0.120484622721887,-0.00635));
#447=CARTESIAN_POINT('',(-0.107930556126361,-0.115980746648501,-0.00635));
#448=CARTESIAN_POINT('',(-0.113080802358756,-0.112233077682708,-0.00634999975172586));
#449=CARTESIAN_POINT('',(-0.0668094369385922,-0.0486441375898537,-0.00635));
#450=CARTESIAN_POINT('',(-0.0205380865686989,0.0149448112357722,-0.00635));
#451=CARTESIAN_POINT('',(-2.18918584579608E-9,2.35376596263108E-8,-0.00635));
#452=CARTESIAN_POINT('',(0.0205380851036333,0.0149448069747018,-0.00635));
#453=CARTESIAN_POINT('',(0.0668094369385922,-0.0486441375898537,-0.00635));
#454=CARTESIAN_POINT('',(0.113080804174815,-0.112233076077704,-0.00635));
#455=CARTESIAN_POINT('',(0.107930559702246,-0.115980743592139,-0.00635));
#456=CARTESIAN_POINT('',(0.103426656325841,-0.120484621177895,-0.00634999975172586));
#457=CARTESIAN_POINT('',(0.0696738448176499,-0.0867317958490967,-0.00635));
#458=CARTESIAN_POINT('',(-2.18918584579608E-9,2.35376596263108E-8,-0.00635));
#459=CARTESIAN_POINT('',(1.38777878078145E-17,-5.20417042793042E-18,0.));
#460=CARTESIAN_POINT('',(-0.0205380865649654,0.014944811240907,-8.67361737988404E-19));
#461=CARTESIAN_POINT('',(0.020538085133189,0.0149448102000265,-8.67361737988404E-19));
#462=CARTESIAN_POINT('',(0.0205380828298596,0.0149448035675916,-0.00635));
#463=CARTESIAN_POINT('',(-0.0205380828307829,0.0149448035663228,-0.00635));
#464=CARTESIAN_POINT('',(0.113080796050092,-0.112233085622409,-0.00635));
#465=CARTESIAN_POINT('',(0.0668094369385922,-0.0486441375898537,0.));
#466=CARTESIAN_POINT('',(0.113080804175756,-0.112233076078986,-8.67361737988404E-19));
#467=CARTESIAN_POINT('',(0.113080792887824,-0.112233081276626,-0.00635));
#468=CARTESIAN_POINT('',(0.107930559702246,-0.115980743592139,-0.00635));
#469=CARTESIAN_POINT('',(0.107930547913693,-0.1159807334198,0.));
#470=CARTESIAN_POINT('',(0.103426656117707,-0.120484621065844,4.33680868865297E-18));
#471=CARTESIAN_POINT('',(0.103426661352416,-0.120484612383864,-0.00635));
#472=CARTESIAN_POINT('',(0.0359210316922427,-0.0529789827236894,-0.00635));
#473=CARTESIAN_POINT('',(0.0696738448176499,-0.0867317958490967,0.));
#474=CARTESIAN_POINT('',(0.0359210316922427,-0.0529789827236894,0.));
#475=CARTESIAN_POINT('',(0.0359210316922427,-0.0529789827236894,-0.00635));
#476=CARTESIAN_POINT('',(-0.0359210316914822,-0.052978982722929,-0.00635));
#477=CARTESIAN_POINT('',(-0.0359210316914822,-0.052978982722929,0.));
#478=CARTESIAN_POINT('',(-0.0312156716841044,-0.048273622715552,-0.00635000000000001));
#479=CARTESIAN_POINT('',(-0.0312156716841044,-0.048273622715552,-1.30104260698261E-17));
#480=CARTESIAN_POINT('',(-0.0199480876797985,-0.0407470674812195,-0.00634999999999999));
#481=CARTESIAN_POINT('',(-0.0199480876797985,-0.0407470674812195,9.54097911787244E-18));
#482=CARTESIAN_POINT('',(-1.24039573428052E-7,-0.0367763599390592,-0.00635));
#483=CARTESIAN_POINT('',(-1.24039573428052E-7,-0.0367763599390592,0.));
#484=CARTESIAN_POINT('',(0.0199485838380922,-0.0407474927625436,-0.00635));
#485=CARTESIAN_POINT('',(0.0199485838380922,-0.0407474927625436,2.60208521396521E-18));
#486=CARTESIAN_POINT('',(0.0312146793556042,-0.0482726303870502,-0.00635));
#487=CARTESIAN_POINT('',(0.0312146793556042,-0.0482726303870502,1.73472347597681E-18));
#488=CARTESIAN_POINT('',(0.0359210316922426,-0.0529789827236894,-0.00635));
#489=CARTESIAN_POINT('',(0.0359210316922426,-0.0529789827236894,1.73472347597681E-18));
#490=CARTESIAN_POINT('',(-6.93889390390723E-18,-0.0889,0.));
#491=CARTESIAN_POINT('',(-0.0359210316914823,-0.052978982722929,0.));
#492=CARTESIAN_POINT('',(-0.0359210316914823,-0.052978982722929,-0.00635));
#493=CARTESIAN_POINT('',(-0.103426665151023,-0.12048461618247,-0.00635));
#494=CARTESIAN_POINT('',(-0.0696738448176499,-0.0867317958490967,0.));
#495=CARTESIAN_POINT('',(-0.103426654458755,-0.120484622723017,0.));
#496=CARTESIAN_POINT('',(-0.103426661350644,-0.120484612382091,-0.00635));
#497=CARTESIAN_POINT('',(-0.107930556126361,-0.115980746648501,-0.00635));
#498=CARTESIAN_POINT('',(-0.107930547913693,-0.1159807334198,0.));
#499=CARTESIAN_POINT('',(-0.113080802280481,-0.112233077459665,-8.67361737988404E-19));
#500=CARTESIAN_POINT('',(-0.113080792889299,-0.112233081278653,-0.00635));
#501=CARTESIAN_POINT('',(-0.0205380778270928,0.0149448104427015,-0.00635));
#502=CARTESIAN_POINT('',(-0.0668094369385922,-0.0486441375898537,0.));
#503=CARTESIAN_POINT('',(-0.0156623058641374,0.00476310578229382,0.0248900546125747));
#504=CARTESIAN_POINT('',(-0.0157280403624777,0.00458106998291425,0.0250557072671045));
#505=CARTESIAN_POINT('',(-0.0158037352793815,0.00440623579955675,0.0252248289581003));
#506=CARTESIAN_POINT('',(-0.0156299076842865,0.00478150460573644,0.0249436505894372));
#507=CARTESIAN_POINT('',(-0.0156890604847136,0.00461862277275115,0.0250921199567742));
#508=CARTESIAN_POINT('',(-0.0157560787414896,0.00446144895204403,0.0252433738293361));
#509=CARTESIAN_POINT('',(-0.015565535116701,0.00481747999976836,0.0250498365555246));
#510=CARTESIAN_POINT('',(-0.0156116065120263,0.00469238259165978,0.0251640060812081));
#511=CARTESIAN_POINT('',(-0.0156620243820588,0.00457046807028842,0.0252797710445226));
#512=CARTESIAN_POINT('',(-0.0154804703300988,0.00486442972901,0.0251870578703483));
#513=CARTESIAN_POINT('',(-0.0155090696917762,0.00478810036948112,0.0252565826390932));
#514=CARTESIAN_POINT('',(-0.0155392542482431,0.00471293454828136,0.0253267022839355));
#515=CARTESIAN_POINT('',(-0.0154203791945737,0.00489401917047398,0.025289117572103));
#516=CARTESIAN_POINT('',(-0.0154369890790222,0.0048526941904964,0.0253243147757189));
#517=CARTESIAN_POINT('',(-0.0154539798467293,0.00481165028873948,0.0253596589811734));
#518=CARTESIAN_POINT('',(-0.0153546537255341,0.00492748958049812,0.0253967491817453));
#519=CARTESIAN_POINT('',(-0.0153579222708697,0.00492350946395301,0.0253959428688042));
#520=CARTESIAN_POINT('',(-0.0153610485422755,0.00491942574100229,0.0253950820878998));
#521=CARTESIAN_POINT('',(-0.0154065335785398,0.00481685196367866,0.0254721883550663));
#522=CARTESIAN_POINT('',(-0.0154312915142944,0.00480922307256068,0.0254220154380515));
#523=CARTESIAN_POINT('',(-0.0154564238457356,0.00480187069921164,0.0253719873919043));
#524=CARTESIAN_POINT('',(-0.0154541861217712,0.00471399571680213,0.0255425907958137));
#525=CARTESIAN_POINT('',(-0.0154986314601265,0.00470295295313249,0.025446358227151));
#526=CARTESIAN_POINT('',(-0.0155446424080872,0.00469305483829181,0.0253507389950385));
#527=CARTESIAN_POINT('',(-0.0155225928447499,0.0045701100988207,0.0256346204995378));
#528=CARTESIAN_POINT('',(-0.0155945272767208,0.00455237260056362,0.0254763617098319));
#529=CARTESIAN_POINT('',(-0.015670752231176,0.00453775414120288,0.0253198014812524));
#530=CARTESIAN_POINT('',(-0.0156265774081916,0.00434781146593054,0.0257764377719841));
#531=CARTESIAN_POINT('',(-0.0157400040245824,0.00431929690735895,0.0255221910740843));
#532=CARTESIAN_POINT('',(-0.0158646051942817,0.00429881299618796,0.0252724418448376));
#533=CARTESIAN_POINT('',(-0.0157565146427694,0.0040656172555376,0.0259534200820789));
#534=CARTESIAN_POINT('',(-0.0159208621610296,0.00402226444094055,0.0255780121941191));
#535=CARTESIAN_POINT('',(-0.0161097671933667,0.00399633487905758,0.0252126847399915));
#536=CARTESIAN_POINT('',(-0.0159077368046604,0.00372720232899571,0.0261640653438772));
#537=CARTESIAN_POINT('',(-0.0161307631628257,0.00366425535918838,0.0256427555736909));
#538=CARTESIAN_POINT('',(-0.0164022522849368,0.00363478619571558,0.0251418629027995));
#539=CARTESIAN_POINT('',(-0.0161049907749919,0.00327301457334215,0.0264435718581791));
#540=CARTESIAN_POINT('',(-0.0164030291787655,0.00318203333870203,0.0257262513974731));
#541=CARTESIAN_POINT('',(-0.0167917065646099,0.0031523084075203,0.0250482483664151));
#542=CARTESIAN_POINT('',(-0.0164373524746155,0.00247272243788389,0.0269286893677371));
#543=CARTESIAN_POINT('',(-0.0168585608779205,0.00232667225477587,0.0258644890320531));
#544=CARTESIAN_POINT('',(-0.0174709907492316,0.00230758906392181,0.0248868730729583));
#545=CARTESIAN_POINT('',(-0.0168756518077239,0.00131452308757983,0.0276075653247039));
#546=CARTESIAN_POINT('',(-0.0174458896456229,0.0010785264257253,0.0260361691448124));
#547=CARTESIAN_POINT('',(-0.0184309592227,0.00110196577212902,0.0246651881579527));
#548=CARTESIAN_POINT('',(-0.0173416418782823,-9.4203988794914E-5,0.0283951668815361));
#549=CARTESIAN_POINT('',(-0.0180425347482045,-0.000444433390084975,0.0261926291706592));
#550=CARTESIAN_POINT('',(-0.0195596900518084,-0.000345403971740385,0.0244166805246754));
#551=CARTESIAN_POINT('',(-0.0177492369301355,-0.0015277907573559,0.0291537173559892));
#552=CARTESIAN_POINT('',(-0.0185298901840086,-0.00199012471283032,0.0262932207777583));
#553=CARTESIAN_POINT('',(-0.0206612679763148,-0.00180433405747834,0.0241886852115161));
#554=CARTESIAN_POINT('',(-0.0180923842925829,-0.0029707194584392,0.0298730028411404));
#555=CARTESIAN_POINT('',(-0.0188986587303896,-0.00353203842950279,0.0263324490900235));
#556=CARTESIAN_POINT('',(-0.0217150391110183,-0.00326946000542809,0.023986977652172));
#557=CARTESIAN_POINT('',(-0.0183703200412516,-0.0044222203941959,0.0305502114981057));
#558=CARTESIAN_POINT('',(-0.019146979965678,-0.00505801771888104,0.0263093338919054));
#559=CARTESIAN_POINT('',(-0.0227076992807476,-0.00475184186616357,0.0238147856084936));
#560=CARTESIAN_POINT('',(-0.0186529887902098,-0.00637976613836188,0.0313938328471742));
#561=CARTESIAN_POINT('',(-0.0193191473805386,-0.00708520919528188,0.0262000076770525));
#562=CARTESIAN_POINT('',(-0.0239258734267996,-0.00677796972119879,0.0236292035613773));
#563=CARTESIAN_POINT('',(-0.018824250045437,-0.00882763797704549,0.0323270734658207));
#564=CARTESIAN_POINT('',(-0.01921133076147,-0.00950690921064277,0.0259462603574836));
#565=CARTESIAN_POINT('',(-0.0251614178283568,-0.00942894758804452,0.0234934282523173));
#566=CARTESIAN_POINT('',(-0.0187212847867545,-0.0117128800217897,0.0332385324949821));
#567=CARTESIAN_POINT('',(-0.0186418518003971,-0.0121690614035713,0.0256635524557647));
#568=CARTESIAN_POINT('',(-0.0258874355989758,-0.0128619227705009,0.0234607260256825));
#569=CARTESIAN_POINT('',(-0.0183511857327852,-0.0141168008938892,0.0338841995351613));
#570=CARTESIAN_POINT('',(-0.0178354615911743,-0.0142562650384975,0.0255026133646476));
#571=CARTESIAN_POINT('',(-0.0258202899862227,-0.0159374900851091,0.0234561194066709));
#572=CARTESIAN_POINT('',(-0.0178806699123932,-0.0159787716157546,0.0343318278853077));
#573=CARTESIAN_POINT('',(-0.0170258165371303,-0.0157932852972363,0.0254042463908683));
#574=CARTESIAN_POINT('',(-0.0253918860945764,-0.0183797497823363,0.0234337922458778));
#575=CARTESIAN_POINT('',(-0.0172887647641411,-0.0178031104463251,0.0347200019361476));
#576=CARTESIAN_POINT('',(-0.0161558978740401,-0.0170929142463928,0.0252230889953857));
#577=CARTESIAN_POINT('',(-0.024875634453364,-0.0206585467887078,0.0233643866402002));
#578=CARTESIAN_POINT('',(-0.0163179738070418,-0.0199695888600786,0.0350384350998586));
#579=CARTESIAN_POINT('',(-0.0150132700961098,-0.0184038354544279,0.0250561574211843));
#580=CARTESIAN_POINT('',(-0.0237770443966428,-0.0233036903630031,0.0232012708034269));
#581=CARTESIAN_POINT('',(-0.0147860121624177,-0.0222914208666551,0.035089275852469));
#582=CARTESIAN_POINT('',(-0.013817713114705,-0.0194303914123404,0.0249872391499065));
#583=CARTESIAN_POINT('',(-0.0219278686353048,-0.0258392215777405,0.0228469251655275));
#584=CARTESIAN_POINT('',(-0.0128491020199849,-0.0242449922553027,0.0346660729789271));
#585=CARTESIAN_POINT('',(-0.012914585100824,-0.0202550166092951,0.0252035236542168));
#586=CARTESIAN_POINT('',(-0.0195902877268393,-0.0275184693036625,0.0223465534647972));
#587=CARTESIAN_POINT('',(-0.0110243679666465,-0.0254024186429033,0.0339072843832999));
#588=CARTESIAN_POINT('',(-0.0120683543404627,-0.0212027271516054,0.0255461350855389));
#589=CARTESIAN_POINT('',(-0.0173002091582405,-0.0281356466490954,0.0219107231332145));
#590=CARTESIAN_POINT('',(-0.00944294595210539,-0.0260749129378328,0.033104041287629));
#591=CARTESIAN_POINT('',(-0.0109906679628795,-0.0221505850701815,0.0257505195129127));
#592=CARTESIAN_POINT('',(-0.0151789787169657,-0.0282564643156952,0.0216180617276212));
#593=CARTESIAN_POINT('',(-0.0085197705549392,-0.0263591892361127,0.0326014498486354));
#594=CARTESIAN_POINT('',(-0.0102042961719407,-0.0227126377077739,0.0258201270948783));
#595=CARTESIAN_POINT('',(-0.0138529462618733,-0.0281991427147095,0.0214930453118421));
#596=CARTESIAN_POINT('',(-0.00789518188605101,-0.0265137553873961,0.0322581520899109));
#597=CARTESIAN_POINT('',(-0.00961194296775473,-0.0230788313526776,0.0258477738826217));
#598=CARTESIAN_POINT('',(-0.0129254260449884,-0.0281202073320069,0.0214378389369433));
#599=CARTESIAN_POINT('',(-0.00747545024464166,-0.0266080951816968,0.0320274227925003));
#600=CARTESIAN_POINT('',(-0.00917471454355661,-0.0233295091628371,0.0258600274073021));
#601=CARTESIAN_POINT('',(-0.012252289096833,-0.0280571659446682,0.0214033913938228));
#602=CARTESIAN_POINT('',(-0.0067296906588002,-0.0267557367277656,0.0316290968836867));
#603=CARTESIAN_POINT('',(-0.00832888154090046,-0.0237596059347025,0.025850556203369));
#604=CARTESIAN_POINT('',(-0.0109885428391437,-0.0279508292723213,0.0213416877009998));
#605=CARTESIAN_POINT('',(-0.00520095451320068,-0.0269827860450658,0.0308682095784396));
#606=CARTESIAN_POINT('',(-0.00656486679544985,-0.0244887517958433,0.0257560009393309));
#607=CARTESIAN_POINT('',(-0.00845734205461219,-0.027749274845397,0.0212664141352881));
#608=CARTESIAN_POINT('',(-0.00294149852465759,-0.0271473954805212,0.0299855729145194));
#609=CARTESIAN_POINT('',(-0.00375578952140099,-0.0251987438151439,0.0255084457737706));
#610=CARTESIAN_POINT('',(-0.00473718945884121,-0.0275373755498338,0.021241814044605));
#611=CARTESIAN_POINT('',(-5.7610496297602E-5,-0.0271977238895544,0.0295518461437386));
#612=CARTESIAN_POINT('',(-7.51090650586555E-5,-0.0254912193895961,0.0253505216976269));
#613=CARTESIAN_POINT('',(-9.36319790795888E-5,-0.027449041721159,0.0212483440384327));
#614=CARTESIAN_POINT('',(0.00229921997916899,-0.0271613868942444,0.0298751749170495));
#615=CARTESIAN_POINT('',(0.00293247926349192,-0.0252741246015089,0.0254688331612023));
#616=CARTESIAN_POINT('',(0.00370630424561359,-0.0275150116240312,0.021242932635135));
#617=CARTESIAN_POINT('',(0.0041658194149874,-0.0270581574759275,0.0304670108986597));
#618=CARTESIAN_POINT('',(0.00525187670928017,-0.0248201458483753,0.0256420222666625));
#619=CARTESIAN_POINT('',(0.00675045316679825,-0.0276520968112173,0.0212546389785368));
#620=CARTESIAN_POINT('',(0.00551393697962154,-0.0269324759802697,0.0310282742715967));
#621=CARTESIAN_POINT('',(0.00690447541849187,-0.0243386973869339,0.0257716683290966));
#622=CARTESIAN_POINT('',(0.0089729664975758,-0.0277920166391082,0.0212835392597869));
#623=CARTESIAN_POINT('',(0.00661136596929581,-0.0267753176946933,0.0315681097067974));
#624=CARTESIAN_POINT('',(0.00819749716427949,-0.0238189636264776,0.0258455104475504));
#625=CARTESIAN_POINT('',(0.0107992877368097,-0.0279345784095806,0.0213357923767529));
#626=CARTESIAN_POINT('',(0.00735781750065973,-0.0266322827948565,0.0319638136058868));
#627=CARTESIAN_POINT('',(0.00903394513298694,-0.0234028824881713,0.0258594395418425));
#628=CARTESIAN_POINT('',(0.0120422131973457,-0.0280399818645833,0.0213916815746459));
#629=CARTESIAN_POINT('',(0.00777755641418116,-0.0265409562163138,0.0321933261691025));
#630=CARTESIAN_POINT('',(0.00949983858348642,-0.0231459547327437,0.0258525090641594));
#631=CARTESIAN_POINT('',(0.0127508037373697,-0.0281029006216819,0.0214296443689727));
#632=CARTESIAN_POINT('',(0.00840115693051863,-0.0263921422369991,0.0325364220366267));
#633=CARTESIAN_POINT('',(0.0100941729253959,-0.0227848167243689,0.025826381894945));
#634=CARTESIAN_POINT('',(0.0136738655512079,-0.0281884304815831,0.0214782898752446));
#635=CARTESIAN_POINT('',(0.00931706366698945,-0.0261190938943477,0.0330367794466694));
#636=CARTESIAN_POINT('',(0.0108948605694872,-0.0222263405143664,0.0257630846497015));
#637=CARTESIAN_POINT('',(0.0150057526167609,-0.0282547074344839,0.0215985903024892));
#638=CARTESIAN_POINT('',(0.0108900946291409,-0.0254734373532722,0.0338447201904363));
#639=CARTESIAN_POINT('',(0.0119935747919542,-0.021278871581889,0.02556804223828));
#640=CARTESIAN_POINT('',(0.0171272662892293,-0.0281627828992586,0.0218813813975634));
#641=CARTESIAN_POINT('',(0.01276470709328,-0.0243159168644836,0.0346400125993587));
#642=CARTESIAN_POINT('',(0.0128829189394705,-0.0202903733963489,0.0252184877142554));
#643=CARTESIAN_POINT('',(0.0194877812526185,-0.0275706807520286,0.0223244544403552));
#644=CARTESIAN_POINT('',(0.014715017204163,-0.0223791159583563,0.035081932821776));
#645=CARTESIAN_POINT('',(0.0137747786266856,-0.0194651098342597,0.0249889430449281));
#646=CARTESIAN_POINT('',(0.0218430305005785,-0.0259246298929754,0.0228293014666968));
#647=CARTESIAN_POINT('',(0.0162768860807177,-0.0200494667049509,0.0350482097655737));
#648=CARTESIAN_POINT('',(0.0149699395332394,-0.0184461340828114,0.0250514732870986));
#649=CARTESIAN_POINT('',(0.0237259388892202,-0.023401352234629,0.0231929981278959));
#650=CARTESIAN_POINT('',(0.0172624820103436,-0.0178702168728869,0.034730973016709));
#651=CARTESIAN_POINT('',(0.0161231113794499,-0.0171351359935416,0.0252155933705268));
#652=CARTESIAN_POINT('',(0.0248513668290407,-0.0207381309750237,0.0233602993414925));
#653=CARTESIAN_POINT('',(0.0178597054485239,-0.0160500076543079,0.0343480498002145));
#654=CARTESIAN_POINT('',(0.0169925255290494,-0.0158494937063046,0.0253997359319136));
#655=CARTESIAN_POINT('',(0.0253717513088944,-0.0184718801505883,0.0234323687469311));
#656=CARTESIAN_POINT('',(0.0183349070831784,-0.014196538498979,0.033905641097397));
#657=CARTESIAN_POINT('',(0.0178031181686894,-0.0143240638093904,0.0254982471816204));
#658=CARTESIAN_POINT('',(0.0258086996556741,-0.016043974901076,0.0234557409473396));
#659=CARTESIAN_POINT('',(0.018714845479442,-0.0118029642905958,0.033264929375522));
#660=CARTESIAN_POINT('',(0.0186199469873812,-0.0122526667383337,0.0256557013994529));
#661=CARTESIAN_POINT('',(0.025901486022064,-0.0129719978502618,0.023460239072741));
#662=CARTESIAN_POINT('',(0.0188256886035448,-0.00884728965248427,0.0323343703644855));
#663=CARTESIAN_POINT('',(0.0192099495253029,-0.00952656521060282,0.025943437265933));
#664=CARTESIAN_POINT('',(0.0251719730048476,-0.00944982380828733,0.0234926089918478));
#665=CARTESIAN_POINT('',(0.0186229754397485,-0.00593532959803636,0.0312259987715438));
#666=CARTESIAN_POINT('',(0.0193398946392981,-0.00667321506608742,0.0262447917003592));
#667=CARTESIAN_POINT('',(0.0237034497958979,-0.0062969237963855,0.0236529887621069));
#668=CARTESIAN_POINT('',(0.0182142302600524,-0.00348659191134886,0.030130117592726));
#669=CARTESIAN_POINT('',(0.0190324700529689,-0.00409787873203561,0.0263463866702171));
#670=CARTESIAN_POINT('',(0.0220911729726439,-0.00379390950209871,0.0239151559733555));
#671=CARTESIAN_POINT('',(0.0177543457120006,-0.00154694049554049,0.0291635610124985));
#672=CARTESIAN_POINT('',(0.0185358057767757,-0.00201073861139666,0.0262942085176041));
#673=CARTESIAN_POINT('',(0.0206757247057769,-0.00182369685358831,0.0241857814597479));
#674=CARTESIAN_POINT('',(0.0173458649044642,-0.000107711674522063,0.0284026001801996));
#675=CARTESIAN_POINT('',(0.0180478455983839,-0.000459107859187926,0.0261939501995183));
#676=CARTESIAN_POINT('',(0.0195703567473967,-0.000359246056831443,0.0244143803355813));
#677=CARTESIAN_POINT('',(0.016878693234093,0.00130614133738327,0.027612368266852));
#678=CARTESIAN_POINT('',(0.0174499104360793,0.00106946196240292,0.026037293164789));
#679=CARTESIAN_POINT('',(0.018437829183218,0.00109329527656597,0.0246636242423389));
#680=CARTESIAN_POINT('',(0.0164398924881501,0.00246628581572164,0.0269325577483082));
#681=CARTESIAN_POINT('',(0.0168620064773089,0.00231978042768919,0.0258655444750528));
#682=CARTESIAN_POINT('',(0.0174763686228117,0.00230086820730468,0.0248856157322699));
#683=CARTESIAN_POINT('',(0.0161071296008433,0.00326804797605006,0.0264465620831216));
#684=CARTESIAN_POINT('',(0.0164059647881804,0.00317673211429693,0.0257271117079118));
#685=CARTESIAN_POINT('',(0.0167959733014997,0.00314701817293741,0.0250472227721434));
#686=CARTESIAN_POINT('',(0.0159093229432391,0.00372369982394411,0.0261661284206442));
#687=CARTESIAN_POINT('',(0.0161328949314733,0.00366059948866631,0.0256433749467922));
#688=CARTESIAN_POINT('',(0.0164051899562819,0.00363115233294157,0.0251411529852732));
#689=CARTESIAN_POINT('',(0.0157574544952145,0.00406362186453475,0.0259545875109503));
#690=CARTESIAN_POINT('',(0.0159221110424403,0.00402021057253842,0.0255783744855506));
#691=CARTESIAN_POINT('',(0.0161114220850163,0.00399429162501871,0.0252122828645172));
#692=CARTESIAN_POINT('',(0.0156269263718943,0.00434704368878124,0.0257769358489577));
#693=CARTESIAN_POINT('',(0.0157404628761274,0.00431853787003774,0.0255223664166374));
#694=CARTESIAN_POINT('',(0.0158651968579576,0.00429807959040204,0.0252723038958812));
#695=CARTESIAN_POINT('',(0.0155224741201187,0.00457027163215032,0.0256346147555922));
#696=CARTESIAN_POINT('',(0.0155943523244115,0.00455259794646245,0.0254763957452618));
#697=CARTESIAN_POINT('',(0.0156705147769189,0.00453803910173329,0.0253198727917416));
#698=CARTESIAN_POINT('',(0.0154537200732887,0.00471477429555219,0.0255423185474477));
#699=CARTESIAN_POINT('',(0.015497989527277,0.0047038494596571,0.0254463383265969));
#700=CARTESIAN_POINT('',(0.0155438136473518,0.0046940614385872,0.0253509671294989));
#701=CARTESIAN_POINT('',(0.0154058200766639,0.00481801769706254,0.0254718156937593));
#702=CARTESIAN_POINT('',(0.0154303216751966,0.00481055836789861,0.0254220018040154));
#703=CARTESIAN_POINT('',(0.0154551890959083,0.00480336930202283,0.0253723294610539));
#704=CARTESIAN_POINT('',(0.0153534082126677,0.00492924089866349,0.0253966228294957));
#705=CARTESIAN_POINT('',(0.0153562732612458,0.00492562107155395,0.0253961813657514));
#706=CARTESIAN_POINT('',(0.0153589964461783,0.00492189792380173,0.0253956855922261));
#707=CARTESIAN_POINT('',(0.0154196870023918,0.0048945127685251,0.025289970095419));
#708=CARTESIAN_POINT('',(0.0154361289057284,0.0048535488581941,0.0253249279831947));
#709=CARTESIAN_POINT('',(0.0154529453804069,0.00481286139983584,0.0253600304515079));
#710=CARTESIAN_POINT('',(0.0154792996273331,0.00486526049945864,0.0251885474913254));
#711=CARTESIAN_POINT('',(0.0155076176818761,0.00478955250584773,0.0252576500308444));
#712=CARTESIAN_POINT('',(0.0155374970017664,0.00471499052507384,0.0253273386100138));
#713=CARTESIAN_POINT('',(0.0155641329912084,0.00481828946399308,0.0250520402228173));
#714=CARTESIAN_POINT('',(0.0156098900233148,0.00469402076457649,0.0251655144614282));
#715=CARTESIAN_POINT('',(0.0156599366992151,0.00457289356989282,0.0252805638986576));
#716=CARTESIAN_POINT('',(0.0156281943548304,0.00478249983551562,0.0249463945806993));
#717=CARTESIAN_POINT('',(0.0156869640560742,0.00462065057814329,0.0250940021700602));
#718=CARTESIAN_POINT('',(0.0157535024043464,0.00446443962517369,0.0252443615316461));
#719=CARTESIAN_POINT('',(0.0156604551727815,0.00476417416607249,0.0248930656811983));
#720=CARTESIAN_POINT('',(0.0157257774002196,0.00458326816689696,0.025057772309277));
#721=CARTESIAN_POINT('',(0.0158009400801848,0.00440947783539487,0.0252259083835891));
#722=CARTESIAN_POINT('',(-0.0256204919684025,-0.011846150843655,0.0234727052819631));
#723=CARTESIAN_POINT('',(-0.0253545137103867,-0.0101925730892717,0.0234878816266842));
#724=CARTESIAN_POINT('',(-0.0245269978046174,-0.00785606934990003,0.0235470325132692));
#725=CARTESIAN_POINT('',(-0.0228605387669474,-0.0049669207863446,0.0237867948185812));
#726=CARTESIAN_POINT('',(-0.0214759585442235,-0.00291513822674558,0.0240284439112184));
#727=CARTESIAN_POINT('',(-0.0200043283991879,-0.000919919787319168,0.024320525376994));
#728=CARTESIAN_POINT('',(-0.0187405085467226,0.000708283912831622,0.0245958317427295));
#729=CARTESIAN_POINT('',(-0.0177173469187445,0.00199898857851273,0.0248294428381475));
#730=CARTESIAN_POINT('',(-0.0169451172864972,0.00296208313684685,0.0250121221064885));
#731=CARTESIAN_POINT('',(-0.0163000096797814,0.00376301898279616,0.0251636377338996));
#732=CARTESIAN_POINT('',(-0.0158456572911508,0.0043202623643059,0.0252807694042173));
#733=CARTESIAN_POINT('',(-0.015588778989,0.00464217294163919,0.025333331337387));
#734=CARTESIAN_POINT('',(-0.0154547865780729,0.0047961679077888,0.025387114906259));
#735=CARTESIAN_POINT('',(-0.0153933866781047,0.00488040219720024,0.0253856571410987));
#736=CARTESIAN_POINT('',(-0.0256204919684025,-0.011846150843655,0.0234727052819631));
#737=CARTESIAN_POINT('',(-0.0252516471521986,-0.0189511454339423,0.0234154954346914));
#738=CARTESIAN_POINT('',(-0.0253824682576194,-0.0183730412117039,0.0234300236690844));
#739=CARTESIAN_POINT('',(-0.0256215132522017,-0.017185482235408,0.0234456186458305));
#740=CARTESIAN_POINT('',(-0.0258773868878338,-0.0148303431519656,0.023460013416437));
#741=CARTESIAN_POINT('',(-0.0258130848438605,-0.0130434941787276,0.0234617162037932));
#742=CARTESIAN_POINT('',(-0.0256204919684027,-0.0118461508436551,0.023472705281963));
#743=CARTESIAN_POINT('',(-0.0252516471521986,-0.0189511454339422,0.0234154954346914));
#744=CARTESIAN_POINT('',(-0.012656422692164,-0.028094157448424,0.021425030112135));
#745=CARTESIAN_POINT('',(-0.014123394596917,-0.0282375188578116,0.0214929904685375));
#746=CARTESIAN_POINT('',(-0.0163416744860836,-0.0283488258154561,0.0217411408956367));
#747=CARTESIAN_POINT('',(-0.0191826635080509,-0.0276238339666369,0.0222667383261158));
#748=CARTESIAN_POINT('',(-0.0210774052164398,-0.0265131344417084,0.0226648596050914));
#749=CARTESIAN_POINT('',(-0.0226214306084466,-0.0249326963890486,0.022982521320514));
#750=CARTESIAN_POINT('',(-0.0237972070248146,-0.0231136116192057,0.0231985096126854));
#751=CARTESIAN_POINT('',(-0.024706320847119,-0.0210944901566649,0.0233389565895258));
#752=CARTESIAN_POINT('',(-0.025088684595841,-0.0196705577621138,0.0233959821108703));
#753=CARTESIAN_POINT('',(-0.0252516471521986,-0.0189511454339422,0.0234154954346914));
#754=CARTESIAN_POINT('',(-0.012656422692164,-0.028094157448424,0.021425030112135));
#755=CARTESIAN_POINT('',(-0.0104999065932178,-0.027912393208869,0.021329962487659));
#756=CARTESIAN_POINT('',(-0.0112193730106057,-0.0279696115744308,0.0213538552159374));
#757=CARTESIAN_POINT('',(-0.0119386745307822,-0.028022799049062,0.0213897966675906));
#758=CARTESIAN_POINT('',(-0.012656422692164,-0.028094157448424,0.021425030112135));
#759=CARTESIAN_POINT('',(-0.0104999065932178,-0.027912393208869,0.021329962487659));
#760=CARTESIAN_POINT('',(0.0104998463121153,-0.0279123435106429,0.0213300144755057));
#761=CARTESIAN_POINT('',(0.00700739931621318,-0.0276343992037842,0.0212142858725599));
#762=CARTESIAN_POINT('',(-6.65653511821001E-7,-0.0273193092716547,0.0212782196374125));
#763=CARTESIAN_POINT('',(-0.00700731312881714,-0.0276346311274494,0.021213977106528));
#764=CARTESIAN_POINT('',(-0.0104999065932178,-0.027912393208869,0.021329962487659));
#765=CARTESIAN_POINT('',(0.0104998463121153,-0.0279123435106429,0.0213300144755057));
#766=CARTESIAN_POINT('',(0.0126564274976115,-0.028094162588536,0.0214250256866633));
#767=CARTESIAN_POINT('',(0.0119382188403287,-0.0280309551818943,0.0213848067412612));
#768=CARTESIAN_POINT('',(0.0112193337478722,-0.0279696034882057,0.0213538560043463));
#769=CARTESIAN_POINT('',(0.0104998463121153,-0.0279123435106429,0.0213300144755057));
#770=CARTESIAN_POINT('',(0.0126564274976115,-0.028094162588536,0.0214250256866633));
#771=CARTESIAN_POINT('',(0.0252515138810761,-0.0189509723418209,0.0234155353529344));
#772=CARTESIAN_POINT('',(0.0249524221426445,-0.0203986400776836,0.0233732739128463));
#773=CARTESIAN_POINT('',(0.024198636340884,-0.0225034802847917,0.0232719084469378));
#774=CARTESIAN_POINT('',(0.0225856918427957,-0.0249809637863439,0.0229758186998101));
#775=CARTESIAN_POINT('',(0.0210292784749986,-0.0265509905671282,0.0226545090766817));
#776=CARTESIAN_POINT('',(0.0191223826416623,-0.0276484846851119,0.0222547097378816));
#777=CARTESIAN_POINT('',(0.0162693254696553,-0.0283530095343725,0.0217291172735109));
#778=CARTESIAN_POINT('',(0.0141278589957815,-0.0282211585221011,0.0215033141193859));
#779=CARTESIAN_POINT('',(0.0126564274976115,-0.028094162588536,0.0214250256866633));
#780=CARTESIAN_POINT('',(0.0252515138810761,-0.0189509723418209,0.0234155353529344));
#781=CARTESIAN_POINT('',(0.0256206504976014,-0.0118464982147343,0.0234726673519662));
#782=CARTESIAN_POINT('',(0.0258118786656426,-0.0130347593677496,0.0234617247921325));
#783=CARTESIAN_POINT('',(0.0258753419191254,-0.0148376068498893,0.0234604012352076));
#784=CARTESIAN_POINT('',(0.0256239994982371,-0.0171980486095831,0.0234448739722692));
#785=CARTESIAN_POINT('',(0.0253730375107687,-0.0183621299913149,0.0234315743173393));
#786=CARTESIAN_POINT('',(0.0252515138810761,-0.0189509723418209,0.0234155353529344));
#787=CARTESIAN_POINT('',(0.0256206504976014,-0.0118464982147343,0.0234726673519662));
#788=CARTESIAN_POINT('',(0.0153916022583735,0.00488254772067462,0.0253861899922839));
#789=CARTESIAN_POINT('',(0.015452993599647,0.00479830712134276,0.0253876819816352));
#790=CARTESIAN_POINT('',(0.0155870512366051,0.00464431295367825,0.0253337302561019));
#791=CARTESIAN_POINT('',(0.0158439514030555,0.00432234908611762,0.0252812163056296));
#792=CARTESIAN_POINT('',(0.0162983891747114,0.00376503302662226,0.0251640101859744));
#793=CARTESIAN_POINT('',(0.0169435992329412,0.00296396926777793,0.025012486253103));
#794=CARTESIAN_POINT('',(0.0177159392272128,0.00200075419657862,0.024829768483832));
#795=CARTESIAN_POINT('',(0.0187392514923523,0.000709888017867324,0.0245961114215345));
#796=CARTESIAN_POINT('',(0.0200032835524444,-0.00091854045991046,0.0243207419028913));
#797=CARTESIAN_POINT('',(0.0214752108279054,-0.0029140753916588,0.0240285820418889));
#798=CARTESIAN_POINT('',(0.0228600697870629,-0.00496616897753355,0.0237868679319319));
#799=CARTESIAN_POINT('',(0.024526914003291,-0.00785574718940026,0.0235470288365871));
#800=CARTESIAN_POINT('',(0.0253545001183913,-0.010192682463032,0.0234878971503745));
#801=CARTESIAN_POINT('',(0.0256206504976015,-0.0118464982147343,0.0234726673519662));
#802=CARTESIAN_POINT('',(-0.114248841466884,-0.113666181209762,-0.000254));
#803=CARTESIAN_POINT('',(-0.113262662261372,-0.112483017357288,0.));
#804=CARTESIAN_POINT('',(-0.0146447417100862,0.00583336789011085,0.0254));
#805=CARTESIAN_POINT('',(-0.111924292711347,-0.110471355205064,-0.000254));
#806=CARTESIAN_POINT('',(-0.110959497280443,-0.109317866363349,0.));
#807=CARTESIAN_POINT('',(-0.0144799541900894,0.00603101780811687,0.0254));
#808=CARTESIAN_POINT('',(-0.105650164853499,-0.101848780270516,-0.000254));
#809=CARTESIAN_POINT('',(-0.104746249691605,-0.100779239324365,0.));
#810=CARTESIAN_POINT('',(-0.0143547335022063,0.00617485529074337,0.0254));
#811=CARTESIAN_POINT('',(-0.0889177501836465,-0.0788535163504702,-0.000254));
#812=CARTESIAN_POINT('',(-0.0881773071984844,-0.0780091793265461,0.));
#813=CARTESIAN_POINT('',(-0.0141330086822731,0.0064245230658612,0.0254));
#814=CARTESIAN_POINT('',(-0.0784594643201957,-0.0644808267426899,-0.000254));
#815=CARTESIAN_POINT('',(-0.0778216122942012,-0.0637777463677116,0.));
#816=CARTESIAN_POINT('',(-0.0140364096947497,0.00653029113011961,0.0254));
#817=CARTESIAN_POINT('',(-0.0574408909352295,-0.0355952277348291,-0.000254));
#818=CARTESIAN_POINT('',(-0.0570092254931232,-0.0351760841701929,0.));
#819=CARTESIAN_POINT('',(-0.0138426812824898,0.00673827229342773,0.0254));
#820=CARTESIAN_POINT('',(-0.0468806035094889,-0.0210823183600511,-0.000254));
#821=CARTESIAN_POINT('',(-0.0465525335963284,-0.0208058549315087,0.));
#822=CARTESIAN_POINT('',(-0.0137455422802734,0.00684048792273846,0.0254));
#823=CARTESIAN_POINT('',(-0.0297402138377571,0.00247385362210734,-0.000254));
#824=CARTESIAN_POINT('',(-0.0295796031331607,0.00251939018570936,0.));
#825=CARTESIAN_POINT('',(-0.0135185326735182,0.00707304654591171,0.0254));
#826=CARTESIAN_POINT('',(-0.0231601109677545,0.0115171154125497,-0.000254));
#827=CARTESIAN_POINT('',(-0.0230633645667878,0.0114744060642431,0.));
#828=CARTESIAN_POINT('',(-0.0133887244701181,0.00720347123358209,0.0254));
#829=CARTESIAN_POINT('',(-0.0202116754213248,0.0155698151555974,-0.000254));
#830=CARTESIAN_POINT('',(-0.0201422411586561,0.0154887935420081,0.));
#831=CARTESIAN_POINT('',(-0.0131988148917845,0.00738663218307355,0.0254));
#832=CARTESIAN_POINT('',(-0.019800261009676,0.0160895565831164,-0.000254));
#833=CARTESIAN_POINT('',(-0.019734465386142,0.0160038075416712,0.));
#834=CARTESIAN_POINT('',(-0.0131549030327518,0.0074289033971504,0.0254));
#835=CARTESIAN_POINT('',(-0.0189607043482162,0.0170733013889177,-0.000254));
#836=CARTESIAN_POINT('',(-0.0189020047303498,0.0169789633688729,0.));
#837=CARTESIAN_POINT('',(-0.0130320429437083,0.00754516136439045,0.0254));
#838=CARTESIAN_POINT('',(-0.0185325588380805,0.0175373117994581,-0.000254));
#839=CARTESIAN_POINT('',(-0.018477316550285,0.0174391121170461,0.));
#840=CARTESIAN_POINT('',(-0.0129530877707308,0.00761914387584488,0.0254));
#841=CARTESIAN_POINT('',(-0.0176653565320786,0.0184131152721064,-0.000254));
#842=CARTESIAN_POINT('',(-0.0176167972933776,0.0183079849097158,0.));
#843=CARTESIAN_POINT('',(-0.0127608734232769,0.00779494867065332,0.0254));
#844=CARTESIAN_POINT('',(-0.0172262961291655,0.0188249139549924,-0.000254));
#845=CARTESIAN_POINT('',(-0.0171809625760596,0.0187167144829961,0.));
#846=CARTESIAN_POINT('',(-0.0126476072654694,0.00789676728335624,0.0254));
#847=CARTESIAN_POINT('',(-0.0163419808910127,0.0196000005021266,-0.000254));
#848=CARTESIAN_POINT('',(-0.0163028240536631,0.0194863748284092,0.));
#849=CARTESIAN_POINT('',(-0.0123871403186948,0.00812380745666563,0.0254));
#850=CARTESIAN_POINT('',(-0.0158967223304581,0.0199632927700913,-0.000254));
#851=CARTESIAN_POINT('',(-0.0158605164934555,0.0198473099262318,0.));
#852=CARTESIAN_POINT('',(-0.0122399327931946,0.00824902554028403,0.0254));
#853=CARTESIAN_POINT('',(-0.0145572469535162,0.0209860174802816,-0.000254));
#854=CARTESIAN_POINT('',(-0.0145294299356499,0.0208639029122869,0.));
#855=CARTESIAN_POINT('',(-0.0117477281490218,0.00865244611281203,0.0254));
#856=CARTESIAN_POINT('',(-0.0136597037365315,0.0215783918246353,-0.000254));
#857=CARTESIAN_POINT('',(-0.0136368554005763,0.0214534426390271,0.));
#858=CARTESIAN_POINT('',(-0.0113520218050562,0.00895852407820812,0.0254));
#859=CARTESIAN_POINT('',(-0.0118752447832203,0.0226128724550818,-0.000254));
#860=CARTESIAN_POINT('',(-0.0118609194549924,0.0224840524809127,0.));
#861=CARTESIAN_POINT('',(-0.010428386632207,0.00960205506399581,0.0254));
#862=CARTESIAN_POINT('',(-0.0109882233187638,0.0230550385874577,-0.000254));
#863=CARTESIAN_POINT('',(-0.0109774519103707,0.022925180505322,0.));
#864=CARTESIAN_POINT('',(-0.00990031107106188,0.00993937229176027,0.0254));
#865=CARTESIAN_POINT('',(-0.00923365894495629,0.0238141937304586,-0.000254));
#866=CARTESIAN_POINT('',(-0.00922857667964525,0.0236833638682094,0.));
#867=CARTESIAN_POINT('',(-0.00872035014854112,0.0106003776432915,0.0254));
#868=CARTESIAN_POINT('',(-0.00836602667267342,0.0241312118785222,-0.000254));
#869=CARTESIAN_POINT('',(-0.00836307979141766,0.0240004465001846,0.));
#870=CARTESIAN_POINT('',(-0.00806839166584141,0.0109239086664172,0.0254));
#871=CARTESIAN_POINT('',(-0.00665136933780652,0.0246601514373584,-0.000254));
#872=CARTESIAN_POINT('',(-0.00665143840101065,0.0245300000612189,0.));
#873=CARTESIAN_POINT('',(-0.00665834472142396,0.0115148624472686,0.0254));
#874=CARTESIAN_POINT('',(-0.0058042705656331,0.0248720846853211,-0.000254));
#875=CARTESIAN_POINT('',(-0.00580522103175751,0.0247424811315078,0.));
#876=CARTESIAN_POINT('',(-0.00590026764419807,0.0117821257501692,0.0254));
#877=CARTESIAN_POINT('',(-0.00454596240305689,0.0251220394939135,-0.000254));
#878=CARTESIAN_POINT('',(-0.00454753189567702,0.0249932529815637,0.));
#879=CARTESIAN_POINT('',(-0.00470448115768984,0.0121146017465913,0.0254));
#880=CARTESIAN_POINT('',(-0.0041285484983218,0.0251939891527352,-0.000254));
#881=CARTESIAN_POINT('',(-0.00413020826916507,0.0250654753684207,0.));
#882=CARTESIAN_POINT('',(-0.00429618535349109,0.012214096936961,0.0254));
#883=CARTESIAN_POINT('',(-0.00329692991591496,0.0253164225385429,-0.000254));
#884=CARTESIAN_POINT('',(-0.00329858918163322,0.0251884097394495,0.));
#885=CARTESIAN_POINT('',(-0.0034645157534602,0.0123871298301117,0.0254));
#886=CARTESIAN_POINT('',(-0.00288272345852781,0.0253669063092261,-0.000254));
#887=CARTESIAN_POINT('',(-0.00288429199707406,0.0252391217336053,0.));
#888=CARTESIAN_POINT('',(-0.00304114585169898,0.0124606641715274,0.0254));
#889=CARTESIAN_POINT('',(-0.00205653160851917,0.0254473167395743,-0.000254));
#890=CARTESIAN_POINT('',(-0.00205779460179945,0.0253199108921208,0.));
#891=CARTESIAN_POINT('',(-0.00218409392982689,0.0125793261467752,0.0254));
#892=CARTESIAN_POINT('',(-0.00164454453524679,0.0254772434126309,-0.000254));
#893=CARTESIAN_POINT('',(-0.00164559277337011,0.0253499880463329,0.));
#894=CARTESIAN_POINT('',(-0.00175041658570211,0.0126244514165316,0.0254));
#895=CARTESIAN_POINT('',(-0.000821705788452688,0.0255170850418143,-0.000254));
#896=CARTESIAN_POINT('',(-0.000822261410404706,0.0253900326052951,0.));
#897=CARTESIAN_POINT('',(-0.000877823605606517,0.012684788953368,0.0254));
#898=CARTESIAN_POINT('',(-0.000410852493968187,0.025527,-0.000254));
#899=CARTESIAN_POINT('',(-0.000411130322109829,0.0254,0.));
#900=CARTESIAN_POINT('',(-0.00043891313627393,0.0127000000000001,0.0254));
#901=CARTESIAN_POINT('',(0.000410852493968217,0.025527,-0.000254));
#902=CARTESIAN_POINT('',(0.00041113032210986,0.0254,0.));
#903=CARTESIAN_POINT('',(0.000438913136274097,0.0127000000000001,0.0254));
#904=CARTESIAN_POINT('',(0.000821705788452707,0.0255170850418143,-0.000254));
#905=CARTESIAN_POINT('',(0.000822261410404726,0.0253900326052951,0.));
#906=CARTESIAN_POINT('',(0.000877823605606666,0.012684788953368,0.0254));
#907=CARTESIAN_POINT('',(0.00164454453524681,0.0254772434126309,-0.000254));
#908=CARTESIAN_POINT('',(0.00164559277337013,0.0253499880463329,0.));
#909=CARTESIAN_POINT('',(0.00175041658570226,0.0126244514165317,0.0254));
#910=CARTESIAN_POINT('',(0.00205653160851918,0.0254473167395743,-0.000254));
#911=CARTESIAN_POINT('',(0.00205779460179946,0.0253199108921208,0.));
#912=CARTESIAN_POINT('',(0.00218409392982702,0.0125793261467752,0.0254));
#913=CARTESIAN_POINT('',(0.00288272345852782,0.0253669063092261,-0.000254));
#914=CARTESIAN_POINT('',(0.00288429199707407,0.0252391217336053,0.));
#915=CARTESIAN_POINT('',(0.00304114585169911,0.0124606641715275,0.0254));
#916=CARTESIAN_POINT('',(0.00329692991591496,0.0253164225385429,-0.000254));
#917=CARTESIAN_POINT('',(0.00329858918163324,0.0251884097394495,0.));
#918=CARTESIAN_POINT('',(0.00346451575346034,0.0123871298301118,0.0254));
#919=CARTESIAN_POINT('',(0.00412854849832181,0.0251939891527352,-0.000254));
#920=CARTESIAN_POINT('',(0.00413020826916507,0.0250654753684207,0.));
#921=CARTESIAN_POINT('',(0.00429618535349124,0.0122140969369611,0.0254));
#922=CARTESIAN_POINT('',(0.00454596240305687,0.0251220394939135,-0.000254));
#923=CARTESIAN_POINT('',(0.004547531895677,0.0249932529815637,0.));
#924=CARTESIAN_POINT('',(0.00470448115768996,0.0121146017465914,0.0254));
#925=CARTESIAN_POINT('',(0.00580427056563308,0.0248720846853211,-0.000254));
#926=CARTESIAN_POINT('',(0.00580522103175749,0.0247424811315078,0.));
#927=CARTESIAN_POINT('',(0.0059002676441982,0.0117821257501693,0.0254));
#928=CARTESIAN_POINT('',(0.0066513693378065,0.0246601514373584,-0.000254));
#929=CARTESIAN_POINT('',(0.00665143840101063,0.0245300000612189,0.));
#930=CARTESIAN_POINT('',(0.00665834472142412,0.0115148624472688,0.0254));
#931=CARTESIAN_POINT('',(0.0083660266726734,0.0241312118785222,-0.000254));
#932=CARTESIAN_POINT('',(0.00836307979141764,0.0240004465001846,0.));
#933=CARTESIAN_POINT('',(0.00806839166584159,0.0109239086664174,0.0254));
#934=CARTESIAN_POINT('',(0.00923365894495632,0.0238141937304586,-0.000254));
#935=CARTESIAN_POINT('',(0.00922857667964528,0.0236833638682094,0.));
#936=CARTESIAN_POINT('',(0.00872035014854133,0.0106003776432917,0.0254));
#937=CARTESIAN_POINT('',(0.0109882233187639,0.0230550385874577,-0.000254));
#938=CARTESIAN_POINT('',(0.0109774519103708,0.022925180505322,0.));
#939=CARTESIAN_POINT('',(0.0099003110710621,0.00993937229176052,0.0254));
#940=CARTESIAN_POINT('',(0.0118752447832203,0.0226128724550818,-0.000254));
#941=CARTESIAN_POINT('',(0.0118609194549924,0.0224840524809127,0.));
#942=CARTESIAN_POINT('',(0.0104283866322072,0.00960205506399607,0.0254));
#943=CARTESIAN_POINT('',(0.0136597037365315,0.0215783918246353,-0.000254));
#944=CARTESIAN_POINT('',(0.0136368554005763,0.0214534426390271,0.));
#945=CARTESIAN_POINT('',(0.0113520218050564,0.0089585240782084,0.0254));
#946=CARTESIAN_POINT('',(0.0145572469535162,0.0209860174802817,-0.000254));
#947=CARTESIAN_POINT('',(0.0145294299356499,0.0208639029122869,0.));
#948=CARTESIAN_POINT('',(0.0117477281490221,0.00865244611281234,0.0254));
#949=CARTESIAN_POINT('',(0.015896722330458,0.0199632927700914,-0.000254));
#950=CARTESIAN_POINT('',(0.0158605164934554,0.0198473099262319,0.));
#951=CARTESIAN_POINT('',(0.0122399327931949,0.00824902554028434,0.0254));
#952=CARTESIAN_POINT('',(0.0163419808910128,0.0196000005021266,-0.000254));
#953=CARTESIAN_POINT('',(0.0163028240536631,0.0194863748284092,0.));
#954=CARTESIAN_POINT('',(0.0123871403186951,0.00812380745666594,0.0254));
#955=CARTESIAN_POINT('',(0.0172262961291655,0.0188249139549924,-0.000254));
#956=CARTESIAN_POINT('',(0.0171809625760596,0.0187167144829961,0.));
#957=CARTESIAN_POINT('',(0.0126476072654697,0.00789676728335656,0.0254));
#958=CARTESIAN_POINT('',(0.0176653565320786,0.0184131152721064,-0.000254));
#959=CARTESIAN_POINT('',(0.0176167972933776,0.0183079849097158,0.));
#960=CARTESIAN_POINT('',(0.0127608734232771,0.00779494867065364,0.0254));
#961=CARTESIAN_POINT('',(0.0185325588380805,0.0175373117994581,-0.000254));
#962=CARTESIAN_POINT('',(0.018477316550285,0.0174391121170461,0.));
#963=CARTESIAN_POINT('',(0.0129530877707311,0.0076191438758452,0.0254));
#964=CARTESIAN_POINT('',(0.0189607043482162,0.0170733013889177,-0.000254));
#965=CARTESIAN_POINT('',(0.0189020047303498,0.0169789633688729,0.));
#966=CARTESIAN_POINT('',(0.0130320429437086,0.00754516136439077,0.0254));
#967=CARTESIAN_POINT('',(0.0198002610096759,0.0160895565831165,-0.000254));
#968=CARTESIAN_POINT('',(0.019734465386142,0.0160038075416713,0.));
#969=CARTESIAN_POINT('',(0.0131549030327521,0.00742890339715073,0.0254));
#970=CARTESIAN_POINT('',(0.0202116754213248,0.0155698151555974,-0.000254));
#971=CARTESIAN_POINT('',(0.0201422411586561,0.0154887935420081,0.));
#972=CARTESIAN_POINT('',(0.0131988148917848,0.00738663218307386,0.0254));
#973=CARTESIAN_POINT('',(0.0231601109677545,0.0115171154125497,-0.000254));
#974=CARTESIAN_POINT('',(0.0230633645667878,0.0114744060642431,0.));
#975=CARTESIAN_POINT('',(0.0133887244701184,0.00720347123358241,0.0254));
#976=CARTESIAN_POINT('',(0.0297402138377571,0.00247385362210734,-0.000254));
#977=CARTESIAN_POINT('',(0.0295796031331607,0.00251939018570936,0.));
#978=CARTESIAN_POINT('',(0.0135185326735185,0.00707304654591204,0.0254));
#979=CARTESIAN_POINT('',(0.0468806035094889,-0.0210823183600511,-0.000254));
#980=CARTESIAN_POINT('',(0.0465525335963284,-0.0208058549315087,0.));
#981=CARTESIAN_POINT('',(0.0137455422802737,0.00684048792273879,0.0254));
#982=CARTESIAN_POINT('',(0.0574408909352295,-0.0355952277348291,-0.000254));
#983=CARTESIAN_POINT('',(0.0570092254931232,-0.0351760841701928,0.));
#984=CARTESIAN_POINT('',(0.0138426812824901,0.00673827229342805,0.0254));
#985=CARTESIAN_POINT('',(0.0784594643201957,-0.0644808267426899,-0.000254));
#986=CARTESIAN_POINT('',(0.0778216122942012,-0.0637777463677116,0.));
#987=CARTESIAN_POINT('',(0.01403640969475,0.00653029113011994,0.0254));
#988=CARTESIAN_POINT('',(0.0889177501836465,-0.0788535163504702,-0.000254));
#989=CARTESIAN_POINT('',(0.0881773071984844,-0.0780091793265461,0.));
#990=CARTESIAN_POINT('',(0.0141330086822734,0.00642452306586153,0.0254));
#991=CARTESIAN_POINT('',(0.105650164853499,-0.101848780270516,-0.000254));
#992=CARTESIAN_POINT('',(0.104746249691605,-0.100779239324365,0.));
#993=CARTESIAN_POINT('',(0.0143547335022066,0.0061748552907437,0.0254));
#994=CARTESIAN_POINT('',(0.111924292711347,-0.110471355205064,-0.000254));
#995=CARTESIAN_POINT('',(0.110959497280443,-0.109317866363349,0.));
#996=CARTESIAN_POINT('',(0.0144799541900898,0.0060310178081172,0.0254));
#997=CARTESIAN_POINT('',(0.114248841466884,-0.113666181209762,-0.000254));
#998=CARTESIAN_POINT('',(0.113262662261372,-0.112483017357288,0.));
#999=CARTESIAN_POINT('',(0.0146447417100865,0.00583336789011118,0.0254));
#1000=CARTESIAN_POINT('',(0.114409267215115,-0.11392530457702,-0.000254));
#1001=CARTESIAN_POINT('',(0.113421699480523,-0.112739815214288,0.));
#1002=CARTESIAN_POINT('',(0.01466492602138,0.00580912105889909,0.0254));
#1003=CARTESIAN_POINT('',(0.114686597676618,-0.114449287108537,-0.000254));
#1004=CARTESIAN_POINT('',(0.113696815933206,-0.113259254139728,0.));
#1005=CARTESIAN_POINT('',(0.0147186415919812,0.00574404274113129,0.0254));
#1006=CARTESIAN_POINT('',(0.114803516514768,-0.114714148703959,-0.000254));
#1007=CARTESIAN_POINT('',(0.11381290914313,-0.113521897625182,0.));
#1008=CARTESIAN_POINT('',(0.0147521719793643,0.00570321025249253,0.0254));
#1009=CARTESIAN_POINT('',(0.11499742814952,-0.115243153663591,-0.000254));
#1010=CARTESIAN_POINT('',(0.114005685651483,-0.114046631931934,0.));
#1011=CARTESIAN_POINT('',(0.0148314358477998,0.00560554123375988,0.0254));
#1012=CARTESIAN_POINT('',(0.1150744321262,-0.115507301433276,-0.000254));
#1013=CARTESIAN_POINT('',(0.11408238001146,-0.114308727124961,0.));
#1014=CARTESIAN_POINT('',(0.0148771685374514,0.00554870370653642,0.0254));
#1015=CARTESIAN_POINT('',(0.115192553639985,-0.116029826206739,-0.000254));
#1016=CARTESIAN_POINT('',(0.114200345914268,-0.114827357400856,0.));
#1017=CARTESIAN_POINT('',(0.0149795733426337,0.0054195231874674,0.0254));
#1018=CARTESIAN_POINT('',(0.115233679650971,-0.116288208685527,-0.000254));
#1019=CARTESIAN_POINT('',(0.114241625839783,-0.115083897914097,0.));
#1020=CARTESIAN_POINT('',(0.0150362447210043,0.00534717922897932,0.0254));
#1021=CARTESIAN_POINT('',(0.115284235708396,-0.116795400314793,-0.000254));
#1022=CARTESIAN_POINT('',(0.114292898387045,-0.115587649500389,0.));
#1023=CARTESIAN_POINT('',(0.01515916625195,0.00518743194001733,0.0254));
#1024=CARTESIAN_POINT('',(0.11529367187194,-0.117044215343238,-0.000254));
#1025=CARTESIAN_POINT('',(0.114302897058357,-0.115834866402265,0.));
#1026=CARTESIAN_POINT('',(0.0152254157000271,0.00510002769504483,0.0254));
#1027=CARTESIAN_POINT('',(0.115284972150887,-0.117529546778437,-0.000254));
#1028=CARTESIAN_POINT('',(0.114295675964043,-0.11631726827825,0.));
#1029=CARTESIAN_POINT('',(0.0153660572796693,0.00491058174047188,0.0254));
#1030=CARTESIAN_POINT('',(0.115266840417581,-0.117766069003146,-0.000254));
#1031=CARTESIAN_POINT('',(0.114278460301791,-0.116552459021066,0.));
#1032=CARTESIAN_POINT('',(0.0154404487227875,0.0048085391869756,0.0254));
#1033=CARTESIAN_POINT('',(0.115176944460123,-0.118454450081041,-0.000254));
#1034=CARTESIAN_POINT('',(0.114191762842037,-0.117237266500227,0.));
#1035=CARTESIAN_POINT('',(0.0156736010334014,0.00448109158113331,0.0254));
#1036=CARTESIAN_POINT('',(0.115069875114576,-0.11888485292986,-0.000254));
#1037=CARTESIAN_POINT('',(0.114087424317345,-0.117665851014749,0.));
#1038=CARTESIAN_POINT('',(0.0158423445942774,0.00423434049634243,0.0254));
#1039=CARTESIAN_POINT('',(0.11478863230916,-0.119682132226235,-0.000254));
#1040=CARTESIAN_POINT('',(0.113812449807691,-0.118460648432061,0.));
#1041=CARTESIAN_POINT('',(0.0161941996607403,0.00368773098535841,0.0254));
#1042=CARTESIAN_POINT('',(0.114614473823246,-0.12004914688616,-0.000254));
#1043=CARTESIAN_POINT('',(0.113641828429742,-0.118826998352118,0.));
#1044=CARTESIAN_POINT('',(0.0163772890793737,0.003387855052088,0.0254));
#1045=CARTESIAN_POINT('',(0.11421993878149,-0.120720467776615,-0.000254));
#1046=CARTESIAN_POINT('',(0.113254846879123,-0.119498088921405,0.));
#1047=CARTESIAN_POINT('',(0.0167456566423393,0.00273979659957948,0.0254));
#1048=CARTESIAN_POINT('',(0.113999541117664,-0.121024873627037,-0.000254));
#1049=CARTESIAN_POINT('',(0.113038465589552,-0.119802928301395,0.));
#1050=CARTESIAN_POINT('',(0.0169309127783303,0.0023916042627907,0.0254));
#1051=CARTESIAN_POINT('',(0.11352716734487,-0.121575188900378,-0.000254));
#1052=CARTESIAN_POINT('',(0.112574346004265,-0.120355106059418,0.));
#1053=CARTESIAN_POINT('',(0.0172922119438199,0.00165317803654786,0.0254));
#1054=CARTESIAN_POINT('',(0.113275154679839,-0.12182116564351,-0.000254));
#1055=CARTESIAN_POINT('',(0.112326571308226,-0.120602511109385,0.));
#1056=CARTESIAN_POINT('',(0.0174682341469316,0.001262942303058,0.0254));
#1057=CARTESIAN_POINT('',(0.112748879697932,-0.122259753406192,-0.000254));
#1058=CARTESIAN_POINT('',(0.11180880255718,-0.121044821848876,0.));
#1059=CARTESIAN_POINT('',(0.0178010884819051,0.000448333882732137,0.0254));
#1060=CARTESIAN_POINT('',(0.112474576363543,-0.122452408194394,-0.000254));
#1061=CARTESIAN_POINT('',(0.111538767712213,-0.121239770818087,0.));
#1062=CARTESIAN_POINT('',(0.0179579025791937,2.39668125898359E-5,0.0254));
#1063=CARTESIAN_POINT('',(0.111908937367493,-0.122788769402058,-0.000254));
#1064=CARTESIAN_POINT('',(0.110981565493546,-0.121581449106071,0.));
#1065=CARTESIAN_POINT('',(0.0182443780988861,-0.000849419507297647,0.0254));
#1066=CARTESIAN_POINT('',(0.111617560596449,-0.122932503914885,-0.000254));
#1067=CARTESIAN_POINT('',(0.110694357283678,-0.121728206123566,0.));
#1068=CARTESIAN_POINT('',(0.0183740260066319,-0.00129842699169007,0.0254));
#1069=CARTESIAN_POINT('',(0.111020124900921,-0.123173679681782,-0.000254));
#1070=CARTESIAN_POINT('',(0.110105081098071,-0.121976022415686,0.));
#1071=CARTESIAN_POINT('',(0.0186007008130799,-0.00221029580610421,0.0254));
#1072=CARTESIAN_POINT('',(0.110714024996413,-0.123271138952923,-0.000254));
#1073=CARTESIAN_POINT('',(0.109802972473619,-0.122077099371501,0.));
#1074=CARTESIAN_POINT('',(0.0186977201942932,-0.00267314122927856,0.0254));
#1075=CARTESIAN_POINT('',(0.110087855440456,-0.123419984843417,-0.000254));
#1076=CARTESIAN_POINT('',(0.109184574542347,-0.12223365823658,0.));
#1077=CARTESIAN_POINT('',(0.0188564847315108,-0.00360099755289067,0.0254));
#1078=CARTESIAN_POINT('',(0.109767742766058,-0.123471382182801,-0.000254));
#1079=CARTESIAN_POINT('',(0.108868242632771,-0.122289150585843,0.));
#1080=CARTESIAN_POINT('',(0.0189182293040947,-0.00406599088995925,0.0254));
#1081=CARTESIAN_POINT('',(0.109113872329913,-0.123525467265002,-0.000254));
#1082=CARTESIAN_POINT('',(0.108221722412541,-0.122351809933093,0.));
#1083=CARTESIAN_POINT('',(0.0190067306753105,-0.00498607674216236,0.0254));
#1084=CARTESIAN_POINT('',(0.108780066207741,-0.123528158065077,-0.000254));
#1085=CARTESIAN_POINT('',(0.107891486285502,-0.122358979794098,0.));
#1086=CARTESIAN_POINT('',(0.0190334940616224,-0.00544115269614794,0.0254));
#1087=CARTESIAN_POINT('',(0.108100103197531,-0.123479124218283,-0.000254));
#1088=CARTESIAN_POINT('',(0.107218470189052,-0.122319226768862,0.));
#1089=CARTESIAN_POINT('',(0.0190551693411553,-0.00632948182675606,0.0254));
#1090=CARTESIAN_POINT('',(0.107753889379692,-0.123427391029475,-0.000254));
#1091=CARTESIAN_POINT('',(0.106875633985132,-0.122272295295871,0.));
#1092=CARTESIAN_POINT('',(0.0190500945291265,-0.00676272193545873,0.0254));
#1093=CARTESIAN_POINT('',(0.107052942510158,-0.123260797480553,-0.000254));
#1094=CARTESIAN_POINT('',(0.106181267622485,-0.122115602016591,0.));
#1095=CARTESIAN_POINT('',(0.0190137788552321,-0.00759605562034534,0.0254));
#1096=CARTESIAN_POINT('',(0.10669814238013,-0.123145908912915,-0.000254));
#1097=CARTESIAN_POINT('',(0.105829671237614,-0.122005812207075,0.));
#1098=CARTESIAN_POINT('',(0.0189825569859937,-0.00799614162305903,0.0254));
#1099=CARTESIAN_POINT('',(0.105988248449878,-0.122841802251532,-0.000254));
#1100=CARTESIAN_POINT('',(0.105126005328147,-0.121712207757771,0.));
#1101=CARTESIAN_POINT('',(0.0189016931550852,-0.00875275838166732,0.0254));
#1102=CARTESIAN_POINT('',(0.105633080047065,-0.122652523700956,-0.000254));
#1103=CARTESIAN_POINT('',(0.104773862171464,-0.121528333251587,0.));
#1104=CARTESIAN_POINT('',(0.0188520746113492,-0.00910928831472925,0.0254));
#1105=CARTESIAN_POINT('',(0.104937210872911,-0.122187220314999,-0.000254));
#1106=CARTESIAN_POINT('',(0.10408380861376,-0.12107417287926,0.));
#1107=CARTESIAN_POINT('',(0.0187435826986599,-0.00976942930533401,0.0254));
#1108=CARTESIAN_POINT('',(0.104596438836462,-0.121911086271756,-0.000254));
#1109=CARTESIAN_POINT('',(0.103745827917188,-0.120803778948635,0.));
#1110=CARTESIAN_POINT('',(0.018684735989826,-0.01007304663659,0.0254));
#1111=CARTESIAN_POINT('',(0.103740512366327,-0.121046341213933,-0.000254));
#1112=CARTESIAN_POINT('',(0.102896833665456,-0.119954784696903,0.));
#1113=CARTESIAN_POINT('',(0.0185289635783774,-0.0107991329939678,0.0254));
#1114=CARTESIAN_POINT('',(0.103091739332512,-0.120392101193239,-0.000254));
#1115=CARTESIAN_POINT('',(0.102253387339468,-0.119311338370914,0.));
#1116=CARTESIAN_POINT('',(0.0184181880350293,-0.0112350561384239,0.0254));
#1117=CARTESIAN_POINT('',(0.101587191626367,-0.118876726690193,-0.000254));
#1118=CARTESIAN_POINT('',(0.100761326758641,-0.117819277790088,0.));
#1119=CARTESIAN_POINT('',(0.0181748399860286,-0.0120743877796236,0.0254));
#1120=CARTESIAN_POINT('',(0.100731416983966,-0.118015592138343,-0.000254));
#1121=CARTESIAN_POINT('',(0.0999127125038034,-0.11697066353525,0.));
#1122=CARTESIAN_POINT('',(0.0180422644875895,-0.0124778032260134,0.0254));
#1123=CARTESIAN_POINT('',(0.0988351060665667,-0.11610868754188,-0.000254));
#1124=CARTESIAN_POINT('',(0.0980323778172729,-0.11509032884872,0.));
#1125=CARTESIAN_POINT('',(0.0177595528878921,-0.0132544595327247,0.0254));
#1126=CARTESIAN_POINT('',(0.0977945698243426,-0.115062917442601,-0.000254));
#1127=CARTESIAN_POINT('',(0.0970006573855803,-0.114058608417027,0.));
#1128=CARTESIAN_POINT('',(0.0176094135093523,-0.0136277058596147,0.0254));
#1129=CARTESIAN_POINT('',(0.0955509856337199,-0.11280899830402,-0.000254));
#1130=CARTESIAN_POINT('',(0.0947761720973344,-0.111834123128781,0.));
#1131=CARTESIAN_POINT('',(0.0172948184587873,-0.0143466056048811,0.0254));
#1132=CARTESIAN_POINT('',(0.0943479377183511,-0.111600849222112,-0.000254));
#1133=CARTESIAN_POINT('',(0.0935834072407812,-0.110641358272228,0.));
#1134=CARTESIAN_POINT('',(0.0171303594837912,-0.0146922632837956,0.0254));
#1135=CARTESIAN_POINT('',(0.0905284146889889,-0.107766216943662,-0.000254));
#1136=CARTESIAN_POINT('',(0.0897966386618223,-0.106854589693269,0.));
#1137=CARTESIAN_POINT('',(0.0166190359451672,-0.0156918646539902,0.0254));
#1138=CARTESIAN_POINT('',(0.0877015568696181,-0.104929548095949,-0.000254));
#1139=CARTESIAN_POINT('',(0.0869941609301172,-0.104052111961564,0.));
#1140=CARTESIAN_POINT('',(0.0162545669800307,-0.0163084985230659,0.0254));
#1141=CARTESIAN_POINT('',(0.0816649853605026,-0.0988737660029068,-0.000254));
#1142=CARTESIAN_POINT('',(0.0810097687911967,-0.0980677198226436,0.));
#1143=CARTESIAN_POINT('',(0.0154881118606084,-0.0174631017963254,0.0254));
#1144=CARTESIAN_POINT('',(0.0784552725117621,-0.0956546520747197,-0.000254));
#1145=CARTESIAN_POINT('',(0.0778278543839811,-0.0948858054154279,0.));
#1146=CARTESIAN_POINT('',(0.0150860416058856,-0.018001139486247,0.0254));
#1147=CARTESIAN_POINT('',(0.0718312546035526,-0.0890120559622741,-0.000254));
#1148=CARTESIAN_POINT('',(0.0712610829099946,-0.0883190339414414,0.));
#1149=CARTESIAN_POINT('',(0.01424391355419,-0.0190168318581742,0.0254));
#1150=CARTESIAN_POINT('',(0.0684169502058468,-0.085588573252053,-0.000254));
#1151=CARTESIAN_POINT('',(0.0678762258432237,-0.0849341768746705,0.));
#1152=CARTESIAN_POINT('',(0.0138037895809158,-0.0194945391364181,0.0254));
#1153=CARTESIAN_POINT('',(0.0615620895974148,-0.0787153610291425,-0.000254));
#1154=CARTESIAN_POINT('',(0.0610800630660803,-0.0781380140975271,0.));
#1155=CARTESIAN_POINT('',(0.0128774099326349,-0.0204033209359888,0.0254));
#1156=CARTESIAN_POINT('',(0.0581215339293903,-0.0752656309801132,-0.000254));
#1157=CARTESIAN_POINT('',(0.057668757355708,-0.0747267083871548,0.));
#1158=CARTESIAN_POINT('',(0.0123910999874803,-0.0208344490913119,0.0254));
#1159=CARTESIAN_POINT('',(0.0513925701409796,-0.0685181061788493,-0.000254));
#1160=CARTESIAN_POINT('',(0.0509961913073167,-0.0680541423387635,0.));
#1161=CARTESIAN_POINT('',(0.0113583079410256,-0.0216577583301859,0.0254));
#1162=CARTESIAN_POINT('',(0.0481041625592062,-0.065220310768388,-0.000254));
#1163=CARTESIAN_POINT('',(0.0477349309692976,-0.0647928820007445,0.));
#1164=CARTESIAN_POINT('',(0.0108117719784412,-0.0220500052363921,0.0254));
#1165=CARTESIAN_POINT('',(0.0418579375494865,-0.0589549155206855,-0.000254));
#1166=CARTESIAN_POINT('',(0.0415389496815676,-0.0585969007130144,0.));
#1167=CARTESIAN_POINT('',(0.0096401628896685,-0.022795419945906,0.0254));
#1168=CARTESIAN_POINT('',(0.0389001208261153,-0.0559873148477503,-0.000254));
#1169=CARTESIAN_POINT('',(0.0386042287318564,-0.0556621797633033,0.));
#1170=CARTESIAN_POINT('',(0.00901501930596947,-0.0231486713185994,0.0254));
#1171=CARTESIAN_POINT('',(0.0349553495770986,-0.0520279002454256,-0.000254));
#1172=CARTESIAN_POINT('',(0.0346887642239759,-0.0517467152554227,0.));
#1173=CARTESIAN_POINT('',(0.00803022891170285,-0.0236282162551323,0.0254));
#1174=CARTESIAN_POINT('',(0.0336606869611646,-0.0508567254880417,-0.000254));
#1175=CARTESIAN_POINT('',(0.03340378582708,-0.0505885593671879,0.));
#1176=CARTESIAN_POINT('',(0.00771367241861509,-0.0237719472818055,0.0254));
#1177=CARTESIAN_POINT('',(0.0309815119923095,-0.0486673908823492,-0.000254));
#1178=CARTESIAN_POINT('',(0.0307447498391415,-0.0484235902250271,0.));
#1179=CARTESIAN_POINT('',(0.0070685345223512,-0.0240435244928206,0.0254));
#1180=CARTESIAN_POINT('',(0.0295969972321888,-0.0476492197437854,-0.000254));
#1181=CARTESIAN_POINT('',(0.029370689869492,-0.0474167657857458,0.));
#1182=CARTESIAN_POINT('',(0.00673995359981233,-0.0241713699817822,0.0254));
#1183=CARTESIAN_POINT('',(0.0267534394759191,-0.0457679080230788,-0.000254));
#1184=CARTESIAN_POINT('',(0.0265486743073074,-0.0455564418072412,0.));
#1185=CARTESIAN_POINT('',(0.00607215744613265,-0.0244098202234841,0.0254));
#1186=CARTESIAN_POINT('',(0.0252943926333366,-0.0449047578774364,-0.000254));
#1187=CARTESIAN_POINT('',(0.0251007149122307,-0.0447029327929399,0.));
#1188=CARTESIAN_POINT('',(0.00573294280164396,-0.0245204243432948,0.0254));
#1189=CARTESIAN_POINT('',(0.0223160018144203,-0.0433346779733047,-0.000254));
#1190=CARTESIAN_POINT('',(0.0221450059015093,-0.0431504059861446,0.));
#1191=CARTESIAN_POINT('',(0.0050454146104044,-0.0247232072701376,0.0254));
#1192=CARTESIAN_POINT('',(0.0207966528934534,-0.0426277403536481,-0.000254));
#1193=CARTESIAN_POINT('',(0.0206372513969386,-0.042451380404826,0.));
#1194=CARTESIAN_POINT('',(0.00469710174545452,-0.0248153855226063,0.0254));
#1195=CARTESIAN_POINT('',(0.0161680712041864,-0.040742195970305,-0.000254));
#1196=CARTESIAN_POINT('',(0.0160440408606394,-0.0405869543194319,0.));
#1197=CARTESIAN_POINT('',(0.00364100650593738,-0.025062789232131,0.0254));
#1198=CARTESIAN_POINT('',(0.0129885928202829,-0.0397989350721885,-0.000254));
#1199=CARTESIAN_POINT('',(0.0128889238790782,-0.0396542800104785,0.));
#1200=CARTESIAN_POINT('',(0.00292202975861321,-0.0251887738394747,0.0254));
#1201=CARTESIAN_POINT('',(0.0065395153670557,-0.0385413857193251,-0.000254));
#1202=CARTESIAN_POINT('',(0.00648930915758734,-0.0384108510400077,0.));
#1203=CARTESIAN_POINT('',(0.00146868821075142,-0.0253573831082738,0.0254));
#1204=CARTESIAN_POINT('',(0.00326970164247827,-0.038227,-0.000254));
#1205=CARTESIAN_POINT('',(0.00324459916508303,-0.0381,0.));
#1206=CARTESIAN_POINT('',(0.000734351425558445,-0.0254000000000007,0.0254));
#1207=CARTESIAN_POINT('',(-0.00326970164247845,-0.038227,-0.000254));
#1208=CARTESIAN_POINT('',(-0.00324459916508319,-0.0381,0.));
#1209=CARTESIAN_POINT('',(-0.000734351425557391,-0.0254000000000007,0.0254));
#1210=CARTESIAN_POINT('',(-0.00653951536705527,-0.038541385719325,-0.000254));
#1211=CARTESIAN_POINT('',(-0.0064893091575869,-0.0384108510400077,0.));
#1212=CARTESIAN_POINT('',(-0.00146868821075027,-0.0253573831082739,0.0254));
#1213=CARTESIAN_POINT('',(-0.0129885928202825,-0.0397989350721884,-0.000254));
#1214=CARTESIAN_POINT('',(-0.0128889238790778,-0.0396542800104784,0.));
#1215=CARTESIAN_POINT('',(-0.00292202975861206,-0.0251887738394748,0.0254));
#1216=CARTESIAN_POINT('',(-0.0161680712041865,-0.040742195970305,-0.000254));
#1217=CARTESIAN_POINT('',(-0.0160440408606395,-0.040586954319432,0.));
#1218=CARTESIAN_POINT('',(-0.00364100650593634,-0.0250627892321311,0.0254));
#1219=CARTESIAN_POINT('',(-0.0207966528934536,-0.0426277403536482,-0.000254));
#1220=CARTESIAN_POINT('',(-0.0206372513969387,-0.042451380404826,0.));
#1221=CARTESIAN_POINT('',(-0.0046971017454535,-0.0248153855226065,0.0254));
#1222=CARTESIAN_POINT('',(-0.0223160018144201,-0.0433346779733046,-0.000254));
#1223=CARTESIAN_POINT('',(-0.0221450059015091,-0.0431504059861446,0.));
#1224=CARTESIAN_POINT('',(-0.0050454146104033,-0.0247232072701378,0.0254));
#1225=CARTESIAN_POINT('',(-0.0252943926333363,-0.0449047578774362,-0.000254));
#1226=CARTESIAN_POINT('',(-0.0251007149122305,-0.0447029327929398,0.));
#1227=CARTESIAN_POINT('',(-0.00573294280164286,-0.024520424343295,0.0254));
#1228=CARTESIAN_POINT('',(-0.0267534394759187,-0.0457679080230785,-0.000254));
#1229=CARTESIAN_POINT('',(-0.0265486743073069,-0.0455564418072409,0.));
#1230=CARTESIAN_POINT('',(-0.00607215744613152,-0.0244098202234843,0.0254));
#1231=CARTESIAN_POINT('',(-0.0295969972321885,-0.0476492197437851,-0.000254));
#1232=CARTESIAN_POINT('',(-0.0293706898694916,-0.0474167657857455,0.));
#1233=CARTESIAN_POINT('',(-0.00673995359981121,-0.0241713699817824,0.0254));
#1234=CARTESIAN_POINT('',(-0.0309815119923093,-0.0486673908823491,-0.000254));
#1235=CARTESIAN_POINT('',(-0.0307447498391413,-0.048423590225027,0.));
#1236=CARTESIAN_POINT('',(-0.00706853452235013,-0.0240435244928209,0.0254));
#1237=CARTESIAN_POINT('',(-0.0336606869611644,-0.0508567254880415,-0.000254));
#1238=CARTESIAN_POINT('',(-0.0334037858270798,-0.0505885593671877,0.));
#1239=CARTESIAN_POINT('',(-0.00771367241861403,-0.0237719472818058,0.0254));
#1240=CARTESIAN_POINT('',(-0.0349553495770986,-0.0520279002454256,-0.000254));
#1241=CARTESIAN_POINT('',(-0.0346887642239759,-0.0517467152554227,0.));
#1242=CARTESIAN_POINT('',(-0.00803022891170183,-0.0236282162551325,0.0254));
#1243=CARTESIAN_POINT('',(-0.0389001208261153,-0.0559873148477503,-0.000254));
#1244=CARTESIAN_POINT('',(-0.0386042287318564,-0.0556621797633033,0.));
#1245=CARTESIAN_POINT('',(-0.00901501930596846,-0.0231486713185995,0.0254));
#1246=CARTESIAN_POINT('',(-0.0418579375494864,-0.0589549155206854,-0.000254));
#1247=CARTESIAN_POINT('',(-0.0415389496815674,-0.0585969007130143,0.));
#1248=CARTESIAN_POINT('',(-0.00964016288966746,-0.0227954199459062,0.0254));
#1249=CARTESIAN_POINT('',(-0.0481041625592061,-0.0652203107683878,-0.000254));
#1250=CARTESIAN_POINT('',(-0.0477349309692975,-0.0647928820007443,0.));
#1251=CARTESIAN_POINT('',(-0.0108117719784402,-0.0220500052363924,0.0254));
#1252=CARTESIAN_POINT('',(-0.0513925701409793,-0.0685181061788491,-0.000254));
#1253=CARTESIAN_POINT('',(-0.0509961913073164,-0.0680541423387633,0.));
#1254=CARTESIAN_POINT('',(-0.0113583079410246,-0.0216577583301861,0.0254));
#1255=CARTESIAN_POINT('',(-0.0581215339293901,-0.075265630980113,-0.000254));
#1256=CARTESIAN_POINT('',(-0.0576687573557078,-0.0747267083871546,0.));
#1257=CARTESIAN_POINT('',(-0.0123910999874793,-0.0208344490913122,0.0254));
#1258=CARTESIAN_POINT('',(-0.0615620895974147,-0.0787153610291424,-0.000254));
#1259=CARTESIAN_POINT('',(-0.0610800630660802,-0.078138014097527,0.));
#1260=CARTESIAN_POINT('',(-0.0128774099326339,-0.0204033209359892,0.0254));
#1261=CARTESIAN_POINT('',(-0.0684169502058467,-0.085588573252053,-0.000254));
#1262=CARTESIAN_POINT('',(-0.0678762258432236,-0.0849341768746705,0.));
#1263=CARTESIAN_POINT('',(-0.0138037895809148,-0.0194945391364185,0.0254));
#1264=CARTESIAN_POINT('',(-0.0718312546035526,-0.0890120559622741,-0.000254));
#1265=CARTESIAN_POINT('',(-0.0712610829099946,-0.0883190339414414,0.));
#1266=CARTESIAN_POINT('',(-0.014243913554189,-0.0190168318581745,0.0254));
#1267=CARTESIAN_POINT('',(-0.0784552725117621,-0.0956546520747197,-0.000254));
#1268=CARTESIAN_POINT('',(-0.0778278543839811,-0.0948858054154279,0.));
#1269=CARTESIAN_POINT('',(-0.0150860416058847,-0.0180011394862474,0.0254));
#1270=CARTESIAN_POINT('',(-0.0816649853605026,-0.0988737660029067,-0.000254));
#1271=CARTESIAN_POINT('',(-0.0810097687911967,-0.0980677198226435,0.));
#1272=CARTESIAN_POINT('',(-0.0154881118606076,-0.0174631017963258,0.0254));
#1273=CARTESIAN_POINT('',(-0.087701556869618,-0.104929548095949,-0.000254));
#1274=CARTESIAN_POINT('',(-0.0869941609301171,-0.104052111961564,0.));
#1275=CARTESIAN_POINT('',(-0.0162545669800299,-0.0163084985230662,0.0254));
#1276=CARTESIAN_POINT('',(-0.0905284146889887,-0.107766216943662,-0.000254));
#1277=CARTESIAN_POINT('',(-0.0897966386618221,-0.106854589693269,0.));
#1278=CARTESIAN_POINT('',(-0.0166190359451663,-0.0156918646539906,0.0254));
#1279=CARTESIAN_POINT('',(-0.0943479377183509,-0.111600849222112,-0.000254));
#1280=CARTESIAN_POINT('',(-0.093583407240781,-0.110641358272228,0.));
#1281=CARTESIAN_POINT('',(-0.0171303594837904,-0.0146922632837961,0.0254));
#1282=CARTESIAN_POINT('',(-0.0955509856337198,-0.11280899830402,-0.000254));
#1283=CARTESIAN_POINT('',(-0.0947761720973343,-0.111834123128781,0.));
#1284=CARTESIAN_POINT('',(-0.0172948184587865,-0.0143466056048816,0.0254));
#1285=CARTESIAN_POINT('',(-0.0977945698243425,-0.115062917442601,-0.000254));
#1286=CARTESIAN_POINT('',(-0.0970006573855802,-0.114058608417027,0.));
#1287=CARTESIAN_POINT('',(-0.0176094135093515,-0.0136277058596151,0.0254));
#1288=CARTESIAN_POINT('',(-0.0988351060665667,-0.11610868754188,-0.000254));
#1289=CARTESIAN_POINT('',(-0.0980323778172729,-0.11509032884872,0.));
#1290=CARTESIAN_POINT('',(-0.0177595528878914,-0.0132544595327252,0.0254));
#1291=CARTESIAN_POINT('',(-0.100731416983966,-0.118015592138343,-0.000254));
#1292=CARTESIAN_POINT('',(-0.0999127125038034,-0.11697066353525,0.));
#1293=CARTESIAN_POINT('',(-0.0180422644875886,-0.0124778032260138,0.0254));
#1294=CARTESIAN_POINT('',(-0.101587191626367,-0.118876726690193,-0.000254));
#1295=CARTESIAN_POINT('',(-0.100761326758641,-0.117819277790088,0.));
#1296=CARTESIAN_POINT('',(-0.0181748399860278,-0.0120743877796241,0.0254));
#1297=CARTESIAN_POINT('',(-0.103091739332512,-0.120392101193239,-0.000254));
#1298=CARTESIAN_POINT('',(-0.102253387339468,-0.119311338370914,0.));
#1299=CARTESIAN_POINT('',(-0.0184181880350285,-0.0112350561384244,0.0254));
#1300=CARTESIAN_POINT('',(-0.103740512366327,-0.121046341213933,-0.000254));
#1301=CARTESIAN_POINT('',(-0.102896833665456,-0.119954784696903,0.));
#1302=CARTESIAN_POINT('',(-0.0185289635783767,-0.0107991329939682,0.0254));
#1303=CARTESIAN_POINT('',(-0.104596438836462,-0.121911086271756,-0.000254));
#1304=CARTESIAN_POINT('',(-0.103745827917188,-0.120803778948635,0.));
#1305=CARTESIAN_POINT('',(-0.0186847359898253,-0.0100730466365904,0.0254));
#1306=CARTESIAN_POINT('',(-0.104937210872911,-0.122187220314999,-0.000254));
#1307=CARTESIAN_POINT('',(-0.10408380861376,-0.12107417287926,0.));
#1308=CARTESIAN_POINT('',(-0.0187435826986592,-0.0097694293053344,0.0254));
#1309=CARTESIAN_POINT('',(-0.105633080047065,-0.122652523700956,-0.000254));
#1310=CARTESIAN_POINT('',(-0.104773862171464,-0.121528333251587,0.));
#1311=CARTESIAN_POINT('',(-0.0188520746113485,-0.00910928831472965,0.0254));
#1312=CARTESIAN_POINT('',(-0.105988248449878,-0.122841802251532,-0.000254));
#1313=CARTESIAN_POINT('',(-0.105126005328147,-0.121712207757771,0.));
#1314=CARTESIAN_POINT('',(-0.0189016931550846,-0.00875275838166776,0.0254));
#1315=CARTESIAN_POINT('',(-0.10669814238013,-0.123145908912915,-0.000254));
#1316=CARTESIAN_POINT('',(-0.105829671237614,-0.122005812207075,0.));
#1317=CARTESIAN_POINT('',(-0.0189825569859931,-0.00799614162305947,0.0254));
#1318=CARTESIAN_POINT('',(-0.107052942510158,-0.123260797480553,-0.000254));
#1319=CARTESIAN_POINT('',(-0.106181267622485,-0.122115602016591,0.));
#1320=CARTESIAN_POINT('',(-0.0190137788552314,-0.00759605562034574,0.0254));
#1321=CARTESIAN_POINT('',(-0.107753889379692,-0.123427391029475,-0.000254));
#1322=CARTESIAN_POINT('',(-0.106875633985132,-0.122272295295871,0.));
#1323=CARTESIAN_POINT('',(-0.0190500945291259,-0.00676272193545913,0.0254));
#1324=CARTESIAN_POINT('',(-0.108100103197531,-0.123479124218283,-0.000254));
#1325=CARTESIAN_POINT('',(-0.107218470189052,-0.122319226768862,0.));
#1326=CARTESIAN_POINT('',(-0.0190551693411546,-0.00632948182675647,0.0254));
#1327=CARTESIAN_POINT('',(-0.108780066207741,-0.123528158065077,-0.000254));
#1328=CARTESIAN_POINT('',(-0.107891486285502,-0.122358979794098,0.));
#1329=CARTESIAN_POINT('',(-0.0190334940616218,-0.00544115269614835,0.0254));
#1330=CARTESIAN_POINT('',(-0.109113872329913,-0.123525467265002,-0.000254));
#1331=CARTESIAN_POINT('',(-0.108221722412541,-0.122351809933093,0.));
#1332=CARTESIAN_POINT('',(-0.0190067306753099,-0.00498607674216274,0.0254));
#1333=CARTESIAN_POINT('',(-0.109767742766058,-0.123471382182801,-0.000254));
#1334=CARTESIAN_POINT('',(-0.108868242632771,-0.122289150585843,0.));
#1335=CARTESIAN_POINT('',(-0.0189182293040942,-0.00406599088995963,0.0254));
#1336=CARTESIAN_POINT('',(-0.110087855440456,-0.123419984843417,-0.000254));
#1337=CARTESIAN_POINT('',(-0.109184574542347,-0.12223365823658,0.));
#1338=CARTESIAN_POINT('',(-0.0188564847315103,-0.00360099755289113,0.0254));
#1339=CARTESIAN_POINT('',(-0.110714024996413,-0.123271138952923,-0.000254));
#1340=CARTESIAN_POINT('',(-0.109802972473619,-0.122077099371501,0.));
#1341=CARTESIAN_POINT('',(-0.0186977201942927,-0.00267314122927901,0.0254));
#1342=CARTESIAN_POINT('',(-0.111020124900921,-0.123173679681782,-0.000254));
#1343=CARTESIAN_POINT('',(-0.110105081098071,-0.121976022415686,0.));
#1344=CARTESIAN_POINT('',(-0.0186007008130793,-0.00221029580610458,0.0254));
#1345=CARTESIAN_POINT('',(-0.111617560596449,-0.122932503914885,-0.000254));
#1346=CARTESIAN_POINT('',(-0.110694357283678,-0.121728206123566,0.));
#1347=CARTESIAN_POINT('',(-0.0183740260066314,-0.00129842699169043,0.0254));
#1348=CARTESIAN_POINT('',(-0.111908937367493,-0.122788769402058,-0.000254));
#1349=CARTESIAN_POINT('',(-0.110981565493546,-0.12158144910607,0.));
#1350=CARTESIAN_POINT('',(-0.0182443780988856,-0.000849419507298105,0.0254));
#1351=CARTESIAN_POINT('',(-0.112474576363543,-0.122452408194394,-0.000254));
#1352=CARTESIAN_POINT('',(-0.111538767712213,-0.121239770818087,0.));
#1353=CARTESIAN_POINT('',(-0.0179579025791933,2.396681258938E-5,0.0254));
#1354=CARTESIAN_POINT('',(-0.112748879697933,-0.122259753406192,-0.000254));
#1355=CARTESIAN_POINT('',(-0.11180880255718,-0.121044821848876,0.));
#1356=CARTESIAN_POINT('',(-0.0178010884819046,0.000448333882731779,0.0254));
#1357=CARTESIAN_POINT('',(-0.113275154679839,-0.121821165643509,-0.000254));
#1358=CARTESIAN_POINT('',(-0.112326571308226,-0.120602511109385,0.));
#1359=CARTESIAN_POINT('',(-0.0174682341469311,0.00126294230305765,0.0254));
#1360=CARTESIAN_POINT('',(-0.11352716734487,-0.121575188900378,-0.000254));
#1361=CARTESIAN_POINT('',(-0.112574346004265,-0.120355106059418,0.));
#1362=CARTESIAN_POINT('',(-0.0172922119438195,0.00165317803654742,0.0254));
#1363=CARTESIAN_POINT('',(-0.113999541117664,-0.121024873627037,-0.000254));
#1364=CARTESIAN_POINT('',(-0.113038465589552,-0.119802928301395,0.));
#1365=CARTESIAN_POINT('',(-0.0169309127783299,0.00239160426279027,0.0254));
#1366=CARTESIAN_POINT('',(-0.11421993878149,-0.120720467776615,-0.000254));
#1367=CARTESIAN_POINT('',(-0.113254846879123,-0.119498088921405,0.));
#1368=CARTESIAN_POINT('',(-0.0167456566423389,0.00273979659957911,0.0254));
#1369=CARTESIAN_POINT('',(-0.114614473823246,-0.12004914688616,-0.000254));
#1370=CARTESIAN_POINT('',(-0.113641828429742,-0.118826998352118,0.));
#1371=CARTESIAN_POINT('',(-0.0163772890793733,0.00338785505208765,0.0254));
#1372=CARTESIAN_POINT('',(-0.114788632309161,-0.119682132226235,-0.000254));
#1373=CARTESIAN_POINT('',(-0.113812449807691,-0.11846064843206,0.));
#1374=CARTESIAN_POINT('',(-0.0161941996607398,0.00368773098535809,0.0254));
#1375=CARTESIAN_POINT('',(-0.115069875114576,-0.11888485292986,-0.000254));
#1376=CARTESIAN_POINT('',(-0.114087424317345,-0.117665851014749,0.));
#1377=CARTESIAN_POINT('',(-0.015842344594277,0.00423434049634211,0.0254));
#1378=CARTESIAN_POINT('',(-0.115176944460123,-0.118454450081041,-0.000254));
#1379=CARTESIAN_POINT('',(-0.114191762842037,-0.117237266500227,0.));
#1380=CARTESIAN_POINT('',(-0.015673601033401,0.00448109158113297,0.0254));
#1381=CARTESIAN_POINT('',(-0.115266840417581,-0.117766069003146,-0.000254));
#1382=CARTESIAN_POINT('',(-0.114278460301791,-0.116552459021066,0.));
#1383=CARTESIAN_POINT('',(-0.0154404487227871,0.00480853918697526,0.0254));
#1384=CARTESIAN_POINT('',(-0.115284972150887,-0.117529546778437,-0.000254));
#1385=CARTESIAN_POINT('',(-0.114295675964043,-0.11631726827825,0.));
#1386=CARTESIAN_POINT('',(-0.015366057279669,0.00491058174047151,0.0254));
#1387=CARTESIAN_POINT('',(-0.11529367187194,-0.117044215343238,-0.000254));
#1388=CARTESIAN_POINT('',(-0.114302897058357,-0.115834866402265,0.));
#1389=CARTESIAN_POINT('',(-0.0152254157000268,0.00510002769504447,0.0254));
#1390=CARTESIAN_POINT('',(-0.115284235708396,-0.116795400314793,-0.000254));
#1391=CARTESIAN_POINT('',(-0.114292898387045,-0.115587649500389,0.));
#1392=CARTESIAN_POINT('',(-0.0151591662519497,0.00518743194001696,0.0254));
#1393=CARTESIAN_POINT('',(-0.115233679650971,-0.116288208685527,-0.000254));
#1394=CARTESIAN_POINT('',(-0.114241625839783,-0.115083897914097,0.));
#1395=CARTESIAN_POINT('',(-0.0150362447210039,0.00534717922897895,0.0254));
#1396=CARTESIAN_POINT('',(-0.115192553639985,-0.116029826206739,-0.000254));
#1397=CARTESIAN_POINT('',(-0.114200345914268,-0.114827357400856,0.));
#1398=CARTESIAN_POINT('',(-0.0149795733426334,0.00541952318746705,0.0254));
#1399=CARTESIAN_POINT('',(-0.1150744321262,-0.115507301433276,-0.000254));
#1400=CARTESIAN_POINT('',(-0.11408238001146,-0.114308727124961,0.));
#1401=CARTESIAN_POINT('',(-0.014877168537451,0.00554870370653608,0.0254));
#1402=CARTESIAN_POINT('',(-0.11499742814952,-0.115243153663591,-0.000254));
#1403=CARTESIAN_POINT('',(-0.114005685651483,-0.114046631931934,0.));
#1404=CARTESIAN_POINT('',(-0.0148314358477994,0.00560554123375955,0.0254));
#1405=CARTESIAN_POINT('',(-0.114803516514768,-0.114714148703958,-0.000254));
#1406=CARTESIAN_POINT('',(-0.11381290914313,-0.113521897625182,0.));
#1407=CARTESIAN_POINT('',(-0.014752171979364,0.0057032102524922,0.0254));
#1408=CARTESIAN_POINT('',(-0.114686597676618,-0.114449287108537,-0.000254));
#1409=CARTESIAN_POINT('',(-0.113696815933206,-0.113259254139728,0.));
#1410=CARTESIAN_POINT('',(-0.0147186415919809,0.00574404274113098,0.0254));
#1411=CARTESIAN_POINT('',(-0.114409267215115,-0.11392530457702,-0.000254));
#1412=CARTESIAN_POINT('',(-0.113421699480523,-0.112739815214288,0.));
#1413=CARTESIAN_POINT('',(-0.0146649260213796,0.00580912105889879,0.0254));
#1414=CARTESIAN_POINT('',(-0.114248841466884,-0.113666181209762,-0.000254));
#1415=CARTESIAN_POINT('',(-0.113262662261372,-0.112483017357288,0.));
#1416=CARTESIAN_POINT('',(-0.0146447417100862,0.00583336789011085,0.0254));
#1417=CARTESIAN_POINT('',(-0.111924292711347,-0.110471355205064,-0.000254));
#1418=CARTESIAN_POINT('',(-0.110959497280443,-0.109317866363349,0.));
#1419=CARTESIAN_POINT('',(-0.0144799541900894,0.00603101780811687,0.0254));
#1420=CARTESIAN_POINT('',(0.0126406715075466,-0.000732600153373953,0.00268154934860214));
#1421=CARTESIAN_POINT('',(0.0126406715075466,-0.0120918254790729,0.0254));
#1422=CARTESIAN_POINT('',(0.0136821642462267,0.00450333742255501,0.00268154934860214));
#1423=CARTESIAN_POINT('',(0.0136821642462267,-0.00685588790314393,0.0254));
#1424=CARTESIAN_POINT('',(0.0126406715075466,0.00973927499848396,0.00268154934860214));
#1425=CARTESIAN_POINT('',(0.0126406715075466,-0.00161995032721499,0.0254));
#1426=CARTESIAN_POINT('',(0.00967475111981504,0.01417808854237,0.00268154934860214));
#1427=CARTESIAN_POINT('',(0.00967475111981504,0.0028188632166711,0.0254));
#1428=CARTESIAN_POINT('',(0.00523593757592894,0.0171440089301016,0.00268154934860214));
#1429=CARTESIAN_POINT('',(0.00523593757592894,0.00578478360440265,0.0254));
#1430=CARTESIAN_POINT('',(7.21333257881762E-18,0.0181855016687817,0.00268154934860214));
#1431=CARTESIAN_POINT('',(4.73079842557249E-18,0.00682627634308277,0.0254));
#1432=CARTESIAN_POINT('',(-0.00523593757592895,0.0171440089301016,0.00268154934860214));
#1433=CARTESIAN_POINT('',(-0.00523593757592895,0.00578478360440264,0.0254));
#1434=CARTESIAN_POINT('',(-0.00967475111981505,0.01417808854237,0.00268154934860214));
#1435=CARTESIAN_POINT('',(-0.00967475111981505,0.00281886321667108,0.0254));
#1436=CARTESIAN_POINT('',(-0.0126406715075466,0.00973927499848399,0.00268154934860214));
#1437=CARTESIAN_POINT('',(-0.0126406715075466,-0.00161995032721495,0.0254));
#1438=CARTESIAN_POINT('',(-0.0136821642462267,0.00450333742255499,0.00268154934860214));
#1439=CARTESIAN_POINT('',(-0.0136821642462267,-0.00685588790314395,0.0254));
#1440=CARTESIAN_POINT('',(-0.0126406715075466,-0.000732600153373902,0.00268154934860214));
#1441=CARTESIAN_POINT('',(-0.0126406715075466,-0.0120918254790728,0.0254));
#1442=CARTESIAN_POINT('',(-0.00967475111981501,-0.00517141369726005,0.00268154934860214));
#1443=CARTESIAN_POINT('',(-0.00967475111981501,-0.016530639022959,0.0254));
#1444=CARTESIAN_POINT('',(-0.00523593757592899,-0.00813733408499155,0.00268154934860214));
#1445=CARTESIAN_POINT('',(-0.00523593757592899,-0.0194965594106905,0.0254));
#1446=CARTESIAN_POINT('',(5.42778712600556E-17,-0.00917882682367171,0.00268154934860214));
#1447=CARTESIAN_POINT('',(5.17953371068104E-17,-0.0205380521493706,0.0254));
#1448=CARTESIAN_POINT('',(0.00523593757592891,-0.00813733408499157,0.00268154934860214));
#1449=CARTESIAN_POINT('',(0.00523593757592891,-0.0194965594106905,0.0254));
#1450=CARTESIAN_POINT('',(0.009674751119815,-0.00517141369726006,0.00268154934860214));
#1451=CARTESIAN_POINT('',(0.009674751119815,-0.016530639022959,0.0254));
#1452=CARTESIAN_POINT('',(0.0126406715075466,-0.000732600153373953,0.00268154934860214));
#1453=CARTESIAN_POINT('',(0.0126406715075466,-0.0120918254790729,0.0254));
#1454=CARTESIAN_POINT('',(0.0136821642462267,0.00450333742255501,0.00268154934860214));
#1455=CARTESIAN_POINT('',(0.0136821642462267,-0.00685588790314393,0.0254));
#1456=CARTESIAN_POINT('',(0.0126406715075466,0.00973927499848396,0.00268154934860214));
#1457=CARTESIAN_POINT('',(0.0126406715075466,-0.00161995032721499,0.0254));
#1458=CARTESIAN_POINT('',(2.48253415324513E-18,0.00450333742255501,0.00268154934860214));
#1459=CARTESIAN_POINT('',(0.013335,0.00450333742255501,0.00268154934860214));
#1460=CARTESIAN_POINT('',(-9.69509594182214E-5,0.00320183566259299,0.00268154934860214));
#1461=MECHANICAL_DESIGN_GEOMETRIC_PRESENTATION_REPRESENTATION('',(#287),
#1462);
#1462=(
GEOMETRIC_REPRESENTATION_CONTEXT(3)
GLOBAL_UNCERTAINTY_ASSIGNED_CONTEXT((#1463))
GLOBAL_UNIT_ASSIGNED_CONTEXT((#1466,#1465,#1464))
REPRESENTATION_CONTEXT('Perch_Desk_Lower','TOP_LEVEL_ASSEMBLY_PART')
);
#1463=UNCERTAINTY_MEASURE_WITH_UNIT(LENGTH_MEASURE(4.57189108418934E-5),
#1466,'DISTANCE_ACCURACY_VALUE','Maximum Tolerance applied to model');
#1464=(
NAMED_UNIT(*)
SI_UNIT($,.STERADIAN.)
SOLID_ANGLE_UNIT()
);
#1465=(
NAMED_UNIT(*)
PLANE_ANGLE_UNIT()
SI_UNIT($,.RADIAN.)
);
#1466=(
LENGTH_UNIT()
NAMED_UNIT(*)
SI_UNIT($,.METRE.)
);
#1467=PRODUCT_DEFINITION_SHAPE('','',#1468);
#1468=PRODUCT_DEFINITION('','',#1470,#1469);
#1469=PRODUCT_DEFINITION_CONTEXT('',#1476,'design');
#1470=PRODUCT_DEFINITION_FORMATION_WITH_SPECIFIED_SOURCE('','',#1472,
 .NOT_KNOWN.);
#1471=PRODUCT_RELATED_PRODUCT_CATEGORY('','',(#1472));
#1472=PRODUCT('Perch_Desk_Lower','Perch_Desk_Lower','Perch_Desk_Lower',
(#1474));
#1473=PRODUCT_CATEGORY('','');
#1474=PRODUCT_CONTEXT('',#1476,'mechanical');
#1475=APPLICATION_PROTOCOL_DEFINITION('international standard',
'ap242_managed_model_based_3d_engineering',2020,#1476);
#1476=APPLICATION_CONTEXT('managed model based 3d engineering');
ENDSEC;
END-ISO-10303-21;
