ISO-10303-21;
HEADER;
/* Generated by software containing ST-Developer
 * from STEP Tools, Inc. (www.steptools.com) 
 */
/* OPTION: using custom renumber hook */

FILE_DESCRIPTION(
/* description */ ('STEP AP242 Edition 2',
'CAx-IF Rec.Pracs.---Representation and Presentation of Product Manufa
cturing Information (PMI)---4.0---2014-10-13',
'CAx-IF Rec.Pracs.---3D Tessellated Geometry---0.4---2014-09-14','2;1',
'CAx-IF Rec.Pracs.---User Defined Attributes---1.5---2016-08-15'),
/* implementation_level */ '2;1');

FILE_NAME(
/* name */ 'Desktop - Perch_Desk_LowerLarge',
/* time_stamp */ '2026-08-19T03:14:19Z',
/* author */ (''),
/* organization */ (''),
/* preprocessor_version */ 'ST-DEVELOPER v20',
/* originating_system */ 'ONSHAPE BY PTC INC, 1.219',
/* authorisation */ '  ');

FILE_SCHEMA (('AP242_MANAGED_MODEL_BASED_3D_ENGINEERING_MIM_LF { 1 0 10303 442 3 1 4 }'));
ENDSEC;

DATA;
#10=SHAPE_REPRESENTATION_RELATIONSHIP('','',#289,#11);
#11=ADVANCED_BREP_SHAPE_REPRESENTATION('',(#287),#1500);
#12=(
BOUNDED_SURFACE()
B_SPLINE_SURFACE(3,2,((#747,#748,#749),(#750,#751,#752),(#753,#754,#755),
(#756,#757,#758),(#759,#760,#761),(#762,#763,#764),(#765,#766,#767),(#768,
#769,#770),(#771,#772,#773),(#774,#775,#776),(#777,#778,#779),(#780,#781,
#782),(#783,#784,#785),(#786,#787,#788),(#789,#790,#791),(#792,#793,#794),
(#795,#796,#797),(#798,#799,#800),(#801,#802,#803),(#804,#805,#806),(#807,
#808,#809),(#810,#811,#812),(#813,#814,#815),(#816,#817,#818),(#819,#820,
#821),(#822,#823,#824),(#825,#826,#827),(#828,#829,#830),(#831,#832,#833),
(#834,#835,#836),(#837,#838,#839),(#840,#841,#842),(#843,#844,#845),(#846,
#847,#848),(#849,#850,#851),(#852,#853,#854),(#855,#856,#857),(#858,#859,
#860),(#861,#862,#863),(#864,#865,#866),(#867,#868,#869),(#870,#871,#872),
(#873,#874,#875),(#876,#877,#878),(#879,#880,#881),(#882,#883,#884),(#885,
#886,#887),(#888,#889,#890),(#891,#892,#893),(#894,#895,#896),(#897,#898,
#899),(#900,#901,#902),(#903,#904,#905),(#906,#907,#908),(#909,#910,#911),
(#912,#913,#914),(#915,#916,#917),(#918,#919,#920),(#921,#922,#923),(#924,
#925,#926),(#927,#928,#929),(#930,#931,#932),(#933,#934,#935),(#936,#937,
#938),(#939,#940,#941),(#942,#943,#944),(#945,#946,#947),(#948,#949,#950),
(#951,#952,#953),(#954,#955,#956),(#957,#958,#959),(#960,#961,#962),(#963,
#964,#965)),.UNSPECIFIED.,.F.,.F.,.F.)
B_SPLINE_SURFACE_WITH_KNOTS((4,1,1,1,1,1,1,1,1,1,1,1,1,1,1,1,1,1,1,1,1,
1,1,1,1,1,1,1,1,1,1,1,1,1,1,1,1,1,1,1,1,1,1,1,1,1,1,1,1,1,1,1,1,1,1,1,1,
1,1,1,1,1,1,1,1,1,1,1,1,1,4),(3,3),(0.00269471404000934,0.00296392141276989,
0.00323312878553043,0.00336773247191071,0.00350233615829098,0.00363693984467125,
0.00377154353105152,0.00404075090381207,0.00430995827657262,0.00484837302209371,
0.0053867877676148,0.00592520251313589,0.00700203200417807,0.00915569098626244,
0.0113093499683468,0.0134630089504312,0.0156166679325155,0.0177703269145999,
0.0199239858966843,0.024231303860853,0.0285386218250217,0.0328459397891905,
0.0349995987712748,0.0371532577533592,0.0414605757175279,0.0457678936816966,
0.0500752116458654,0.0543825296100341,0.0565361885921185,0.0586898475742028,
0.0592282623197239,0.059766677065245,0.0608435065562872,0.0629971655383716,
0.0673044835025403,0.071611801466709,0.0759191194308778,0.0780727784129621,
0.0802264373950465,0.0823800963771309,0.083456925868173,0.0839953406136941,
0.0845337553592152,0.0866874143412996,0.088841073323384,0.0931483912875527,
0.0974557092517214,0.10176302721589,0.106070345180059,0.108224004162143,
0.110377663144228,0.114684981108396,0.118992299072565,0.123299617036734,
0.127606935000903,0.129760593982987,0.131914252965071,0.134067911947156,
0.13622157092924,0.137298400420282,0.137836815165803,0.138375229911324,
0.138913644656845,0.139182852029606,0.139452059402367,0.139586663088747,
0.139721266775127,0.139855870461507,0.139990474147888,0.140259681520648,
0.140528888893409),(0.,1.),.UNSPECIFIED.)
GEOMETRIC_REPRESENTATION_ITEM()
RATIONAL_B_SPLINE_SURFACE(((1.,0.999685793676011,1.),(1.,0.999751277956286,
1.),(1.,0.999861761277618,1.),(1.,0.999949450558629,1.),(1.,0.999987803743833,
1.),(1.,1.00000453330731,1.),(1.,0.999988005577308,1.),(1.,0.999949949993712,
1.),(1.,0.999862961345051,1.),(1.,0.999643838572065,1.),(1.,0.999219027971144,
1.),(1.,0.998467291816153,1.),(1.,0.997143826016011,1.),(1.,0.993983087464414,
1.),(1.,0.987086960059861,1.),(1.,0.975122084064539,1.),(1.,0.959588604338995,
1.),(1.,0.940890654619353,1.),(1.,0.91946207340313,1.),(1.,0.888081057399233,
1.),(1.,0.845965564473998,1.),(1.,0.801629774283257,1.),(1.,0.770915707153232,
1.),(1.,0.749716943943797,1.),(1.,0.727430456971735,1.),(1.,0.706730218606399,
1.),(1.,0.695059581969199,1.),(1.,0.704892850864654,1.),(1.,0.734261109122546,
1.),(1.,0.768130776902579,1.),(1.,0.790262844234446,1.),(1.,0.805598021972504,
1.),(1.,0.81638870127557,1.),(1.,0.834927487337221,1.),(1.,0.867389362324969,
1.),(1.,0.899947749954143,1.),(1.,0.913879825429194,1.),(1.,0.90350426771048,
1.),(1.,0.882274459679812,1.),(1.,0.860472141929032,1.),(1.,0.837529714366157,
1.),(1.,0.819494323216229,1.),(1.,0.808502657941781,1.),(1.,0.793188975196537,
1.),(1.,0.771028757315169,1.),(1.,0.736798646809915,1.),(1.,0.705742736446038,
1.),(1.,0.694979491456461,1.),(1.,0.70604961322862,1.),(1.,0.726687338312812,
1.),(1.,0.74890799675092,1.),(1.,0.769921437447228,1.),(1.,0.800354926060981,
1.),(1.,0.845602334509776,1.),(1.,0.895741376503069,1.),(1.,0.93416520549745,
1.),(1.,0.959365518653139,1.),(1.,0.974994661882164,1.),(1.,0.987029570487889,
1.),(1.,0.993951264516838,1.),(1.,0.997127114280702,1.),(1.,0.998459086987837,
1.),(1.,0.999215932770861,1.),(1.,0.999643100727083,1.),(1.,0.999863156926617,
1.),(1.,0.999950297710434,1.),(1.,0.999988279213253,1.),(1.,1.00000452040478,
1.),(1.,0.999988005306174,1.),(1.,0.999950212044998,1.),(1.,0.999863561009506,
1.),(1.,0.999754320830076,1.),(1.,0.999689551870535,1.)))
REPRESENTATION_ITEM('')
SURFACE()
);
#13=CONICAL_SURFACE('',#304,0.0444499709475422,0.463647486438589);
#14=B_SPLINE_SURFACE_WITH_KNOTS('',1,3,((#460,#461,#462,#463,#464,#465,
#466,#467,#468,#469,#470,#471,#472,#473,#474,#475,#476,#477,#478,#479,#480,
#481,#482,#483,#484,#485,#486,#487,#488,#489,#490,#491,#492,#493,#494,#495,
#496),(#497,#498,#499,#500,#501,#502,#503,#504,#505,#506,#507,#508,#509,
#510,#511,#512,#513,#514,#515,#516,#517,#518,#519,#520,#521,#522,#523,#524,
#525,#526,#527,#528,#529,#530,#531,#532,#533)),.RULED_SURF.,.F.,.F.,.F.,
(2,2),(4,3,2,2,2,2,2,2,2,2,2,2,2,2,2,2,2,4),(0.166928927349352,0.999606608969316),
(-0.00600017865800583,0.,0.0625,0.125,0.1875,0.25,0.3125,0.375,0.4375,0.5,
0.5625,0.625,0.6875,0.75,0.8125,0.875,0.9375,1.),.UNSPECIFIED.);
#15=B_SPLINE_SURFACE_WITH_KNOTS('',1,3,((#552,#553,#554,#555,#556,#557,
#558,#559,#560,#561,#562,#563,#564,#565,#566,#567,#568,#569,#570,#571,#572,
#573,#574,#575,#576,#577,#578,#579,#580,#581,#582,#583,#584,#585,#586,#587,
#588,#589,#590,#591),(#592,#593,#594,#595,#596,#597,#598,#599,#600,#601,
#602,#603,#604,#605,#606,#607,#608,#609,#610,#611,#612,#613,#614,#615,#616,
#617,#618,#619,#620,#621,#622,#623,#624,#625,#626,#627,#628,#629,#630,#631)),
 .RULED_SURF.,.F.,.F.,.F.,(2,2),(4,3,2,2,2,2,2,2,2,2,2,2,2,2,2,2,2,3,4),
(0.166928927349351,0.999606608969341),(-0.00601319112606279,0.,0.0625,0.125,
0.1875,0.25,0.3125,0.375,0.4375,0.5,0.5625,0.625,0.6875,0.75,0.8125,0.875,
0.9375,1.,1.00600050223579),.UNSPECIFIED.);
#16=B_SPLINE_SURFACE_WITH_KNOTS('',1,3,((#659,#660,#661,#662,#663,#664,
#665,#666,#667,#668,#669,#670,#671,#672,#673,#674,#675,#676,#677,#678,#679,
#680,#681,#682,#683,#684,#685,#686,#687,#688,#689,#690,#691,#692,#693,#694,
#695,#696,#697,#698),(#699,#700,#701,#702,#703,#704,#705,#706,#707,#708,
#709,#710,#711,#712,#713,#714,#715,#716,#717,#718,#719,#720,#721,#722,#723,
#724,#725,#726,#727,#728,#729,#730,#731,#732,#733,#734,#735,#736,#737,#738)),
 .RULED_SURF.,.F.,.F.,.F.,(2,2),(4,3,2,2,2,2,2,2,2,2,2,2,2,2,2,2,2,3,4),
(0.16692892734935,0.999606608969342),(-0.0060003561743054,0.,0.0625,0.125,
0.1875,0.25,0.3125,0.375,0.4375,0.5,0.5625,0.625,0.6875,0.75,0.8125,0.875,
0.9375,1.,1.00601215767838),.UNSPECIFIED.);
#17=B_SPLINE_SURFACE_WITH_KNOTS('',3,1,((#1046,#1047),(#1048,#1049),(#1050,
#1051),(#1052,#1053),(#1054,#1055),(#1056,#1057),(#1058,#1059),(#1060,#1061),
(#1062,#1063),(#1064,#1065),(#1066,#1067),(#1068,#1069),(#1070,#1071),(#1072,
#1073),(#1074,#1075),(#1076,#1077),(#1078,#1079),(#1080,#1081),(#1082,#1083),
(#1084,#1085),(#1086,#1087),(#1088,#1089),(#1090,#1091),(#1092,#1093),(#1094,
#1095),(#1096,#1097),(#1098,#1099),(#1100,#1101),(#1102,#1103),(#1104,#1105),
(#1106,#1107),(#1108,#1109),(#1110,#1111),(#1112,#1113),(#1114,#1115),(#1116,
#1117),(#1118,#1119),(#1120,#1121),(#1122,#1123),(#1124,#1125),(#1126,#1127),
(#1128,#1129),(#1130,#1131),(#1132,#1133),(#1134,#1135),(#1136,#1137),(#1138,
#1139),(#1140,#1141),(#1142,#1143),(#1144,#1145),(#1146,#1147),(#1148,#1149),
(#1150,#1151),(#1152,#1153),(#1154,#1155),(#1156,#1157),(#1158,#1159),(#1160,
#1161),(#1162,#1163),(#1164,#1165),(#1166,#1167),(#1168,#1169),(#1170,#1171),
(#1172,#1173),(#1174,#1175),(#1176,#1177),(#1178,#1179),(#1180,#1181),(#1182,
#1183),(#1184,#1185),(#1186,#1187),(#1188,#1189),(#1190,#1191),(#1192,#1193),
(#1194,#1195),(#1196,#1197),(#1198,#1199),(#1200,#1201),(#1202,#1203),(#1204,
#1205),(#1206,#1207),(#1208,#1209),(#1210,#1211),(#1212,#1213),(#1214,#1215),
(#1216,#1217),(#1218,#1219),(#1220,#1221),(#1222,#1223),(#1224,#1225),(#1226,
#1227),(#1228,#1229),(#1230,#1231),(#1232,#1233),(#1234,#1235),(#1236,#1237),
(#1238,#1239),(#1240,#1241),(#1242,#1243),(#1244,#1245),(#1246,#1247),(#1248,
#1249),(#1250,#1251),(#1252,#1253),(#1254,#1255),(#1256,#1257),(#1258,#1259),
(#1260,#1261),(#1262,#1263),(#1264,#1265),(#1266,#1267),(#1268,#1269),(#1270,
#1271),(#1272,#1273),(#1274,#1275),(#1276,#1277),(#1278,#1279),(#1280,#1281),
(#1282,#1283),(#1284,#1285),(#1286,#1287),(#1288,#1289),(#1290,#1291),(#1292,
#1293),(#1294,#1295),(#1296,#1297),(#1298,#1299),(#1300,#1301),(#1302,#1303),
(#1304,#1305),(#1306,#1307),(#1308,#1309),(#1310,#1311),(#1312,#1313),(#1314,
#1315),(#1316,#1317),(#1318,#1319),(#1320,#1321),(#1322,#1323),(#1324,#1325),
(#1326,#1327),(#1328,#1329),(#1330,#1331),(#1332,#1333),(#1334,#1335),(#1336,
#1337),(#1338,#1339),(#1340,#1341),(#1342,#1343),(#1344,#1345),(#1346,#1347),
(#1348,#1349),(#1350,#1351),(#1352,#1353),(#1354,#1355),(#1356,#1357),(#1358,
#1359),(#1360,#1361),(#1362,#1363),(#1364,#1365),(#1366,#1367),(#1368,#1369),
(#1370,#1371),(#1372,#1373),(#1374,#1375),(#1376,#1377),(#1378,#1379),(#1380,
#1381),(#1382,#1383),(#1384,#1385),(#1386,#1387),(#1388,#1389),(#1390,#1391),
(#1392,#1393),(#1394,#1395),(#1396,#1397),(#1398,#1399),(#1400,#1401),(#1402,
#1403),(#1404,#1405),(#1406,#1407),(#1408,#1409),(#1410,#1411),(#1412,#1413),
(#1414,#1415),(#1416,#1417),(#1418,#1419),(#1420,#1421),(#1422,#1423),(#1424,
#1425),(#1426,#1427),(#1428,#1429),(#1430,#1431),(#1432,#1433),(#1434,#1435),
(#1436,#1437),(#1438,#1439),(#1440,#1441),(#1442,#1443),(#1444,#1445),(#1446,
#1447),(#1448,#1449),(#1450,#1451),(#1452,#1453),(#1454,#1455),(#1456,#1457)),
 .RULED_SURF.,.T.,.F.,.F.,(2,2,2,2,2,2,2,2,2,2,2,2,2,2,2,2,2,2,2,2,2,2,
2,2,2,2,2,2,2,2,2,2,2,2,2,2,2,2,2,2,2,2,2,2,2,2,2,2,2,2,2,2,2,2,2,2,2,2,
2,2,2,2,2,2,2,2,2,2,2,2,2,2,2,2,2,2,2,2,2,2,2,2,2,2,2,2,2,2,2,2,2,2,2,2,
2,2,2,2,2,2,2,2,2,2,2),(2,2),(-0.00269646416740099,0.,0.0314517253119875,
0.062903450623975,0.0943551759359624,0.12580690124795,0.130736933932312,
0.135666966616674,0.140596999301037,0.145527031985399,0.155387097354124,
0.165247162722848,0.175107228091573,0.184967293460297,0.189897326144659,
0.194827358829021,0.199757391513383,0.204687424197745,0.209617456882108,
0.21454748956647,0.219477522250833,0.224407554935195,0.234267620303919,
0.244127685672644,0.253987751041368,0.263847816410093,0.268777849094455,
0.273707881778817,0.278637914463179,0.283567947147541,0.315019672459529,
0.346471397771517,0.377923123083504,0.409374848395491,0.412071312562893,
0.414767776730293,0.417464240897694,0.420160705065096,0.422857169232496,
0.425553633399897,0.4309465617347,0.436339490069502,0.441732418404304,0.447125346739106,
0.452518275073908,0.457911203408711,0.463304131743513,0.468697060078315,
0.474089988413117,0.479482916747919,0.484875845082721,0.490268773417523,
0.495661701752325,0.504614322590641,0.513566943428957,0.522519564267273,
0.531472185105589,0.54937742678222,0.567282668458852,0.585187910135483,
0.603093151812115,0.620998393488746,0.638903635165378,0.647126608794424,
0.65534958242347,0.663572556052516,0.671795529681562,0.688241476939654,
0.704687424197746,0.721133371455838,0.73757931871393,0.745802292342976,
0.754025265972022,0.762248239601068,0.770471213230114,0.788376454906745,
0.806281696583377,0.824186938260008,0.84209217993664,0.859997421613271,
0.877902663289903,0.886855284128219,0.895807904966535,0.90476052580485,
0.913713146643166,0.919106074977968,0.92449900331277,0.929891931647572,
0.935284859982375,0.940677788317177,0.946070716651979,0.951463644986781,
0.956856573321583,0.962249501656385,0.967642429991187,0.973035358325989,
0.978428286660792,0.983821214995594,0.986517679162995,0.989214143330396,
0.991910607497797,0.994607071665198,0.997303535832599,1.,1.03145172531199),
(0.,1.),.UNSPECIFIED.);
#18=B_SPLINE_SURFACE_WITH_KNOTS('',3,1,((#1458,#1459),(#1460,#1461),(#1462,
#1463),(#1464,#1465),(#1466,#1467),(#1468,#1469),(#1470,#1471),(#1472,#1473),
(#1474,#1475),(#1476,#1477),(#1478,#1479),(#1480,#1481),(#1482,#1483),(#1484,
#1485),(#1486,#1487),(#1488,#1489),(#1490,#1491),(#1492,#1493),(#1494,#1495)),
 .SURF_OF_LINEAR_EXTRUSION.,.T.,.F.,.F.,(1,1,1,1,1,1,1,1,1,1,1,1,1,1,1,
1,1,1,1,1,1,1,1),(2,2),(-1.17809724509617,-0.785398163397448,-0.392699081698725,
0.,0.392699081698724,0.785398163397448,1.17809724509617,1.5707963267949,
1.96349540849362,2.35619449019234,2.74889357189107,3.14159265358979,3.53429173528852,
3.92699081698724,4.31968989868597,4.71238898038469,5.10508806208341,5.49778714378214,
5.89048622548086,6.28318530717959,6.67588438887831,7.06858347057703,7.46128255227576),
(0.,1.),.UNSPECIFIED.);
#19=LINE('',#412,#27);
#20=LINE('',#426,#28);
#21=LINE('',#445,#29);
#22=LINE('',#459,#30);
#23=LINE('',#546,#31);
#24=LINE('',#639,#32);
#25=LINE('',#653,#33);
#26=LINE('',#746,#34);
#27=VECTOR('',#331,1.);
#28=VECTOR('',#332,1.);
#29=VECTOR('',#333,1.);
#30=VECTOR('',#334,1.);
#31=VECTOR('',#339,1.);
#32=VECTOR('',#344,1.);
#33=VECTOR('',#351,1.);
#34=VECTOR('',#356,1.);
#35=B_SPLINE_CURVE_WITH_KNOTS('',3,(#365,#366,#367,#368,#369,#370,#371,
#372,#373,#374,#375,#376,#377,#378,#379,#380,#381,#382,#383,#384,#385,#386,
#387,#388,#389,#390,#391,#392,#393,#394,#395,#396),.UNSPECIFIED.,.F.,.F.,
(4,1,1,1,1,1,1,1,1,1,1,1,1,1,1,1,1,1,1,1,1,1,1,1,1,1,1,1,1,4),(0.,0.0060892489952804,
0.0091338734929206,0.0121784979905608,0.015223122488201,0.0182677469858412,
0.0213123714834814,0.0243569959811216,0.0274016204787618,0.030446244976402,
0.0334908694740422,0.0365354939716824,0.0395801184693226,0.0426247429669628,
0.045669367464603,0.0487139919622432,0.0517586164598834,0.0548032409575236,
0.0578478654551638,0.060892489952804,0.0639371144504442,0.0669817389480844,
0.0700263634457246,0.0730709879433648,0.076115612441005,0.0791602369386452,
0.0822048614362854,0.0852494859339256,0.091338734929206,0.0974279839244864),
 .UNSPECIFIED.);
#36=B_SPLINE_CURVE_WITH_KNOTS('',3,(#414,#415,#416,#417,#418,#419,#420,
#421,#422,#423,#424),.UNSPECIFIED.,.F.,.F.,(4,1,1,1,1,1,1,1,4),(0.,0.00470037486875856,
0.00940074973751711,0.0141011246062757,0.0188014994750342,0.0235018743437928,
0.0282022492125513,0.0329026240813099,0.0376029989500685),.UNSPECIFIED.);
#37=B_SPLINE_CURVE_WITH_KNOTS('',3,(#428,#429,#430,#431,#432,#433,#434,
#435,#436,#437,#438,#439,#440,#441,#442,#443),.UNSPECIFIED.,.F.,.F.,(4,
1,1,1,1,1,1,1,1,1,1,1,1,4),(0.,0.00743478943291671,0.0111521841493751,0.0148695788658334,
0.0185869735822918,0.0223043682987501,0.0297391577316669,0.0334565524481252,
0.0371739471645836,0.0408913418810419,0.0446087365975003,0.052043526030417,
0.0557609207468754,0.0594783154633337),.UNSPECIFIED.);
#38=B_SPLINE_CURVE_WITH_KNOTS('',3,(#447,#448,#449,#450,#451,#452,#453,
#454,#455,#456,#457),.UNSPECIFIED.,.F.,.F.,(4,1,1,1,1,1,1,1,4),(0.,0.00470037889718337,
0.00940075779436675,0.0141011366915501,0.0188015155887335,0.0235018944859169,
0.0282022733831002,0.0329026522802836,0.037603031177467),.UNSPECIFIED.);
#39=B_SPLINE_CURVE_WITH_KNOTS('',3,(#537,#538,#539,#540),.UNSPECIFIED.,
 .F.,.F.,(4,4),(-0.0141990316351439,0.),.UNSPECIFIED.);
#40=B_SPLINE_CURVE_WITH_KNOTS('',3,(#541,#542,#543,#544),.UNSPECIFIED.,
 .F.,.F.,(4,4),(-0.0141990316351439,0.),.UNSPECIFIED.);
#41=B_SPLINE_CURVE_WITH_KNOTS('',3,(#548,#549,#550,#551),.UNSPECIFIED.,
 .F.,.F.,(4,4),(-0.0141990316351439,0.),.UNSPECIFIED.);
#42=B_SPLINE_CURVE_WITH_KNOTS('',3,(#634,#635,#636,#637),.UNSPECIFIED.,
 .F.,.F.,(4,4),(-0.0141990316351439,0.),.UNSPECIFIED.);
#43=B_SPLINE_CURVE_WITH_KNOTS('',3,(#641,#642,#643,#644),.UNSPECIFIED.,
 .F.,.F.,(4,4),(-0.0141990291203911,-2.81596305740896E-10),
 .UNSPECIFIED.);
#44=B_SPLINE_CURVE_WITH_KNOTS('',3,(#648,#649,#650,#651),.UNSPECIFIED.,
 .F.,.F.,(4,4),(-0.0141990315712519,-2.70144293299186E-10),
 .UNSPECIFIED.);
#45=B_SPLINE_CURVE_WITH_KNOTS('',3,(#655,#656,#657,#658),.UNSPECIFIED.,
 .F.,.F.,(4,4),(-0.0141990316351439,0.),.UNSPECIFIED.);
#46=B_SPLINE_CURVE_WITH_KNOTS('',3,(#741,#742,#743,#744),.UNSPECIFIED.,
 .F.,.F.,(4,4),(-0.0141990316351439,0.),.UNSPECIFIED.);
#47=B_SPLINE_CURVE_WITH_KNOTS('',3,(#966,#967,#968,#969,#970,#971,#972,
#973,#974,#975,#976,#977,#978,#979),.UNSPECIFIED.,.F.,.F.,(4,1,1,1,1,1,
1,1,1,1,1,4),(0.,0.00494674703748582,0.00742012055622874,0.00989349407497165,
0.0123668675937146,0.0148402411124575,0.0160769278718289,0.0173136146312004,
0.0185503013905718,0.0191686447702576,0.0194778164601004,0.0197869881499433),
 .UNSPECIFIED.);
#48=B_SPLINE_CURVE_WITH_KNOTS('',3,(#981,#982,#983,#984,#985,#986),
 .UNSPECIFIED.,.F.,.F.,(4,1,1,4),(-6.0000000016633E-8,0.00177863826190125,
0.00355733652380252,0.00711473304760506),.UNSPECIFIED.);
#49=B_SPLINE_CURVE_WITH_KNOTS('',3,(#988,#989,#990,#991,#992,#993,#994,
#995,#996,#997),.UNSPECIFIED.,.F.,.F.,(4,1,1,1,1,1,1,4),(-6.00000000180486E-8,
0.00442651870795095,0.00663980806192643,0.00885309741590192,0.0110663867698774,
0.0132796761238529,0.0154929654778284,0.0177062548318039),.UNSPECIFIED.);
#50=B_SPLINE_CURVE_WITH_KNOTS('',3,(#999,#1000,#1001,#1002),
 .UNSPECIFIED.,.F.,.F.,(4,4),(2.2816724964205E-17,0.00216624970789996),
 .UNSPECIFIED.);
#51=B_SPLINE_CURVE_WITH_KNOTS('',3,(#1004,#1005,#1006,#1007,#1008),
 .UNSPECIFIED.,.F.,.F.,(4,1,4),(0.,0.0105127247899275,0.021025449579855),
 .UNSPECIFIED.);
#52=B_SPLINE_CURVE_WITH_KNOTS('',3,(#1010,#1011,#1012,#1013),
 .UNSPECIFIED.,.F.,.F.,(4,4),(-6.00000000074377E-8,0.00216625662897565),
 .UNSPECIFIED.);
#53=B_SPLINE_CURVE_WITH_KNOTS('',3,(#1015,#1016,#1017,#1018,#1019,#1020,
#1021,#1022,#1023),.UNSPECIFIED.,.F.,.F.,(4,1,1,1,1,1,4),(-6.00000000018564E-8,
0.00443647625443251,0.00665474438164876,0.00887301250886501,0.0110912806360813,
0.0133095487632975,0.01774608501773),.UNSPECIFIED.);
#54=B_SPLINE_CURVE_WITH_KNOTS('',3,(#1025,#1026,#1027,#1028,#1029,#1030),
 .UNSPECIFIED.,.F.,.F.,(4,1,1,4),(2.11038219202008E-17,0.00360813798779721,
0.0054122069816958,0.0072162759755944),.UNSPECIFIED.);
#55=B_SPLINE_CURVE_WITH_KNOTS('',3,(#1032,#1033,#1034,#1035,#1036,#1037,
#1038,#1039,#1040,#1041,#1042,#1043,#1044,#1045),.UNSPECIFIED.,.F.,.F.,
(4,1,1,1,1,1,1,1,1,1,1,4),(0.,0.000312000608993584,0.000624001217987167,
0.00124800243597433,0.00249600487194867,0.003744007307923,0.00499200974389734,
0.00748801461584601,0.00998401948779467,0.0124800243597433,0.014976029231692,
0.0199680389755893),.UNSPECIFIED.);
#56=ORIENTED_EDGE('',*,*,#138,.F.);
#57=ORIENTED_EDGE('',*,*,#139,.T.);
#58=ORIENTED_EDGE('',*,*,#140,.F.);
#59=ORIENTED_EDGE('',*,*,#141,.F.);
#60=ORIENTED_EDGE('',*,*,#142,.F.);
#61=ORIENTED_EDGE('',*,*,#143,.F.);
#62=ORIENTED_EDGE('',*,*,#144,.F.);
#63=ORIENTED_EDGE('',*,*,#145,.T.);
#64=ORIENTED_EDGE('',*,*,#146,.T.);
#65=ORIENTED_EDGE('',*,*,#147,.T.);
#66=ORIENTED_EDGE('',*,*,#148,.T.);
#67=ORIENTED_EDGE('',*,*,#149,.T.);
#68=ORIENTED_EDGE('',*,*,#150,.T.);
#69=ORIENTED_EDGE('',*,*,#151,.T.);
#70=ORIENTED_EDGE('',*,*,#152,.T.);
#71=ORIENTED_EDGE('',*,*,#153,.T.);
#72=ORIENTED_EDGE('',*,*,#154,.F.);
#73=ORIENTED_EDGE('',*,*,#149,.F.);
#74=ORIENTED_EDGE('',*,*,#155,.T.);
#75=ORIENTED_EDGE('',*,*,#156,.T.);
#76=ORIENTED_EDGE('',*,*,#157,.F.);
#77=ORIENTED_EDGE('',*,*,#150,.F.);
#78=ORIENTED_EDGE('',*,*,#154,.T.);
#79=ORIENTED_EDGE('',*,*,#158,.T.);
#80=ORIENTED_EDGE('',*,*,#159,.F.);
#81=ORIENTED_EDGE('',*,*,#151,.F.);
#82=ORIENTED_EDGE('',*,*,#157,.T.);
#83=ORIENTED_EDGE('',*,*,#160,.T.);
#84=ORIENTED_EDGE('',*,*,#161,.F.);
#85=ORIENTED_EDGE('',*,*,#152,.F.);
#86=ORIENTED_EDGE('',*,*,#159,.T.);
#87=ORIENTED_EDGE('',*,*,#162,.T.);
#88=ORIENTED_EDGE('',*,*,#163,.F.);
#89=ORIENTED_EDGE('',*,*,#145,.F.);
#90=ORIENTED_EDGE('',*,*,#161,.T.);
#91=ORIENTED_EDGE('',*,*,#164,.T.);
#92=ORIENTED_EDGE('',*,*,#165,.F.);
#93=ORIENTED_EDGE('',*,*,#146,.F.);
#94=ORIENTED_EDGE('',*,*,#163,.T.);
#95=ORIENTED_EDGE('',*,*,#166,.T.);
#96=ORIENTED_EDGE('',*,*,#167,.F.);
#97=ORIENTED_EDGE('',*,*,#147,.F.);
#98=ORIENTED_EDGE('',*,*,#165,.T.);
#99=ORIENTED_EDGE('',*,*,#168,.T.);
#100=ORIENTED_EDGE('',*,*,#155,.F.);
#101=ORIENTED_EDGE('',*,*,#148,.F.);
#102=ORIENTED_EDGE('',*,*,#167,.T.);
#103=ORIENTED_EDGE('',*,*,#139,.F.);
#104=ORIENTED_EDGE('',*,*,#169,.F.);
#105=ORIENTED_EDGE('',*,*,#170,.F.);
#106=ORIENTED_EDGE('',*,*,#171,.F.);
#107=ORIENTED_EDGE('',*,*,#172,.F.);
#108=ORIENTED_EDGE('',*,*,#173,.F.);
#109=ORIENTED_EDGE('',*,*,#174,.F.);
#110=ORIENTED_EDGE('',*,*,#175,.F.);
#111=ORIENTED_EDGE('',*,*,#176,.F.);
#112=ORIENTED_EDGE('',*,*,#177,.F.);
#113=ORIENTED_EDGE('',*,*,#140,.T.);
#114=ORIENTED_EDGE('',*,*,#177,.T.);
#115=ORIENTED_EDGE('',*,*,#176,.T.);
#116=ORIENTED_EDGE('',*,*,#175,.T.);
#117=ORIENTED_EDGE('',*,*,#174,.T.);
#118=ORIENTED_EDGE('',*,*,#173,.T.);
#119=ORIENTED_EDGE('',*,*,#172,.T.);
#120=ORIENTED_EDGE('',*,*,#171,.T.);
#121=ORIENTED_EDGE('',*,*,#170,.T.);
#122=ORIENTED_EDGE('',*,*,#169,.T.);
#123=ORIENTED_EDGE('',*,*,#144,.T.);
#124=ORIENTED_EDGE('',*,*,#143,.T.);
#125=ORIENTED_EDGE('',*,*,#142,.T.);
#126=ORIENTED_EDGE('',*,*,#141,.T.);
#127=ORIENTED_EDGE('',*,*,#168,.F.);
#128=ORIENTED_EDGE('',*,*,#166,.F.);
#129=ORIENTED_EDGE('',*,*,#164,.F.);
#130=ORIENTED_EDGE('',*,*,#162,.F.);
#131=ORIENTED_EDGE('',*,*,#160,.F.);
#132=ORIENTED_EDGE('',*,*,#158,.F.);
#133=ORIENTED_EDGE('',*,*,#156,.F.);
#134=ORIENTED_EDGE('',*,*,#153,.F.);
#135=ORIENTED_EDGE('',*,*,#178,.F.);
#136=ORIENTED_EDGE('',*,*,#138,.T.);
#137=ORIENTED_EDGE('',*,*,#178,.T.);
#138=EDGE_CURVE('',#179,#179,#211,.T.);
#139=EDGE_CURVE('',#180,#181,#35,.T.);
#140=EDGE_CURVE('',#182,#181,#212,.F.);
#141=EDGE_CURVE('',#183,#182,#213,.F.);
#142=EDGE_CURVE('',#184,#183,#214,.F.);
#143=EDGE_CURVE('',#185,#184,#215,.F.);
#144=EDGE_CURVE('',#180,#185,#216,.F.);
#145=EDGE_CURVE('',#186,#187,#217,.T.);
#146=EDGE_CURVE('',#187,#188,#19,.F.);
#147=EDGE_CURVE('',#188,#189,#36,.T.);
#148=EDGE_CURVE('',#189,#190,#20,.F.);
#149=EDGE_CURVE('',#190,#191,#37,.T.);
#150=EDGE_CURVE('',#191,#192,#21,.F.);
#151=EDGE_CURVE('',#192,#193,#38,.T.);
#152=EDGE_CURVE('',#193,#186,#22,.F.);
#153=EDGE_CURVE('',#194,#195,#218,.F.);
#154=EDGE_CURVE('',#191,#195,#39,.T.);
#155=EDGE_CURVE('',#190,#194,#40,.T.);
#156=EDGE_CURVE('',#195,#196,#23,.F.);
#157=EDGE_CURVE('',#192,#196,#41,.T.);
#158=EDGE_CURVE('',#196,#197,#219,.F.);
#159=EDGE_CURVE('',#193,#197,#42,.T.);
#160=EDGE_CURVE('',#197,#198,#24,.F.);
#161=EDGE_CURVE('',#186,#198,#43,.T.);
#162=EDGE_CURVE('',#198,#199,#220,.T.);
#163=EDGE_CURVE('',#187,#199,#44,.T.);
#164=EDGE_CURVE('',#199,#200,#25,.T.);
#165=EDGE_CURVE('',#188,#200,#45,.T.);
#166=EDGE_CURVE('',#200,#201,#221,.T.);
#167=EDGE_CURVE('',#189,#201,#46,.T.);
#168=EDGE_CURVE('',#201,#194,#26,.T.);
#169=EDGE_CURVE('',#202,#180,#47,.T.);
#170=EDGE_CURVE('',#203,#202,#48,.T.);
#171=EDGE_CURVE('',#204,#203,#49,.T.);
#172=EDGE_CURVE('',#205,#204,#50,.T.);
#173=EDGE_CURVE('',#206,#205,#51,.T.);
#174=EDGE_CURVE('',#207,#206,#52,.T.);
#175=EDGE_CURVE('',#208,#207,#53,.T.);
#176=EDGE_CURVE('',#209,#208,#54,.T.);
#177=EDGE_CURVE('',#181,#209,#55,.T.);
#178=EDGE_CURVE('',#210,#210,#222,.T.);
#179=VERTEX_POINT('',#364);
#180=VERTEX_POINT('',#397);
#181=VERTEX_POINT('',#398);
#182=VERTEX_POINT('',#400);
#183=VERTEX_POINT('',#402);
#184=VERTEX_POINT('',#404);
#185=VERTEX_POINT('',#406);
#186=VERTEX_POINT('',#410);
#187=VERTEX_POINT('',#411);
#188=VERTEX_POINT('',#413);
#189=VERTEX_POINT('',#425);
#190=VERTEX_POINT('',#427);
#191=VERTEX_POINT('',#444);
#192=VERTEX_POINT('',#446);
#193=VERTEX_POINT('',#458);
#194=VERTEX_POINT('',#535);
#195=VERTEX_POINT('',#536);
#196=VERTEX_POINT('',#547);
#197=VERTEX_POINT('',#633);
#198=VERTEX_POINT('',#640);
#199=VERTEX_POINT('',#647);
#200=VERTEX_POINT('',#654);
#201=VERTEX_POINT('',#740);
#202=VERTEX_POINT('',#980);
#203=VERTEX_POINT('',#987);
#204=VERTEX_POINT('',#998);
#205=VERTEX_POINT('',#1003);
#206=VERTEX_POINT('',#1009);
#207=VERTEX_POINT('',#1014);
#208=VERTEX_POINT('',#1024);
#209=VERTEX_POINT('',#1031);
#210=VERTEX_POINT('',#1497);
#211=CIRCLE('',#292,0.013335);
#212=CIRCLE('',#293,0.0190500000000004);
#213=CIRCLE('',#294,0.0190500000000004);
#214=CIRCLE('',#295,0.0190500000000004);
#215=CIRCLE('',#296,0.0190500000000004);
#216=CIRCLE('',#297,0.0190500000000004);
#217=CIRCLE('',#299,0.0444499709475422);
#218=CIRCLE('',#300,0.0254);
#219=CIRCLE('',#302,0.00636945208630746);
#220=CIRCLE('',#305,0.0508);
#221=CIRCLE('',#307,0.00636945208630746);
#222=CIRCLE('',#309,0.013335);
#223=EDGE_LOOP('',(#56));
#224=EDGE_LOOP('',(#57,#58,#59,#60,#61,#62));
#225=EDGE_LOOP('',(#63,#64,#65,#66,#67,#68,#69,#70));
#226=EDGE_LOOP('',(#71,#72,#73,#74));
#227=EDGE_LOOP('',(#75,#76,#77,#78));
#228=EDGE_LOOP('',(#79,#80,#81,#82));
#229=EDGE_LOOP('',(#83,#84,#85,#86));
#230=EDGE_LOOP('',(#87,#88,#89,#90));
#231=EDGE_LOOP('',(#91,#92,#93,#94));
#232=EDGE_LOOP('',(#95,#96,#97,#98));
#233=EDGE_LOOP('',(#99,#100,#101,#102));
#234=EDGE_LOOP('',(#103,#104,#105,#106,#107,#108,#109,#110,#111,#112));
#235=EDGE_LOOP('',(#113,#114,#115,#116,#117,#118,#119,#120,#121,#122,#123,
#124,#125,#126));
#236=EDGE_LOOP('',(#127,#128,#129,#130,#131,#132,#133,#134));
#237=EDGE_LOOP('',(#135));
#238=EDGE_LOOP('',(#136));
#239=EDGE_LOOP('',(#137));
#240=FACE_BOUND('',#223,.T.);
#241=FACE_BOUND('',#224,.T.);
#242=FACE_BOUND('',#225,.T.);
#243=FACE_BOUND('',#226,.T.);
#244=FACE_BOUND('',#227,.T.);
#245=FACE_BOUND('',#228,.T.);
#246=FACE_BOUND('',#229,.T.);
#247=FACE_BOUND('',#230,.T.);
#248=FACE_BOUND('',#231,.T.);
#249=FACE_BOUND('',#232,.T.);
#250=FACE_BOUND('',#233,.T.);
#251=FACE_BOUND('',#234,.T.);
#252=FACE_BOUND('',#235,.T.);
#253=FACE_BOUND('',#236,.T.);
#254=FACE_BOUND('',#237,.T.);
#255=FACE_BOUND('',#238,.T.);
#256=FACE_BOUND('',#239,.T.);
#257=PLANE('',#291);
#258=PLANE('',#298);
#259=PLANE('',#301);
#260=PLANE('',#303);
#261=PLANE('',#306);
#262=PLANE('',#308);
#263=PLANE('',#310);
#264=ADVANCED_FACE('',(#240,#241),#257,.T.);
#265=ADVANCED_FACE('',(#242),#258,.F.);
#266=ADVANCED_FACE('',(#243),#14,.F.);
#267=ADVANCED_FACE('',(#244),#259,.T.);
#268=ADVANCED_FACE('',(#245),#15,.F.);
#269=ADVANCED_FACE('',(#246),#260,.T.);
#270=ADVANCED_FACE('',(#247),#13,.F.);
#271=ADVANCED_FACE('',(#248),#261,.T.);
#272=ADVANCED_FACE('',(#249),#16,.F.);
#273=ADVANCED_FACE('',(#250),#262,.T.);
#274=ADVANCED_FACE('',(#251),#12,.F.);
#275=ADVANCED_FACE('',(#252,#253),#17,.F.);
#276=ADVANCED_FACE('',(#254,#255),#18,.F.);
#277=ADVANCED_FACE('',(#256),#263,.T.);
#278=CLOSED_SHELL('',(#264,#265,#266,#267,#268,#269,#270,#271,#272,#273,
#274,#275,#276,#277));
#279=STYLED_ITEM('',(#280),#287);
#280=PRESENTATION_STYLE_ASSIGNMENT((#281));
#281=SURFACE_STYLE_USAGE(.BOTH.,#282);
#282=SURFACE_SIDE_STYLE('',(#283));
#283=SURFACE_STYLE_FILL_AREA(#284);
#284=FILL_AREA_STYLE('',(#285));
#285=FILL_AREA_STYLE_COLOUR('',#286);
#286=COLOUR_RGB('',0.901960784313726,0.901960784313726,0.901960784313726);
#287=MANIFOLD_SOLID_BREP('Perch_Desk_LowerLarge',#278);
#288=SHAPE_DEFINITION_REPRESENTATION(#1505,#289);
#289=SHAPE_REPRESENTATION('Perch_Desk_LowerLarge',(#290),#1500);
#290=AXIS2_PLACEMENT_3D('',#361,#311,#312);
#291=AXIS2_PLACEMENT_3D('',#362,#313,#314);
#292=AXIS2_PLACEMENT_3D('',#363,#315,#316);
#293=AXIS2_PLACEMENT_3D('',#399,#317,#318);
#294=AXIS2_PLACEMENT_3D('',#401,#319,#320);
#295=AXIS2_PLACEMENT_3D('',#403,#321,#322);
#296=AXIS2_PLACEMENT_3D('',#405,#323,#324);
#297=AXIS2_PLACEMENT_3D('',#407,#325,#326);
#298=AXIS2_PLACEMENT_3D('',#408,#327,#328);
#299=AXIS2_PLACEMENT_3D('',#409,#329,#330);
#300=AXIS2_PLACEMENT_3D('',#534,#335,#336);
#301=AXIS2_PLACEMENT_3D('',#545,#337,#338);
#302=AXIS2_PLACEMENT_3D('',#632,#340,#341);
#303=AXIS2_PLACEMENT_3D('',#638,#342,#343);
#304=AXIS2_PLACEMENT_3D('',#645,#345,#346);
#305=AXIS2_PLACEMENT_3D('',#646,#347,#348);
#306=AXIS2_PLACEMENT_3D('',#652,#349,#350);
#307=AXIS2_PLACEMENT_3D('',#739,#352,#353);
#308=AXIS2_PLACEMENT_3D('',#745,#354,#355);
#309=AXIS2_PLACEMENT_3D('',#1496,#357,#358);
#310=AXIS2_PLACEMENT_3D('',#1498,#359,#360);
#311=DIRECTION('',(0.,0.,1.));
#312=DIRECTION('',(1.,0.,0.));
#313=DIRECTION('',(0.,0.,1.));
#314=DIRECTION('',(1.,0.,0.));
#315=DIRECTION('',(0.,0.,1.));
#316=DIRECTION('',(1.,0.,0.));
#317=DIRECTION('',(0.,0.,1.));
#318=DIRECTION('',(1.,0.,0.));
#319=DIRECTION('',(0.,0.,1.));
#320=DIRECTION('',(1.,0.,0.));
#321=DIRECTION('',(0.,0.,1.));
#322=DIRECTION('',(1.,0.,0.));
#323=DIRECTION('',(0.,0.,1.));
#324=DIRECTION('',(1.,0.,0.));
#325=DIRECTION('',(0.,0.,1.));
#326=DIRECTION('',(1.,0.,0.));
#327=DIRECTION('',(0.,0.,1.));
#328=DIRECTION('',(1.,0.,0.));
#329=DIRECTION('',(0.,0.,1.));
#330=DIRECTION('',(1.,0.,0.));
#331=DIRECTION('',(0.707106781186548,0.707106781186548,0.));
#332=DIRECTION('',(-0.588378363885886,-0.808585741224125,0.));
#333=DIRECTION('',(-0.588378363885886,0.808585741224125,0.));
#334=DIRECTION('',(0.707106781186548,-0.707106781186548,0.));
#335=DIRECTION('',(0.,0.,1.));
#336=DIRECTION('',(1.,0.,0.));
#337=DIRECTION('',(0.72322107432327,0.52626160806881,0.447213592735646));
#338=DIRECTION('',(-0.361610534367657,-0.263130802001329,0.894427192382072));
#339=DIRECTION('',(-0.588378363885886,0.808585741224125,0.));
#340=DIRECTION('',(0.,0.,1.));
#341=DIRECTION('',(1.,0.,0.));
#342=DIRECTION('',(-0.632455533011008,-0.632455533011007,0.447213592735646));
#343=DIRECTION('',(0.316227764062175,0.316227764062175,0.894427192382072));
#344=DIRECTION('',(0.707106781186547,-0.707106781186548,0.));
#345=DIRECTION('',(-3.26930936233942E-16,6.56708466254782E-16,1.));
#346=DIRECTION('',(6.86844715159218E-7,0.999999999999764,-6.55644280772325E-16));
#347=DIRECTION('',(0.,0.,1.));
#348=DIRECTION('',(1.,0.,0.));
#349=DIRECTION('',(0.632455533011008,-0.632455533011007,0.447213592735646));
#350=DIRECTION('',(-0.316227764062175,0.316227764062175,0.894427192382072));
#351=DIRECTION('',(-0.707106781186548,-0.707106781186548,0.));
#352=DIRECTION('',(0.,0.,-1.));
#353=DIRECTION('',(1.,0.,0.));
#354=DIRECTION('',(-0.72322107432327,0.52626160806881,0.447213592735646));
#355=DIRECTION('',(0.361610534367657,-0.263130802001329,0.894427192382072));
#356=DIRECTION('',(0.588378363885886,0.808585741224125,0.));
#357=DIRECTION('',(0.,0.,1.));
#358=DIRECTION('',(1.,0.,0.));
#359=DIRECTION('',(0.,0.,1.));
#360=DIRECTION('',(1.,0.,0.));
#361=CARTESIAN_POINT('',(0.,0.,0.));
#362=CARTESIAN_POINT('',(0.,0.,0.0254));
#363=CARTESIAN_POINT('',(0.,-0.00685588790314393,0.0254));
#364=CARTESIAN_POINT('',(0.013335,-0.00685588790314393,0.0254));
#365=CARTESIAN_POINT('',(-0.0153741136516829,0.00489913949312243,0.0254000000000017));
#366=CARTESIAN_POINT('',(-0.0165810971068513,0.00324892801828679,0.0254000000000017));
#367=CARTESIAN_POINT('',(-0.0182734375499537,0.000704470081921016,0.0253999999999996));
#368=CARTESIAN_POINT('',(-0.0201412959037585,-0.00289470560337183,0.0254000000000001));
#369=CARTESIAN_POINT('',(-0.0212919611852793,-0.00576310280689057,0.0254));
#370=CARTESIAN_POINT('',(-0.0220495565864037,-0.00872320372712405,0.0254));
#371=CARTESIAN_POINT('',(-0.0223235489533723,-0.0118043625030382,0.0254));
#372=CARTESIAN_POINT('',(-0.0220708373268561,-0.0148557747345367,0.0254));
#373=CARTESIAN_POINT('',(-0.0213357191458126,-0.0178438833370233,0.0254));
#374=CARTESIAN_POINT('',(-0.019990894237024,-0.0206350102193293,0.0254));
#375=CARTESIAN_POINT('',(-0.017972007539494,-0.0229959415135662,0.0254));
#376=CARTESIAN_POINT('',(-0.0152929435772809,-0.0245938380407988,0.0254));
#377=CARTESIAN_POINT('',(-0.0123122301334739,-0.0253986641487474,0.0254));
#378=CARTESIAN_POINT('',(-0.00926601447075722,-0.0258207493073801,0.0254));
#379=CARTESIAN_POINT('',(-0.00622786790275599,-0.0261422052295767,0.0254));
#380=CARTESIAN_POINT('',(-0.00318129130918949,-0.0263549072263395,0.0254));
#381=CARTESIAN_POINT('',(-0.000129316663310562,-0.0264368839845931,0.0254));
#382=CARTESIAN_POINT('',(0.00292912329140908,-0.0263674255376663,0.0254));
#383=CARTESIAN_POINT('',(0.00599691797083772,-0.0261627814242205,0.0254));
#384=CARTESIAN_POINT('',(0.00905804852809882,-0.0258447736346474,0.0254));
#385=CARTESIAN_POINT('',(0.0120901918035909,-0.0254387225848091,0.0254));
#386=CARTESIAN_POINT('',(0.015106219837218,-0.0246661169123031,0.0254));
#387=CARTESIAN_POINT('',(0.0178159807403462,-0.0231283977787919,0.0254));
#388=CARTESIAN_POINT('',(0.0198968547731011,-0.0207842314526901,0.0254));
#389=CARTESIAN_POINT('',(0.0212846389247819,-0.0179935146105987,0.0254));
#390=CARTESIAN_POINT('',(0.0220504639430765,-0.0149849800313688,0.0254));
#391=CARTESIAN_POINT('',(0.0223240028645543,-0.0119199025048792,0.0254));
#392=CARTESIAN_POINT('',(0.0220688677792885,-0.00882739801725453,0.0254));
#393=CARTESIAN_POINT('',(0.0210665593592077,-0.00484612617918622,0.0254));
#394=CARTESIAN_POINT('',(0.0188627660557699,-0.000183277209000672,0.0254));
#395=CARTESIAN_POINT('',(0.0165883740681522,0.0032393074341684,0.0254));
#396=CARTESIAN_POINT('',(0.0153730253566684,0.00490061374693086,0.0254));
#397=CARTESIAN_POINT('',(-0.0153789169633325,0.00489444563523033,0.025396414898269));
#398=CARTESIAN_POINT('',(0.0153776557640571,0.00489608835670297,0.0253965480612997));
#399=CARTESIAN_POINT('',(3.10515502199849E-16,-0.00635000000000029,0.0254));
#400=CARTESIAN_POINT('',(0.0146320913151916,0.00584927934579922,0.0253999999997101));
#401=CARTESIAN_POINT('',(3.10515502199849E-16,-0.00635000000000029,0.0254));
#402=CARTESIAN_POINT('',(0.0132245703323498,0.0073618342537305,0.025399999998842));
#403=CARTESIAN_POINT('',(3.10515502199849E-16,-0.00635000000000029,0.0254));
#404=CARTESIAN_POINT('',(-0.0132245688494411,0.00736183266878213,0.0253999999988418));
#405=CARTESIAN_POINT('',(3.10515502199849E-16,-0.00635000000000029,0.0254));
#406=CARTESIAN_POINT('',(-0.0146320955923539,0.00584928192604829,0.0253999999997101));
#407=CARTESIAN_POINT('',(3.10515502199849E-16,-0.00635000000000029,0.0254));
#408=CARTESIAN_POINT('',(0.,-0.0484750927530537,-0.0127));
#409=CARTESIAN_POINT('',(1.6451941871876E-9,-0.0888999445757833,-0.0127));
#410=CARTESIAN_POINT('',(0.0314309094723804,-0.0574691085959348,-0.0127000000026285));
#411=CARTESIAN_POINT('',(-0.0314309056722983,-0.0574691087358387,-0.0127000013495192));
#412=CARTESIAN_POINT('',(-0.0112184428349618,-0.037256649918092,-0.0127));
#413=CARTESIAN_POINT('',(-0.0989362132542488,-0.124974420337379,-0.0127));
#414=CARTESIAN_POINT('',(-0.0989362132542488,-0.124974420337379,-0.0127));
#415=CARTESIAN_POINT('',(-0.100065728864768,-0.126103935953228,-0.0127));
#416=CARTESIAN_POINT('',(-0.102683511940707,-0.127889782476112,-0.0127));
#417=CARTESIAN_POINT('',(-0.107410520800858,-0.128991745938509,-0.0127));
#418=CARTESIAN_POINT('',(-0.11218640236948,-0.128282524327896,-0.0127));
#419=CARTESIAN_POINT('',(-0.116379513459802,-0.125884821004165,-0.0127));
#420=CARTESIAN_POINT('',(-0.119407604485799,-0.12212412527914,-0.0127));
#421=CARTESIAN_POINT('',(-0.120857286696076,-0.117518543341324,-0.0127));
#422=CARTESIAN_POINT('',(-0.120528607778718,-0.112703790584924,-0.0127));
#423=CARTESIAN_POINT('',(-0.119155165081462,-0.10978848218874,-0.0127));
#424=CARTESIAN_POINT('',(-0.1182153123064,-0.108496878696846,-0.0127));
#425=CARTESIAN_POINT('',(-0.118215312306428,-0.108496878696826,-0.0127));
#426=CARTESIAN_POINT('',(-0.0487348337538974,-0.0130125310401076,-0.0127));
#427=CARTESIAN_POINT('',(-0.0256725972441941,0.0186810130245092,-0.0127));
#428=CARTESIAN_POINT('',(-0.0256725972441941,0.0186810130245092,-0.0127));
#429=CARTESIAN_POINT('',(-0.0241934467602497,0.0207137526083297,-0.0127));
#430=CARTESIAN_POINT('',(-0.0216705387775973,0.0234375773087698,-0.0127));
#431=CARTESIAN_POINT('',(-0.0176686148537314,0.0264693678173361,-0.0127));
#432=CARTESIAN_POINT('',(-0.0144354930094359,0.0283594482588992,-0.0127));
#433=CARTESIAN_POINT('',(-0.0110377184370987,0.0298483709682519,-0.0127));
#434=CARTESIAN_POINT('',(-0.00621697792092547,0.0313111913742158,-0.0127));
#435=CARTESIAN_POINT('',(-0.0012955178332431,0.0318957019243115,-0.0127));
#436=CARTESIAN_POINT('',(0.00373308960779135,0.031604684227403,-0.0127));
#437=CARTESIAN_POINT('',(0.00740042456579531,0.0309492492640927,-0.0127));
#438=CARTESIAN_POINT('',(0.0109632784402817,0.0298763048683772,-0.0127));
#439=CARTESIAN_POINT('',(0.0155824907457045,0.0278605810482672,-0.0127));
#440=CARTESIAN_POINT('',(0.0197039497584145,0.0251151339071197,-0.0127));
#441=CARTESIAN_POINT('',(0.0233454751653818,0.0216287557489416,-0.0127));
#442=CARTESIAN_POINT('',(0.0249330284847804,0.0196973739076893,-0.0127));
#443=CARTESIAN_POINT('',(0.025672602246961,0.0186810061493993,-0.0127));
#444=CARTESIAN_POINT('',(0.0256726022469883,0.0186810061494192,-0.0127));
#445=CARTESIAN_POINT('',(0.0487348337538974,-0.0130125310401076,-0.0127));
#446=CARTESIAN_POINT('',(0.118215306076774,-0.10849687013571,-0.0127));
#447=CARTESIAN_POINT('',(0.118215306076774,-0.10849687013571,-0.0127));
#448=CARTESIAN_POINT('',(0.119155175293497,-0.109788496222122,-0.0127));
#449=CARTESIAN_POINT('',(0.120511449967202,-0.112652503461063,-0.0127));
#450=CARTESIAN_POINT('',(0.120863788593899,-0.117493467706687,-0.0127));
#451=CARTESIAN_POINT('',(0.119419385782242,-0.122100612714967,-0.0127));
#452=CARTESIAN_POINT('',(0.116397879291583,-0.125869125202491,-0.0127));
#453=CARTESIAN_POINT('',(0.112211453167128,-0.128274552353444,-0.0127));
#454=CARTESIAN_POINT('',(0.107436290330632,-0.128989230639685,-0.0127));
#455=CARTESIAN_POINT('',(0.102731454857699,-0.127914703574474,-0.0127));
#456=CARTESIAN_POINT('',(0.100065686703737,-0.126103893791719,-0.0127));
#457=CARTESIAN_POINT('',(0.0989361855022582,-0.124974392585388,-0.0127));
#458=CARTESIAN_POINT('',(0.0989361855022582,-0.124974392585388,-0.0127));
#459=CARTESIAN_POINT('',(0.0112184428349618,-0.037256649918092,-0.0127));
#460=CARTESIAN_POINT('',(0.0258837769004393,0.0183907969504033,-0.0127000000000677));
#461=CARTESIAN_POINT('',(0.0258133836817001,0.0184875356417786,-0.0127000000000677));
#462=CARTESIAN_POINT('',(0.0257429904629608,0.0185842743331538,-0.0127000000000677));
#463=CARTESIAN_POINT('',(0.0256725972442216,0.0186810130245291,-0.0127000000000677));
#464=CARTESIAN_POINT('',(0.0249393563822461,0.0196886777217936,-0.0127000000000677));
#465=CARTESIAN_POINT('',(0.0241475949055419,0.0206520748019236,-0.0127000000000677));
#466=CARTESIAN_POINT('',(0.0224544037098705,0.022481481883019,-0.0127000000000677));
#467=CARTESIAN_POINT('',(0.0215550162590567,0.0233451489511945,-0.0127000000000677));
#468=CARTESIAN_POINT('',(0.0196585809623372,0.0249631256124532,-0.0127000000000677));
#469=CARTESIAN_POINT('',(0.0186640359470436,0.025715140825006,-0.0127000000000677));
#470=CARTESIAN_POINT('',(0.0165906999678878,0.0270991904006423,-0.0127000000000677));
#471=CARTESIAN_POINT('',(0.015514716518382,0.0277291953874496,-0.0127000000000677));
#472=CARTESIAN_POINT('',(0.0132931780326182,0.0288601604913948,-0.0127000000000677));
#473=CARTESIAN_POINT('',(0.0121506494233149,0.0293594350094378,-0.0127000000000677));
#474=CARTESIAN_POINT('',(0.0098116579585119,0.0302216613358814,-0.0127000000000677));
#475=CARTESIAN_POINT('',(0.00861839855231052,0.0305832946536992,-0.0127000000000677));
#476=CARTESIAN_POINT('',(0.00619432936705555,0.031164847657069,-0.0127000000000677));
#477=CARTESIAN_POINT('',(0.0049668557189991,0.0313838342104503,-0.0127000000000677));
#478=CARTESIAN_POINT('',(0.00249126167899847,0.0316766642979006,-0.0127000000000677));
#479=CARTESIAN_POINT('',(0.0012465639225011,0.0317499729743046,-0.0127000000000677));
#480=CARTESIAN_POINT('',(-0.00124628892257626,0.0317500269246594,-0.0127000000000677));
#481=CARTESIAN_POINT('',(-0.00249098224603691,0.0316766430186508,-0.0127000000000677));
#482=CARTESIAN_POINT('',(-0.00496658895842424,0.0313839200851975,-0.0127000000000677));
#483=CARTESIAN_POINT('',(-0.00619404936870764,0.031164859343494,-0.0127000000000677));
#484=CARTESIAN_POINT('',(-0.00861814372366928,0.0305834112641772,-0.0127000000000677));
#485=CARTESIAN_POINT('',(-0.00981138127050139,0.0302217058262175,-0.0127000000000677));
#486=CARTESIAN_POINT('',(-0.0121504100537805,0.0293595807415694,-0.0127000000000677));
#487=CARTESIAN_POINT('',(-0.013292908484677,0.028860237169852,-0.0127000000000677));
#488=CARTESIAN_POINT('',(-0.0155144959212197,0.0277293682240644,-0.0127000000000677));
#489=CARTESIAN_POINT('',(-0.0165904412911904,0.0270992982057738,-0.0127000000000677));
#490=CARTESIAN_POINT('',(-0.0186638371756509,0.0257153383737432,-0.0127000000000677));
#491=CARTESIAN_POINT('',(-0.0196583367371655,0.0249632630521321,-0.0127000000000677));
#492=CARTESIAN_POINT('',(-0.021554842064555,0.0233453684778696,-0.0127000000000677));
#493=CARTESIAN_POINT('',(-0.0224540835040787,0.0224817484076058,-0.0127000000000677));
#494=CARTESIAN_POINT('',(-0.0241475415118548,0.0206522119150723,-0.0127000000000677));
#495=CARTESIAN_POINT('',(-0.0249390938307865,0.0196890385361597,-0.0127000000000677));
#496=CARTESIAN_POINT('',(-0.0256725972442215,0.0186810130245291,-0.0127000000000677));
#497=CARTESIAN_POINT('',(0.0207071024355835,0.0147125264283147,1.05116788754259E-17));
#498=CARTESIAN_POINT('',(0.0206507608994199,0.0147899544331103,1.05116788754259E-17));
#499=CARTESIAN_POINT('',(0.0205944193632563,0.0148673824379059,1.05116788754259E-17));
#500=CARTESIAN_POINT('',(0.0205380778270928,0.0149448104427015,1.05116788754259E-17));
#501=CARTESIAN_POINT('',(0.0199512043003314,0.0157513281441816,1.05116788754259E-17));
#502=CARTESIAN_POINT('',(0.0193184448847055,0.016521261249422,1.05116788754259E-17));
#503=CARTESIAN_POINT('',(0.0179630046271613,0.0179857456085212,1.05116788754259E-17));
#504=CARTESIAN_POINT('',(0.0172444541374542,0.0186757428474057,1.05116788754259E-17));
#505=CARTESIAN_POINT('',(0.0157262563242439,0.0199710196515524,1.05116788754259E-17));
#506=CARTESIAN_POINT('',(0.014931711031596,0.0205717907599412,1.05116788754259E-17));
#507=CARTESIAN_POINT('',(0.0132718947660374,0.0216797964293195,1.05116788754259E-17));
#508=CARTESIAN_POINT('',(0.012412289956848,0.0221830932790698,1.05116788754259E-17));
#509=CARTESIAN_POINT('',(0.0106338296625318,0.0230884913020914,1.05116788754259E-17));
#510=CARTESIAN_POINT('',(0.00972106359663052,0.0234873474864999,1.05116788754259E-17));
#511=CARTESIAN_POINT('',(0.00784857591379959,0.0241776057545716,1.05116788754259E-17));
#512=CARTESIAN_POINT('',(0.00689528268496179,0.0244665004873102,1.05116788754259E-17));
#513=CARTESIAN_POINT('',(0.00495468573856176,0.0249320647586714,1.05116788754259E-17));
#514=CARTESIAN_POINT('',(0.0039740603990678,0.0251069992899657,1.05116788754259E-17));
#515=CARTESIAN_POINT('',(0.00199221505150178,0.0253414254351724,1.05116788754259E-17));
#516=CARTESIAN_POINT('',(0.000997830972213225,0.025399978400624,1.05116788754259E-17));
#517=CARTESIAN_POINT('',(-0.000997830972213184,0.025400021599376,1.05116788754259E-17));
#518=CARTESIAN_POINT('',(-0.0019922099780156,0.025341382535376,1.05116788754259E-17));
#519=CARTESIAN_POINT('',(-0.00397406547255389,0.0251070421897622,1.05116788754259E-17));
#520=CARTESIAN_POINT('',(-0.00495467566171751,0.0249320227516445,1.05116788754259E-17));
#521=CARTESIAN_POINT('',(-0.00689529276180596,0.024466542494337,1.05116788754259E-17));
#522=CARTESIAN_POINT('',(-0.00784856097311514,0.0241775652217589,1.05116788754259E-17));
#523=CARTESIAN_POINT('',(-0.0097210785373149,0.0234873880193127,1.05116788754259E-17));
#524=CARTESIAN_POINT('',(-0.0106338100647533,0.0230884528045588,1.05116788754259E-17));
#525=CARTESIAN_POINT('',(-0.0124123095546264,0.0221831317766025,1.05116788754259E-17));
#526=CARTESIAN_POINT('',(-0.0132718707825681,0.0216797604998787,1.05116788754259E-17));
#527=CARTESIAN_POINT('',(-0.0149317350150652,0.020571826689382,1.05116788754259E-17));
#528=CARTESIAN_POINT('',(-0.0157262282870231,0.0199709867874806,1.05116788754259E-17));
#529=CARTESIAN_POINT('',(-0.017244482174675,0.0186757757114775,1.05116788754259E-17));
#530=CARTESIAN_POINT('',(-0.0179628480001817,0.01798585123297,1.05116788754259E-17));
#531=CARTESIAN_POINT('',(-0.0193186015116849,0.0165211556249731,1.05116788754259E-17));
#532=CARTESIAN_POINT('',(-0.0199507467534167,0.0157519569332897,1.05116788754259E-17));
#533=CARTESIAN_POINT('',(-0.0205380778270927,0.0149448104427015,1.05116788754259E-17));
#534=CARTESIAN_POINT('',(1.38777878078145E-17,-5.20417042793042E-18,0.));
#535=CARTESIAN_POINT('',(-0.0205380778270928,0.0149448104427015,0.));
#536=CARTESIAN_POINT('',(0.0205380778270928,0.0149448104427015,5.78241158658936E-19));
#537=CARTESIAN_POINT('',(0.0256726022469883,0.0186810061494192,-0.0127000000000677));
#538=CARTESIAN_POINT('',(0.0239610957746258,0.01743560528882,-0.00846666666674568));
#539=CARTESIAN_POINT('',(0.0222495893022221,0.0161902044281908,-0.004233333333322));
#540=CARTESIAN_POINT('',(0.0205380828298595,0.0149448035675916,-2.17583014992431E-18));
#541=CARTESIAN_POINT('',(-0.0256725972442215,0.0186810130245291,-0.0127000000000677));
#542=CARTESIAN_POINT('',(-0.023961090771859,0.0174356121639299,-0.00846666666674568));
#543=CARTESIAN_POINT('',(-0.0222495842994553,0.0161902113033008,-0.004233333333322));
#544=CARTESIAN_POINT('',(-0.0205380778270927,0.0149448104427015,-2.17583102596495E-18));
#545=CARTESIAN_POINT('',(0.0436003208723157,-0.0167487426034285,0.));
#546=CARTESIAN_POINT('',(0.0668094369385922,-0.0486441375898537,0.));
#547=CARTESIAN_POINT('',(0.113080796050092,-0.112233085622409,9.63735264431559E-19));
#548=CARTESIAN_POINT('',(0.11821531546722,-0.108496883040581,-0.0127000000000677));
#549=CARTESIAN_POINT('',(0.116503808994858,-0.10974228390118,-0.00846666666674567));
#550=CARTESIAN_POINT('',(0.114792302522454,-0.11098768476181,-0.00423333333332199));
#551=CARTESIAN_POINT('',(0.113080796050092,-0.112233085622409,6.55520563288628E-18));
#552=CARTESIAN_POINT('',(0.0987752567670679,-0.124813463849555,-0.0127000000000677));
#553=CARTESIAN_POINT('',(0.0988290168864309,-0.124867223969149,-0.0127000000000677));
#554=CARTESIAN_POINT('',(0.0988827770057938,-0.124920984088743,-0.0127000000000677));
#555=CARTESIAN_POINT('',(0.0989365371251568,-0.124974744208336,-0.0127000000000677));
#556=CARTESIAN_POINT('',(0.0994953098948467,-0.125533516980427,-0.0127000000000677));
#557=CARTESIAN_POINT('',(0.100108101850529,-0.12604139502595,-0.0127000000000677));
#558=CARTESIAN_POINT('',(0.101412981691947,-0.126932018105623,-0.0127000000000677));
#559=CARTESIAN_POINT('',(0.10211008619581,-0.127317831914098,-0.0127000000000677));
#560=CARTESIAN_POINT('',(0.103557530225054,-0.127950947445331,-0.0127000000000677));
#561=CARTESIAN_POINT('',(0.104314102480394,-0.128200753849681,-0.0127000000000677));
#562=CARTESIAN_POINT('',(0.105853867004199,-0.128554384596866,-0.0127000000000677));
#563=CARTESIAN_POINT('',(0.106643647187855,-0.128659513463658,-0.0127000000000677));
#564=CARTESIAN_POINT('',(0.108222286297378,-0.128721384746862,-0.0127000000000677));
#565=CARTESIAN_POINT('',(0.109017860789404,-0.128678187006607,-0.0127000000000677));
#566=CARTESIAN_POINT('',(0.110580579222081,-0.128446151246204,-0.0127000000000677));
#567=CARTESIAN_POINT('',(0.111354333279485,-0.128256126311589,-0.0127000000000677));
#568=CARTESIAN_POINT('',(0.112846888386321,-0.127738237571595,-0.0127000000000677));
#569=CARTESIAN_POINT('',(0.113571964663025,-0.127407981292287,-0.0127000000000677));
#570=CARTESIAN_POINT('',(0.114942549195256,-0.126622215720198,-0.0127000000000677));
#571=CARTESIAN_POINT('',(0.115593779972525,-0.126163191437943,-0.0127000000000677));
#572=CARTESIAN_POINT('',(0.11679482033381,-0.125136823304913,-0.0127000000000677));
#573=CARTESIAN_POINT('',(0.117349601103089,-0.124564963955735,-0.0127000000000677));
#574=CARTESIAN_POINT('',(0.11833940865056,-0.123333618954249,-0.0127000000000677));
#575=CARTESIAN_POINT('',(0.118778482725441,-0.122668774029629,-0.0127000000000677));
#576=CARTESIAN_POINT('',(0.119522700800843,-0.121275192689961,-0.0127000000000677));
#577=CARTESIAN_POINT('',(0.119830827725857,-0.120540439251424,-0.0127000000000677));
#578=CARTESIAN_POINT('',(0.12030362419,-0.11903299339935,-0.0127000000000677));
#579=CARTESIAN_POINT('',(0.120470108742987,-0.118253835064569,-0.0127000000000677));
#580=CARTESIAN_POINT('',(0.120655072621348,-0.116684848812785,-0.0127000000000677));
#581=CARTESIAN_POINT('',(0.120674136049759,-0.115888330512619,-0.0127000000000677));
#582=CARTESIAN_POINT('',(0.120564847164096,-0.114312264069304,-0.0127000000000677));
#583=CARTESIAN_POINT('',(0.120435827767895,-0.113526033306392,-0.0127000000000677));
#584=CARTESIAN_POINT('',(0.120036079583893,-0.111997592635939,-0.0127000000000677));
#585=CARTESIAN_POINT('',(0.119763456074839,-0.111248940688161,-0.0127000000000677));
#586=CARTESIAN_POINT('',(0.119087123246219,-0.109821176923617,-0.0127000000000677));
#587=CARTESIAN_POINT('',(0.118679948625976,-0.109135410505659,-0.0127000000000677));
#588=CARTESIAN_POINT('',(0.11821531546722,-0.108496883040581,-0.0127000000000677));
#589=CARTESIAN_POINT('',(0.118170706950294,-0.108435579272872,-0.0127000000000677));
#590=CARTESIAN_POINT('',(0.118126098433367,-0.108374275505163,-0.0127000000000677));
#591=CARTESIAN_POINT('',(0.11808148991644,-0.108312971737454,-0.0127000000000677));
#592=CARTESIAN_POINT('',(0.103345660735682,-0.120403611767125,3.97027212267666E-16));
#593=CARTESIAN_POINT('',(0.103372662207462,-0.120430613238907,3.97027212267666E-16));
#594=CARTESIAN_POINT('',(0.103399663679242,-0.120457614710689,3.97027212267666E-16));
#595=CARTESIAN_POINT('',(0.103426665151023,-0.120484616182471,3.97027212267666E-16));
#596=CARTESIAN_POINT('',(0.103707313470838,-0.120765264502304,3.97027212267666E-16));
#597=CARTESIAN_POINT('',(0.104012228169825,-0.12101799600424,3.97027212267666E-16));
#598=CARTESIAN_POINT('',(0.104668349860849,-0.121465820558219,3.97027212267666E-16));
#599=CARTESIAN_POINT('',(0.105014545353314,-0.121657373825393,3.97027212267666E-16));
#600=CARTESIAN_POINT('',(0.105742519359114,-0.121975791515136,3.97027212267666E-16));
#601=CARTESIAN_POINT('',(0.106118154552602,-0.122099765004226,3.97027212267666E-16));
#602=CARTESIAN_POINT('',(0.106892560022261,-0.122277619289768,3.97027212267666E-16));
#603=CARTESIAN_POINT('',(0.10728467272823,-0.12232976188653,3.97027212267666E-16));
#604=CARTESIAN_POINT('',(0.108078629704837,-0.122360879366818,3.97027212267666E-16));
#605=CARTESIAN_POINT('',(0.108473609517608,-0.122339381178631,3.97027212267666E-16));
#606=CARTESIAN_POINT('',(0.109259559402863,-0.122222681752154,3.97027212267666E-16));
#607=CARTESIAN_POINT('',(0.109643696398173,-0.122128288990654,3.97027212267666E-16));
#608=CARTESIAN_POINT('',(0.11039435852346,-0.121867823346178,3.97027212267666E-16));
#609=CARTESIAN_POINT('',(0.110754319136063,-0.121703812425918,3.97027212267666E-16));
#610=CARTESIAN_POINT('',(0.111443637686509,-0.121308621441356,3.97027212267666E-16));
#611=CARTESIAN_POINT('',(0.111766927524113,-0.121080685254016,3.97027212267666E-16));
#612=CARTESIAN_POINT('',(0.112370975947528,-0.120564486183467,3.97027212267666E-16));
#613=CARTESIAN_POINT('',(0.112646373476672,-0.120280536495069,3.97027212267666E-16));
#614=CARTESIAN_POINT('',(0.113144184984735,-0.119661246836917,3.97027212267666E-16));
#615=CARTESIAN_POINT('',(0.113362131035193,-0.119331139666921,3.97027212267666E-16));
#616=CARTESIAN_POINT('',(0.113736426369988,-0.118630255239468,3.97027212267666E-16));
#617=CARTESIAN_POINT('',(0.113889355937821,-0.118265448753973,3.97027212267666E-16));
#618=CARTESIAN_POINT('',(0.114127143142463,-0.117507297566128,3.97027212267666E-16));
#619=CARTESIAN_POINT('',(0.11420974797465,-0.117120454359793,3.97027212267666E-16));
#620=CARTESIAN_POINT('',(0.114302773349948,-0.116331352175157,3.97027212267666E-16));
#621=CARTESIAN_POINT('',(0.114312186196171,-0.115935899747018,3.97027212267666E-16));
#622=CARTESIAN_POINT('',(0.114257220790154,-0.115143236651853,3.97027212267666E-16));
#623=CARTESIAN_POINT('',(0.114193114926344,-0.114752901330869,3.97027212267666E-16));
#624=CARTESIAN_POINT('',(0.113992066612606,-0.113984191012323,3.97027212267666E-16));
#625=CARTESIAN_POINT('',(0.113856706753299,-0.113612605047553,3.97027212267666E-16));
#626=CARTESIAN_POINT('',(0.113516474864634,-0.112894362706874,3.97027212267666E-16));
#627=CARTESIAN_POINT('',(0.113314777154392,-0.112554636849071,3.97027212267666E-16));
#628=CARTESIAN_POINT('',(0.113080796050092,-0.112233085622409,3.97027212267666E-16));
#629=CARTESIAN_POINT('',(0.11305833198386,-0.112202214120737,3.97027212267666E-16));
#630=CARTESIAN_POINT('',(0.113035867917628,-0.112171342619065,3.97027212267666E-16));
#631=CARTESIAN_POINT('',(0.113013403851396,-0.112140471117393,3.97027212267666E-16));
#632=CARTESIAN_POINT('',(0.107930547913693,-0.1159807334198,0.));
#633=CARTESIAN_POINT('',(0.103426665151023,-0.12048461618247,-3.85494105772624E-19));
#634=CARTESIAN_POINT('',(0.098936533326551,-0.124974740409729,-0.0127000000000677));
#635=CARTESIAN_POINT('',(0.100433242668494,-0.123478031067786,-0.00846666666674568));
#636=CARTESIAN_POINT('',(0.101929952010473,-0.121981321725807,-0.004233333333322));
#637=CARTESIAN_POINT('',(0.103426661352417,-0.120484612383863,0.));
#638=CARTESIAN_POINT('',(0.0157085768871349,-0.0327665279185817,0.));
#639=CARTESIAN_POINT('',(0.0696738448176499,-0.0867317958490967,0.));
#640=CARTESIAN_POINT('',(0.0359210306823983,-0.0529789767481227,-2.0703551134955E-9));
#641=CARTESIAN_POINT('',(0.0314309044616836,-0.0574691099542485,-0.012699997750601));
#642=CARTESIAN_POINT('',(0.0329276135088657,-0.0559724009070663,-0.00846666525098922));
#643=CARTESIAN_POINT('',(0.0344243225560479,-0.0544756918598842,-0.00423333275137746));
#644=CARTESIAN_POINT('',(0.03592103160323,-0.0529789828127021,-2.51765707749066E-10));
#645=CARTESIAN_POINT('',(1.64519417088364E-9,-0.0888999445757833,-0.0127));
#646=CARTESIAN_POINT('',(-6.93889390390723E-18,-0.0889,0.));
#647=CARTESIAN_POINT('',(-0.0359210300566179,-0.0529789774157297,-1.60039698760529E-9));
#648=CARTESIAN_POINT('',(-0.031430903685857,-0.0574691107285543,-0.0126999999428192));
#649=CARTESIAN_POINT('',(-0.0329276129925897,-0.0559724014218216,-0.00846666670908763));
#650=CARTESIAN_POINT('',(-0.0344243222993224,-0.0544756921150889,-0.00423333347535602));
#651=CARTESIAN_POINT('',(-0.0359210316060551,-0.0529789828083562,-2.41624403662163E-10));
#652=CARTESIAN_POINT('',(-0.0157085830725337,-0.0327665341039804,0.));
#653=CARTESIAN_POINT('',(-0.0696738448176499,-0.0867317958490967,0.));
#654=CARTESIAN_POINT('',(-0.103426665151023,-0.12048461618247,7.70988211545248E-19));
#655=CARTESIAN_POINT('',(-0.0989365371251576,-0.124974744208336,-0.0127000000000677));
#656=CARTESIAN_POINT('',(-0.100433246467101,-0.123478034866392,-0.00846666666674568));
#657=CARTESIAN_POINT('',(-0.10192995580908,-0.121981325524413,-0.004233333333322));
#658=CARTESIAN_POINT('',(-0.103426665151023,-0.12048461618247,0.));
#659=CARTESIAN_POINT('',(-0.118081401709802,-0.108312850518378,-0.0127000000000677));
#660=CARTESIAN_POINT('',(-0.118126039628942,-0.108374194692446,-0.0127000000000677));
#661=CARTESIAN_POINT('',(-0.118170677548081,-0.108435538866514,-0.0127000000000677));
#662=CARTESIAN_POINT('',(-0.11821531546722,-0.108496883040581,-0.0127000000000677));
#663=CARTESIAN_POINT('',(-0.118680266191006,-0.109135846923366,-0.0127000000000677));
#664=CARTESIAN_POINT('',(-0.119086531627253,-0.109820246284248,-0.0127000000000677));
#665=CARTESIAN_POINT('',(-0.119763108582374,-0.11124788926993,-0.0127000000000677));
#666=CARTESIAN_POINT('',(-0.12003567030673,-0.111996566163241,-0.0127000000000677));
#667=CARTESIAN_POINT('',(-0.120435681898388,-0.11352493791789,-0.0127000000000677));
#668=CARTESIAN_POINT('',(-0.120564635397926,-0.114311179491482,-0.0127000000000677));
#669=CARTESIAN_POINT('',(-0.120674195903422,-0.115887227076375,-0.0127000000000677));
#670=CARTESIAN_POINT('',(-0.120655065716649,-0.116683743776129,-0.0127000000000677));
#671=CARTESIAN_POINT('',(-0.120470372242284,-0.118252761881429,-0.0127000000000677));
#672=CARTESIAN_POINT('',(-0.120303822386479,-0.119031906259871,-0.0127000000000677));
#673=CARTESIAN_POINT('',(-0.119831285724557,-0.120539433572191,-0.0127000000000677));
#674=CARTESIAN_POINT('',(-0.11952309721897,-0.12127416118294,-0.0127000000000677));
#675=CARTESIAN_POINT('',(-0.118779119326359,-0.122667870761482,-0.0127000000000677));
#676=CARTESIAN_POINT('',(-0.118339989530505,-0.123332678883758,-0.0127000000000677));
#677=CARTESIAN_POINT('',(-0.117350394209332,-0.124564194451861,-0.0127000000000677));
#678=CARTESIAN_POINT('',(-0.116795565512931,-0.12513600730123,-0.0127000000000677));
#679=CARTESIAN_POINT('',(-0.115594702055175,-0.126162582407968,-0.0127000000000677));
#680=CARTESIAN_POINT('',(-0.11494343280796,-0.126621552107217,-0.0127000000000677));
#681=CARTESIAN_POINT('',(-0.113572983716152,-0.127407553875962,-0.0127000000000677));
#682=CARTESIAN_POINT('',(-0.112847879762191,-0.127737749383489,-0.0127000000000677));
#683=CARTESIAN_POINT('',(-0.111355413931266,-0.128255895344756,-0.0127000000000677));
#684=CARTESIAN_POINT('',(-0.110581643950116,-0.128445855428215,-0.0127000000000677));
#685=CARTESIAN_POINT('',(-0.109018965529819,-0.128678160506232,-0.0127000000000677));
#686=CARTESIAN_POINT('',(-0.10822338742021,-0.128721291567008,-0.0127000000000677));
#687=CARTESIAN_POINT('',(-0.106644737671023,-0.128659692349541,-0.0127000000000677));
#688=CARTESIAN_POINT('',(-0.105854966301404,-0.128554497289446,-0.0127000000000677));
#689=CARTESIAN_POINT('',(-0.10431514085521,-0.128201131912639,-0.0127000000000677));
#690=CARTESIAN_POINT('',(-0.103558589539661,-0.127951262098792,-0.0127000000000677));
#691=CARTESIAN_POINT('',(-0.102111036419754,-0.127318396031391,-0.0127000000000677));
#692=CARTESIAN_POINT('',(-0.101413966177694,-0.126932525076112,-0.0127000000000677));
#693=CARTESIAN_POINT('',(-0.100108929017584,-0.126042124338757,-0.0127000000000677));
#694=CARTESIAN_POINT('',(-0.0994949282483444,-0.125533135334158,-0.0127000000000677));
#695=CARTESIAN_POINT('',(-0.0989365371251568,-0.124974744208336,-0.0127000000000677));
#696=CARTESIAN_POINT('',(-0.0988828229574958,-0.124921030040422,-0.0127000000000677));
#697=CARTESIAN_POINT('',(-0.0988291087898349,-0.124867315872508,-0.0127000000000677));
#698=CARTESIAN_POINT('',(-0.0987753946221739,-0.124813601704593,-0.0127000000000677));
#699=CARTESIAN_POINT('',(-0.113013536740289,-0.112140653741484,4.0279804773731E-16));
#700=CARTESIAN_POINT('',(-0.113035956510223,-0.112171464368459,4.0279804773731E-16));
#701=CARTESIAN_POINT('',(-0.113058376280157,-0.112202274995434,4.0279804773731E-16));
#702=CARTESIAN_POINT('',(-0.113080796050092,-0.112233085622409,4.0279804773731E-16));
#703=CARTESIAN_POINT('',(-0.113314321457614,-0.112554010602527,4.0279804773731E-16));
#704=CARTESIAN_POINT('',(-0.113516492033462,-0.11289455904842,4.0279804773731E-16));
#705=CARTESIAN_POINT('',(-0.113856689584471,-0.113612408706007,4.0279804773731E-16));
#706=CARTESIAN_POINT('',(-0.113992000291486,-0.113984208364047,4.0279804773731E-16));
#707=CARTESIAN_POINT('',(-0.114193181247465,-0.114752883979145,4.0279804773731E-16));
#708=CARTESIAN_POINT('',(-0.114257152401361,-0.115143241400039,4.0279804773731E-16));
#709=CARTESIAN_POINT('',(-0.114312254584965,-0.115935894998832,4.0279804773731E-16));
#710=CARTESIAN_POINT('',(-0.114302705267287,-0.116331344154995,4.0279804773731E-16));
#711=CARTESIAN_POINT('',(-0.114209816057312,-0.117120462379956,4.0279804773731E-16));
#712=CARTESIAN_POINT('',(-0.114127077729098,-0.117507277056044,4.0279804773731E-16));
#713=CARTESIAN_POINT('',(-0.113889421351186,-0.118265469264057,4.0279804773731E-16));
#714=CARTESIAN_POINT('',(-0.113736365896453,-0.118630222951321,4.0279804773731E-16));
#715=CARTESIAN_POINT('',(-0.113362191508729,-0.119331171955068,4.0279804773731E-16));
#716=CARTESIAN_POINT('',(-0.113144131550107,-0.119661203891447,4.0279804773731E-16));
#717=CARTESIAN_POINT('',(-0.1126464269113,-0.120280579440539,4.0279804773731E-16));
#718=CARTESIAN_POINT('',(-0.112370931406533,-0.120564434071356,4.0279804773731E-16));
#719=CARTESIAN_POINT('',(-0.111766972065108,-0.121080737366127,4.0279804773731E-16));
#720=CARTESIAN_POINT('',(-0.111443603585189,-0.121308561971426,4.0279804773731E-16));
#721=CARTESIAN_POINT('',(-0.110754353237383,-0.121703871895849,4.0279804773731E-16));
#722=CARTESIAN_POINT('',(-0.110394336045475,-0.12186775858267,4.0279804773731E-16));
#723=CARTESIAN_POINT('',(-0.109643718876158,-0.122128353754162,4.0279804773731E-16));
#724=CARTESIAN_POINT('',(-0.10925954932845,-0.122222613943023,4.0279804773731E-16));
#725=CARTESIAN_POINT('',(-0.10847361959202,-0.122339448987763,4.0279804773731E-16));
#726=CARTESIAN_POINT('',(-0.108078632383673,-0.122360810865752,4.0279804773731E-16));
#727=CARTESIAN_POINT('',(-0.107284670049394,-0.122329830387596,4.0279804773731E-16));
#728=CARTESIAN_POINT('',(-0.10689257536135,-0.12227755247446,4.0279804773731E-16));
#729=CARTESIAN_POINT('',(-0.106118139213513,-0.122099831819533,4.0279804773731E-16));
#730=CARTESIAN_POINT('',(-0.105742546826068,-0.121975728704795,4.0279804773731E-16));
#731=CARTESIAN_POINT('',(-0.10501451788636,-0.121657436635734,4.0279804773731E-16));
#732=CARTESIAN_POINT('',(-0.104668541134231,-0.121465868090017,4.0279804773731E-16));
#733=CARTESIAN_POINT('',(-0.104012036896443,-0.121017948472442,4.0279804773731E-16));
#734=CARTESIAN_POINT('',(-0.103707861122322,-0.120765812153771,4.0279804773731E-16));
#735=CARTESIAN_POINT('',(-0.103426665151023,-0.120484616182471,4.0279804773731E-16));
#736=CARTESIAN_POINT('',(-0.103399615638735,-0.120457566670183,4.0279804773731E-16));
#737=CARTESIAN_POINT('',(-0.103372566126447,-0.120430517157895,4.0279804773731E-16));
#738=CARTESIAN_POINT('',(-0.10334551661416,-0.120403467645607,4.0279804773731E-16));
#739=CARTESIAN_POINT('',(-0.107930547913693,-0.1159807334198,0.));
#740=CARTESIAN_POINT('',(-0.113080796050092,-0.112233085622409,1.92747052886312E-19));
#741=CARTESIAN_POINT('',(-0.118215312306428,-0.108496878696826,-0.0127000000000677));
#742=CARTESIAN_POINT('',(-0.116503805834065,-0.109742279557425,-0.00846666666674567));
#743=CARTESIAN_POINT('',(-0.114792299361662,-0.110987680418054,-0.00423333333332199));
#744=CARTESIAN_POINT('',(-0.113080792889299,-0.112233081278653,6.55520493062858E-18));
#745=CARTESIAN_POINT('',(-0.0436003251549509,-0.0167487484888892,0.));
#746=CARTESIAN_POINT('',(-0.0668094369385922,-0.0486441375898537,0.));
#747=CARTESIAN_POINT('',(-0.0156623058641374,0.00476310578229382,0.0248900546125747));
#748=CARTESIAN_POINT('',(-0.0157280403624777,0.00458106998291425,0.0250557072671045));
#749=CARTESIAN_POINT('',(-0.0158037352793815,0.00440623579955675,0.0252248289581003));
#750=CARTESIAN_POINT('',(-0.0156299076842865,0.00478150460573644,0.0249436505894372));
#751=CARTESIAN_POINT('',(-0.0156890604847136,0.00461862277275115,0.0250921199567742));
#752=CARTESIAN_POINT('',(-0.0157560787414896,0.00446144895204403,0.0252433738293361));
#753=CARTESIAN_POINT('',(-0.015565535116701,0.00481747999976836,0.0250498365555246));
#754=CARTESIAN_POINT('',(-0.0156116065120263,0.00469238259165978,0.0251640060812081));
#755=CARTESIAN_POINT('',(-0.0156620243820588,0.00457046807028842,0.0252797710445226));
#756=CARTESIAN_POINT('',(-0.0154804703300988,0.00486442972901,0.0251870578703483));
#757=CARTESIAN_POINT('',(-0.0155090696917762,0.00478810036948112,0.0252565826390932));
#758=CARTESIAN_POINT('',(-0.0155392542482431,0.00471293454828136,0.0253267022839355));
#759=CARTESIAN_POINT('',(-0.0154203791945737,0.00489401917047398,0.025289117572103));
#760=CARTESIAN_POINT('',(-0.0154369890790222,0.0048526941904964,0.0253243147757189));
#761=CARTESIAN_POINT('',(-0.0154539798467293,0.00481165028873948,0.0253596589811734));
#762=CARTESIAN_POINT('',(-0.0153546537255341,0.00492748958049812,0.0253967491817453));
#763=CARTESIAN_POINT('',(-0.0153579222708697,0.00492350946395301,0.0253959428688042));
#764=CARTESIAN_POINT('',(-0.0153610485422755,0.00491942574100229,0.0253950820878998));
#765=CARTESIAN_POINT('',(-0.0154065335785398,0.00481685196367866,0.0254721883550663));
#766=CARTESIAN_POINT('',(-0.0154312915142944,0.00480922307256068,0.0254220154380515));
#767=CARTESIAN_POINT('',(-0.0154564238457356,0.00480187069921164,0.0253719873919043));
#768=CARTESIAN_POINT('',(-0.0154541861217712,0.00471399571680213,0.0255425907958137));
#769=CARTESIAN_POINT('',(-0.0154986314601265,0.00470295295313249,0.025446358227151));
#770=CARTESIAN_POINT('',(-0.0155446424080872,0.00469305483829181,0.0253507389950385));
#771=CARTESIAN_POINT('',(-0.0155225928447499,0.0045701100988207,0.0256346204995378));
#772=CARTESIAN_POINT('',(-0.0155945272767208,0.00455237260056362,0.0254763617098319));
#773=CARTESIAN_POINT('',(-0.015670752231176,0.00453775414120288,0.0253198014812524));
#774=CARTESIAN_POINT('',(-0.0156265774081916,0.00434781146593054,0.0257764377719841));
#775=CARTESIAN_POINT('',(-0.0157400040245824,0.00431929690735895,0.0255221910740843));
#776=CARTESIAN_POINT('',(-0.0158646051942817,0.00429881299618796,0.0252724418448376));
#777=CARTESIAN_POINT('',(-0.0157565146427694,0.0040656172555376,0.0259534200820789));
#778=CARTESIAN_POINT('',(-0.0159208621610296,0.00402226444094055,0.0255780121941191));
#779=CARTESIAN_POINT('',(-0.0161097671933667,0.00399633487905758,0.0252126847399915));
#780=CARTESIAN_POINT('',(-0.0159077368046604,0.00372720232899571,0.0261640653438772));
#781=CARTESIAN_POINT('',(-0.0161307631628257,0.00366425535918838,0.0256427555736909));
#782=CARTESIAN_POINT('',(-0.0164022522849368,0.00363478619571558,0.0251418629027995));
#783=CARTESIAN_POINT('',(-0.0161049907749919,0.00327301457334215,0.0264435718581791));
#784=CARTESIAN_POINT('',(-0.0164030291787655,0.00318203333870203,0.0257262513974731));
#785=CARTESIAN_POINT('',(-0.0167917065646099,0.0031523084075203,0.0250482483664151));
#786=CARTESIAN_POINT('',(-0.0164373524746155,0.00247272243788389,0.0269286893677371));
#787=CARTESIAN_POINT('',(-0.0168585608779205,0.00232667225477587,0.0258644890320531));
#788=CARTESIAN_POINT('',(-0.0174709907492316,0.00230758906392181,0.0248868730729583));
#789=CARTESIAN_POINT('',(-0.0168756518077239,0.00131452308757983,0.0276075653247039));
#790=CARTESIAN_POINT('',(-0.0174458896456229,0.0010785264257253,0.0260361691448124));
#791=CARTESIAN_POINT('',(-0.0184309592227,0.00110196577212902,0.0246651881579527));
#792=CARTESIAN_POINT('',(-0.0173416418782823,-9.4203988794914E-5,0.0283951668815361));
#793=CARTESIAN_POINT('',(-0.0180425347482045,-0.000444433390084975,0.0261926291706592));
#794=CARTESIAN_POINT('',(-0.0195596900518084,-0.000345403971740385,0.0244166805246754));
#795=CARTESIAN_POINT('',(-0.0177492369301355,-0.0015277907573559,0.0291537173559892));
#796=CARTESIAN_POINT('',(-0.0185298901840086,-0.00199012471283032,0.0262932207777583));
#797=CARTESIAN_POINT('',(-0.0206612679763148,-0.00180433405747834,0.0241886852115161));
#798=CARTESIAN_POINT('',(-0.0180923842925829,-0.0029707194584392,0.0298730028411404));
#799=CARTESIAN_POINT('',(-0.0188986587303896,-0.00353203842950279,0.0263324490900235));
#800=CARTESIAN_POINT('',(-0.0217150391110183,-0.00326946000542809,0.023986977652172));
#801=CARTESIAN_POINT('',(-0.0183703200412516,-0.0044222203941959,0.0305502114981057));
#802=CARTESIAN_POINT('',(-0.019146979965678,-0.00505801771888104,0.0263093338919054));
#803=CARTESIAN_POINT('',(-0.0227076992807476,-0.00475184186616357,0.0238147856084936));
#804=CARTESIAN_POINT('',(-0.0186529887902098,-0.00637976613836188,0.0313938328471742));
#805=CARTESIAN_POINT('',(-0.0193191473805386,-0.00708520919528188,0.0262000076770525));
#806=CARTESIAN_POINT('',(-0.0239258734267996,-0.00677796972119879,0.0236292035613773));
#807=CARTESIAN_POINT('',(-0.018824250045437,-0.00882763797704549,0.0323270734658207));
#808=CARTESIAN_POINT('',(-0.01921133076147,-0.00950690921064277,0.0259462603574836));
#809=CARTESIAN_POINT('',(-0.0251614178283568,-0.00942894758804452,0.0234934282523173));
#810=CARTESIAN_POINT('',(-0.0187212847867545,-0.0117128800217897,0.0332385324949821));
#811=CARTESIAN_POINT('',(-0.0186418518003971,-0.0121690614035713,0.0256635524557647));
#812=CARTESIAN_POINT('',(-0.0258874355989758,-0.0128619227705009,0.0234607260256825));
#813=CARTESIAN_POINT('',(-0.0183511857327852,-0.0141168008938892,0.0338841995351613));
#814=CARTESIAN_POINT('',(-0.0178354615911743,-0.0142562650384975,0.0255026133646476));
#815=CARTESIAN_POINT('',(-0.0258202899862227,-0.0159374900851091,0.0234561194066709));
#816=CARTESIAN_POINT('',(-0.0178806699123932,-0.0159787716157546,0.0343318278853077));
#817=CARTESIAN_POINT('',(-0.0170258165371303,-0.0157932852972363,0.0254042463908683));
#818=CARTESIAN_POINT('',(-0.0253918860945764,-0.0183797497823363,0.0234337922458778));
#819=CARTESIAN_POINT('',(-0.0172887647641411,-0.0178031104463251,0.0347200019361476));
#820=CARTESIAN_POINT('',(-0.0161558978740401,-0.0170929142463928,0.0252230889953857));
#821=CARTESIAN_POINT('',(-0.024875634453364,-0.0206585467887078,0.0233643866402002));
#822=CARTESIAN_POINT('',(-0.0163179738070418,-0.0199695888600786,0.0350384350998586));
#823=CARTESIAN_POINT('',(-0.0150132700961098,-0.0184038354544279,0.0250561574211843));
#824=CARTESIAN_POINT('',(-0.0237770443966428,-0.0233036903630031,0.0232012708034269));
#825=CARTESIAN_POINT('',(-0.0147860121624177,-0.0222914208666551,0.035089275852469));
#826=CARTESIAN_POINT('',(-0.013817713114705,-0.0194303914123404,0.0249872391499065));
#827=CARTESIAN_POINT('',(-0.0219278686353048,-0.0258392215777405,0.0228469251655275));
#828=CARTESIAN_POINT('',(-0.0128491020199849,-0.0242449922553027,0.0346660729789271));
#829=CARTESIAN_POINT('',(-0.012914585100824,-0.0202550166092951,0.0252035236542168));
#830=CARTESIAN_POINT('',(-0.0195902877268393,-0.0275184693036625,0.0223465534647972));
#831=CARTESIAN_POINT('',(-0.0110243679666465,-0.0254024186429033,0.0339072843832999));
#832=CARTESIAN_POINT('',(-0.0120683543404627,-0.0212027271516054,0.0255461350855389));
#833=CARTESIAN_POINT('',(-0.0173002091582405,-0.0281356466490954,0.0219107231332145));
#834=CARTESIAN_POINT('',(-0.00944294595210539,-0.0260749129378328,0.033104041287629));
#835=CARTESIAN_POINT('',(-0.0109906679628795,-0.0221505850701815,0.0257505195129127));
#836=CARTESIAN_POINT('',(-0.0151789787169657,-0.0282564643156952,0.0216180617276212));
#837=CARTESIAN_POINT('',(-0.0085197705549392,-0.0263591892361127,0.0326014498486354));
#838=CARTESIAN_POINT('',(-0.0102042961719407,-0.0227126377077739,0.0258201270948783));
#839=CARTESIAN_POINT('',(-0.0138529462618733,-0.0281991427147095,0.0214930453118421));
#840=CARTESIAN_POINT('',(-0.00789518188605101,-0.0265137553873961,0.0322581520899109));
#841=CARTESIAN_POINT('',(-0.00961194296775473,-0.0230788313526776,0.0258477738826217));
#842=CARTESIAN_POINT('',(-0.0129254260449884,-0.0281202073320069,0.0214378389369433));
#843=CARTESIAN_POINT('',(-0.00747545024464166,-0.0266080951816968,0.0320274227925003));
#844=CARTESIAN_POINT('',(-0.00917471454355661,-0.0233295091628371,0.0258600274073021));
#845=CARTESIAN_POINT('',(-0.012252289096833,-0.0280571659446682,0.0214033913938228));
#846=CARTESIAN_POINT('',(-0.0067296906588002,-0.0267557367277656,0.0316290968836867));
#847=CARTESIAN_POINT('',(-0.00832888154090046,-0.0237596059347025,0.025850556203369));
#848=CARTESIAN_POINT('',(-0.0109885428391437,-0.0279508292723213,0.0213416877009998));
#849=CARTESIAN_POINT('',(-0.00520095451320068,-0.0269827860450658,0.0308682095784396));
#850=CARTESIAN_POINT('',(-0.00656486679544985,-0.0244887517958433,0.0257560009393309));
#851=CARTESIAN_POINT('',(-0.00845734205461219,-0.027749274845397,0.0212664141352881));
#852=CARTESIAN_POINT('',(-0.00294149852465759,-0.0271473954805212,0.0299855729145194));
#853=CARTESIAN_POINT('',(-0.00375578952140099,-0.0251987438151439,0.0255084457737706));
#854=CARTESIAN_POINT('',(-0.00473718945884121,-0.0275373755498338,0.021241814044605));
#855=CARTESIAN_POINT('',(-5.7610496297602E-5,-0.0271977238895544,0.0295518461437386));
#856=CARTESIAN_POINT('',(-7.51090650586555E-5,-0.0254912193895961,0.0253505216976269));
#857=CARTESIAN_POINT('',(-9.36319790795888E-5,-0.027449041721159,0.0212483440384327));
#858=CARTESIAN_POINT('',(0.00229921997916899,-0.0271613868942444,0.0298751749170495));
#859=CARTESIAN_POINT('',(0.00293247926349192,-0.0252741246015089,0.0254688331612023));
#860=CARTESIAN_POINT('',(0.00370630424561359,-0.0275150116240312,0.021242932635135));
#861=CARTESIAN_POINT('',(0.0041658194149874,-0.0270581574759275,0.0304670108986597));
#862=CARTESIAN_POINT('',(0.00525187670928017,-0.0248201458483753,0.0256420222666625));
#863=CARTESIAN_POINT('',(0.00675045316679825,-0.0276520968112173,0.0212546389785368));
#864=CARTESIAN_POINT('',(0.00551393697962154,-0.0269324759802697,0.0310282742715967));
#865=CARTESIAN_POINT('',(0.00690447541849187,-0.0243386973869339,0.0257716683290966));
#866=CARTESIAN_POINT('',(0.0089729664975758,-0.0277920166391082,0.0212835392597869));
#867=CARTESIAN_POINT('',(0.00661136596929581,-0.0267753176946933,0.0315681097067974));
#868=CARTESIAN_POINT('',(0.00819749716427949,-0.0238189636264776,0.0258455104475504));
#869=CARTESIAN_POINT('',(0.0107992877368097,-0.0279345784095806,0.0213357923767529));
#870=CARTESIAN_POINT('',(0.00735781750065973,-0.0266322827948565,0.0319638136058868));
#871=CARTESIAN_POINT('',(0.00903394513298694,-0.0234028824881713,0.0258594395418425));
#872=CARTESIAN_POINT('',(0.0120422131973457,-0.0280399818645833,0.0213916815746459));
#873=CARTESIAN_POINT('',(0.00777755641418116,-0.0265409562163138,0.0321933261691025));
#874=CARTESIAN_POINT('',(0.00949983858348642,-0.0231459547327437,0.0258525090641594));
#875=CARTESIAN_POINT('',(0.0127508037373697,-0.0281029006216819,0.0214296443689727));
#876=CARTESIAN_POINT('',(0.00840115693051863,-0.0263921422369991,0.0325364220366267));
#877=CARTESIAN_POINT('',(0.0100941729253959,-0.0227848167243689,0.025826381894945));
#878=CARTESIAN_POINT('',(0.0136738655512079,-0.0281884304815831,0.0214782898752446));
#879=CARTESIAN_POINT('',(0.00931706366698945,-0.0261190938943477,0.0330367794466694));
#880=CARTESIAN_POINT('',(0.0108948605694872,-0.0222263405143664,0.0257630846497015));
#881=CARTESIAN_POINT('',(0.0150057526167609,-0.0282547074344839,0.0215985903024892));
#882=CARTESIAN_POINT('',(0.0108900946291409,-0.0254734373532722,0.0338447201904363));
#883=CARTESIAN_POINT('',(0.0119935747919542,-0.021278871581889,0.02556804223828));
#884=CARTESIAN_POINT('',(0.0171272662892293,-0.0281627828992586,0.0218813813975634));
#885=CARTESIAN_POINT('',(0.01276470709328,-0.0243159168644836,0.0346400125993587));
#886=CARTESIAN_POINT('',(0.0128829189394705,-0.0202903733963489,0.0252184877142554));
#887=CARTESIAN_POINT('',(0.0194877812526185,-0.0275706807520286,0.0223244544403552));
#888=CARTESIAN_POINT('',(0.014715017204163,-0.0223791159583563,0.035081932821776));
#889=CARTESIAN_POINT('',(0.0137747786266856,-0.0194651098342597,0.0249889430449281));
#890=CARTESIAN_POINT('',(0.0218430305005785,-0.0259246298929754,0.0228293014666968));
#891=CARTESIAN_POINT('',(0.0162768860807177,-0.0200494667049509,0.0350482097655737));
#892=CARTESIAN_POINT('',(0.0149699395332394,-0.0184461340828114,0.0250514732870986));
#893=CARTESIAN_POINT('',(0.0237259388892202,-0.023401352234629,0.0231929981278959));
#894=CARTESIAN_POINT('',(0.0172624820103436,-0.0178702168728869,0.034730973016709));
#895=CARTESIAN_POINT('',(0.0161231113794499,-0.0171351359935416,0.0252155933705268));
#896=CARTESIAN_POINT('',(0.0248513668290407,-0.0207381309750237,0.0233602993414925));
#897=CARTESIAN_POINT('',(0.0178597054485239,-0.0160500076543079,0.0343480498002145));
#898=CARTESIAN_POINT('',(0.0169925255290494,-0.0158494937063046,0.0253997359319136));
#899=CARTESIAN_POINT('',(0.0253717513088944,-0.0184718801505883,0.0234323687469311));
#900=CARTESIAN_POINT('',(0.0183349070831784,-0.014196538498979,0.033905641097397));
#901=CARTESIAN_POINT('',(0.0178031181686894,-0.0143240638093904,0.0254982471816204));
#902=CARTESIAN_POINT('',(0.0258086996556741,-0.016043974901076,0.0234557409473396));
#903=CARTESIAN_POINT('',(0.018714845479442,-0.0118029642905958,0.033264929375522));
#904=CARTESIAN_POINT('',(0.0186199469873812,-0.0122526667383337,0.0256557013994529));
#905=CARTESIAN_POINT('',(0.025901486022064,-0.0129719978502618,0.023460239072741));
#906=CARTESIAN_POINT('',(0.0188256886035448,-0.00884728965248427,0.0323343703644855));
#907=CARTESIAN_POINT('',(0.0192099495253029,-0.00952656521060282,0.025943437265933));
#908=CARTESIAN_POINT('',(0.0251719730048476,-0.00944982380828733,0.0234926089918478));
#909=CARTESIAN_POINT('',(0.0186229754397485,-0.00593532959803636,0.0312259987715438));
#910=CARTESIAN_POINT('',(0.0193398946392981,-0.00667321506608742,0.0262447917003592));
#911=CARTESIAN_POINT('',(0.0237034497958979,-0.0062969237963855,0.0236529887621069));
#912=CARTESIAN_POINT('',(0.0182142302600524,-0.00348659191134886,0.030130117592726));
#913=CARTESIAN_POINT('',(0.0190324700529689,-0.00409787873203561,0.0263463866702171));
#914=CARTESIAN_POINT('',(0.0220911729726439,-0.00379390950209871,0.0239151559733555));
#915=CARTESIAN_POINT('',(0.0177543457120006,-0.00154694049554049,0.0291635610124985));
#916=CARTESIAN_POINT('',(0.0185358057767757,-0.00201073861139666,0.0262942085176041));
#917=CARTESIAN_POINT('',(0.0206757247057769,-0.00182369685358831,0.0241857814597479));
#918=CARTESIAN_POINT('',(0.0173458649044642,-0.000107711674522063,0.0284026001801996));
#919=CARTESIAN_POINT('',(0.0180478455983839,-0.000459107859187926,0.0261939501995183));
#920=CARTESIAN_POINT('',(0.0195703567473967,-0.000359246056831443,0.0244143803355813));
#921=CARTESIAN_POINT('',(0.016878693234093,0.00130614133738327,0.027612368266852));
#922=CARTESIAN_POINT('',(0.0174499104360793,0.00106946196240292,0.026037293164789));
#923=CARTESIAN_POINT('',(0.018437829183218,0.00109329527656597,0.0246636242423389));
#924=CARTESIAN_POINT('',(0.0164398924881501,0.00246628581572164,0.0269325577483082));
#925=CARTESIAN_POINT('',(0.0168620064773089,0.00231978042768919,0.0258655444750528));
#926=CARTESIAN_POINT('',(0.0174763686228117,0.00230086820730468,0.0248856157322699));
#927=CARTESIAN_POINT('',(0.0161071296008433,0.00326804797605006,0.0264465620831216));
#928=CARTESIAN_POINT('',(0.0164059647881804,0.00317673211429693,0.0257271117079118));
#929=CARTESIAN_POINT('',(0.0167959733014997,0.00314701817293741,0.0250472227721434));
#930=CARTESIAN_POINT('',(0.0159093229432391,0.00372369982394411,0.0261661284206442));
#931=CARTESIAN_POINT('',(0.0161328949314733,0.00366059948866631,0.0256433749467922));
#932=CARTESIAN_POINT('',(0.0164051899562819,0.00363115233294157,0.0251411529852732));
#933=CARTESIAN_POINT('',(0.0157574544952145,0.00406362186453475,0.0259545875109503));
#934=CARTESIAN_POINT('',(0.0159221110424403,0.00402021057253842,0.0255783744855506));
#935=CARTESIAN_POINT('',(0.0161114220850163,0.00399429162501871,0.0252122828645172));
#936=CARTESIAN_POINT('',(0.0156269263718943,0.00434704368878124,0.0257769358489577));
#937=CARTESIAN_POINT('',(0.0157404628761274,0.00431853787003774,0.0255223664166374));
#938=CARTESIAN_POINT('',(0.0158651968579576,0.00429807959040204,0.0252723038958812));
#939=CARTESIAN_POINT('',(0.0155224741201187,0.00457027163215032,0.0256346147555922));
#940=CARTESIAN_POINT('',(0.0155943523244115,0.00455259794646245,0.0254763957452618));
#941=CARTESIAN_POINT('',(0.0156705147769189,0.00453803910173329,0.0253198727917416));
#942=CARTESIAN_POINT('',(0.0154537200732887,0.00471477429555219,0.0255423185474477));
#943=CARTESIAN_POINT('',(0.015497989527277,0.0047038494596571,0.0254463383265969));
#944=CARTESIAN_POINT('',(0.0155438136473518,0.0046940614385872,0.0253509671294989));
#945=CARTESIAN_POINT('',(0.0154058200766639,0.00481801769706254,0.0254718156937593));
#946=CARTESIAN_POINT('',(0.0154303216751966,0.00481055836789861,0.0254220018040154));
#947=CARTESIAN_POINT('',(0.0154551890959083,0.00480336930202283,0.0253723294610539));
#948=CARTESIAN_POINT('',(0.0153534082126677,0.00492924089866349,0.0253966228294957));
#949=CARTESIAN_POINT('',(0.0153562732612458,0.00492562107155395,0.0253961813657514));
#950=CARTESIAN_POINT('',(0.0153589964461783,0.00492189792380173,0.0253956855922261));
#951=CARTESIAN_POINT('',(0.0154196870023918,0.0048945127685251,0.025289970095419));
#952=CARTESIAN_POINT('',(0.0154361289057284,0.0048535488581941,0.0253249279831947));
#953=CARTESIAN_POINT('',(0.0154529453804069,0.00481286139983584,0.0253600304515079));
#954=CARTESIAN_POINT('',(0.0154792996273331,0.00486526049945864,0.0251885474913254));
#955=CARTESIAN_POINT('',(0.0155076176818761,0.00478955250584773,0.0252576500308444));
#956=CARTESIAN_POINT('',(0.0155374970017664,0.00471499052507384,0.0253273386100138));
#957=CARTESIAN_POINT('',(0.0155641329912084,0.00481828946399308,0.0250520402228173));
#958=CARTESIAN_POINT('',(0.0156098900233148,0.00469402076457649,0.0251655144614282));
#959=CARTESIAN_POINT('',(0.0156599366992151,0.00457289356989282,0.0252805638986576));
#960=CARTESIAN_POINT('',(0.0156281943548304,0.00478249983551562,0.0249463945806993));
#961=CARTESIAN_POINT('',(0.0156869640560742,0.00462065057814329,0.0250940021700602));
#962=CARTESIAN_POINT('',(0.0157535024043464,0.00446443962517369,0.0252443615316461));
#963=CARTESIAN_POINT('',(0.0156604551727815,0.00476417416607249,0.0248930656811983));
#964=CARTESIAN_POINT('',(0.0157257774002196,0.00458326816689696,0.025057772309277));
#965=CARTESIAN_POINT('',(0.0158009400801848,0.00440947783539487,0.0252259083835891));
#966=CARTESIAN_POINT('',(-0.0256204919684025,-0.011846150843655,0.0234727052819631));
#967=CARTESIAN_POINT('',(-0.0253545137103867,-0.0101925730892717,0.0234878816266842));
#968=CARTESIAN_POINT('',(-0.0245269978046174,-0.00785606934990003,0.0235470325132692));
#969=CARTESIAN_POINT('',(-0.0228605387669474,-0.0049669207863446,0.0237867948185812));
#970=CARTESIAN_POINT('',(-0.0214759585442235,-0.00291513822674558,0.0240284439112184));
#971=CARTESIAN_POINT('',(-0.0200043283991879,-0.000919919787319168,0.024320525376994));
#972=CARTESIAN_POINT('',(-0.0187405085467226,0.000708283912831622,0.0245958317427295));
#973=CARTESIAN_POINT('',(-0.0177173469187445,0.00199898857851273,0.0248294428381475));
#974=CARTESIAN_POINT('',(-0.0169451172864972,0.00296208313684685,0.0250121221064885));
#975=CARTESIAN_POINT('',(-0.0163000096797814,0.00376301898279616,0.0251636377338996));
#976=CARTESIAN_POINT('',(-0.0158456572911508,0.0043202623643059,0.0252807694042173));
#977=CARTESIAN_POINT('',(-0.015588778989,0.00464217294163919,0.025333331337387));
#978=CARTESIAN_POINT('',(-0.0154547865780729,0.0047961679077888,0.025387114906259));
#979=CARTESIAN_POINT('',(-0.0153933866781047,0.00488040219720024,0.0253856571410987));
#980=CARTESIAN_POINT('',(-0.0256204919684025,-0.011846150843655,0.0234727052819631));
#981=CARTESIAN_POINT('',(-0.0252516471521986,-0.0189511454339423,0.0234154954346914));
#982=CARTESIAN_POINT('',(-0.0253824682576194,-0.0183730412117039,0.0234300236690844));
#983=CARTESIAN_POINT('',(-0.0256215132522017,-0.017185482235408,0.0234456186458305));
#984=CARTESIAN_POINT('',(-0.0258773868878338,-0.0148303431519656,0.023460013416437));
#985=CARTESIAN_POINT('',(-0.0258130848438605,-0.0130434941787276,0.0234617162037932));
#986=CARTESIAN_POINT('',(-0.0256204919684027,-0.0118461508436551,0.023472705281963));
#987=CARTESIAN_POINT('',(-0.0252516471521986,-0.0189511454339422,0.0234154954346914));
#988=CARTESIAN_POINT('',(-0.012656422692164,-0.028094157448424,0.021425030112135));
#989=CARTESIAN_POINT('',(-0.014123394596917,-0.0282375188578116,0.0214929904685375));
#990=CARTESIAN_POINT('',(-0.0163416744860836,-0.0283488258154561,0.0217411408956367));
#991=CARTESIAN_POINT('',(-0.0191826635080509,-0.0276238339666369,0.0222667383261158));
#992=CARTESIAN_POINT('',(-0.0210774052164398,-0.0265131344417084,0.0226648596050914));
#993=CARTESIAN_POINT('',(-0.0226214306084466,-0.0249326963890486,0.022982521320514));
#994=CARTESIAN_POINT('',(-0.0237972070248146,-0.0231136116192057,0.0231985096126854));
#995=CARTESIAN_POINT('',(-0.024706320847119,-0.0210944901566649,0.0233389565895258));
#996=CARTESIAN_POINT('',(-0.025088684595841,-0.0196705577621138,0.0233959821108703));
#997=CARTESIAN_POINT('',(-0.0252516471521986,-0.0189511454339422,0.0234154954346914));
#998=CARTESIAN_POINT('',(-0.012656422692164,-0.028094157448424,0.021425030112135));
#999=CARTESIAN_POINT('',(-0.0104999065932178,-0.027912393208869,0.021329962487659));
#1000=CARTESIAN_POINT('',(-0.0112193730106057,-0.0279696115744308,0.0213538552159374));
#1001=CARTESIAN_POINT('',(-0.0119386745307822,-0.028022799049062,0.0213897966675906));
#1002=CARTESIAN_POINT('',(-0.012656422692164,-0.028094157448424,0.021425030112135));
#1003=CARTESIAN_POINT('',(-0.0104999065932178,-0.027912393208869,0.021329962487659));
#1004=CARTESIAN_POINT('',(0.0104998463121153,-0.0279123435106429,0.0213300144755057));
#1005=CARTESIAN_POINT('',(0.00700739931621318,-0.0276343992037842,0.0212142858725599));
#1006=CARTESIAN_POINT('',(-6.65653511821001E-7,-0.0273193092716547,0.0212782196374125));
#1007=CARTESIAN_POINT('',(-0.00700731312881714,-0.0276346311274494,0.021213977106528));
#1008=CARTESIAN_POINT('',(-0.0104999065932178,-0.027912393208869,0.021329962487659));
#1009=CARTESIAN_POINT('',(0.0104998463121153,-0.0279123435106429,0.0213300144755057));
#1010=CARTESIAN_POINT('',(0.0126564274976115,-0.028094162588536,0.0214250256866633));
#1011=CARTESIAN_POINT('',(0.0119382188403287,-0.0280309551818943,0.0213848067412612));
#1012=CARTESIAN_POINT('',(0.0112193337478722,-0.0279696034882057,0.0213538560043463));
#1013=CARTESIAN_POINT('',(0.0104998463121153,-0.0279123435106429,0.0213300144755057));
#1014=CARTESIAN_POINT('',(0.0126564274976115,-0.028094162588536,0.0214250256866633));
#1015=CARTESIAN_POINT('',(0.0252515138810761,-0.0189509723418209,0.0234155353529344));
#1016=CARTESIAN_POINT('',(0.0249524221426445,-0.0203986400776836,0.0233732739128463));
#1017=CARTESIAN_POINT('',(0.024198636340884,-0.0225034802847917,0.0232719084469378));
#1018=CARTESIAN_POINT('',(0.0225856918427957,-0.0249809637863439,0.0229758186998101));
#1019=CARTESIAN_POINT('',(0.0210292784749986,-0.0265509905671282,0.0226545090766817));
#1020=CARTESIAN_POINT('',(0.0191223826416623,-0.0276484846851119,0.0222547097378816));
#1021=CARTESIAN_POINT('',(0.0162693254696553,-0.0283530095343725,0.0217291172735109));
#1022=CARTESIAN_POINT('',(0.0141278589957815,-0.0282211585221011,0.0215033141193859));
#1023=CARTESIAN_POINT('',(0.0126564274976115,-0.028094162588536,0.0214250256866633));
#1024=CARTESIAN_POINT('',(0.0252515138810761,-0.0189509723418209,0.0234155353529344));
#1025=CARTESIAN_POINT('',(0.0256206504976014,-0.0118464982147343,0.0234726673519662));
#1026=CARTESIAN_POINT('',(0.0258118786656426,-0.0130347593677496,0.0234617247921325));
#1027=CARTESIAN_POINT('',(0.0258753419191254,-0.0148376068498893,0.0234604012352076));
#1028=CARTESIAN_POINT('',(0.0256239994982371,-0.0171980486095831,0.0234448739722692));
#1029=CARTESIAN_POINT('',(0.0253730375107687,-0.0183621299913149,0.0234315743173393));
#1030=CARTESIAN_POINT('',(0.0252515138810761,-0.0189509723418209,0.0234155353529344));
#1031=CARTESIAN_POINT('',(0.0256206504976014,-0.0118464982147343,0.0234726673519662));
#1032=CARTESIAN_POINT('',(0.0153916022583735,0.00488254772067462,0.0253861899922839));
#1033=CARTESIAN_POINT('',(0.015452993599647,0.00479830712134276,0.0253876819816352));
#1034=CARTESIAN_POINT('',(0.0155870512366051,0.00464431295367825,0.0253337302561019));
#1035=CARTESIAN_POINT('',(0.0158439514030555,0.00432234908611762,0.0252812163056296));
#1036=CARTESIAN_POINT('',(0.0162983891747114,0.00376503302662226,0.0251640101859744));
#1037=CARTESIAN_POINT('',(0.0169435992329412,0.00296396926777793,0.025012486253103));
#1038=CARTESIAN_POINT('',(0.0177159392272128,0.00200075419657862,0.024829768483832));
#1039=CARTESIAN_POINT('',(0.0187392514923523,0.000709888017867324,0.0245961114215345));
#1040=CARTESIAN_POINT('',(0.0200032835524444,-0.00091854045991046,0.0243207419028913));
#1041=CARTESIAN_POINT('',(0.0214752108279054,-0.0029140753916588,0.0240285820418889));
#1042=CARTESIAN_POINT('',(0.0228600697870629,-0.00496616897753355,0.0237868679319319));
#1043=CARTESIAN_POINT('',(0.024526914003291,-0.00785574718940026,0.0235470288365871));
#1044=CARTESIAN_POINT('',(0.0253545001183913,-0.010192682463032,0.0234878971503745));
#1045=CARTESIAN_POINT('',(0.0256206504976015,-0.0118464982147343,0.0234726673519662));
#1046=CARTESIAN_POINT('',(-0.113262662261372,-0.112483017357288,0.));
#1047=CARTESIAN_POINT('',(-0.0146447417100862,0.00583336789011085,0.0254));
#1048=CARTESIAN_POINT('',(-0.110959497280443,-0.109317866363349,0.));
#1049=CARTESIAN_POINT('',(-0.0144799541900894,0.00603101780811687,0.0254));
#1050=CARTESIAN_POINT('',(-0.104746249691605,-0.100779239324365,0.));
#1051=CARTESIAN_POINT('',(-0.0143547335022063,0.00617485529074337,0.0254));
#1052=CARTESIAN_POINT('',(-0.0881773071984844,-0.0780091793265461,0.));
#1053=CARTESIAN_POINT('',(-0.0141330086822731,0.0064245230658612,0.0254));
#1054=CARTESIAN_POINT('',(-0.0778216122942012,-0.0637777463677116,0.));
#1055=CARTESIAN_POINT('',(-0.0140364096947497,0.00653029113011961,0.0254));
#1056=CARTESIAN_POINT('',(-0.0570092254931232,-0.0351760841701929,0.));
#1057=CARTESIAN_POINT('',(-0.0138426812824898,0.00673827229342773,0.0254));
#1058=CARTESIAN_POINT('',(-0.0465525335963284,-0.0208058549315087,0.));
#1059=CARTESIAN_POINT('',(-0.0137455422802734,0.00684048792273846,0.0254));
#1060=CARTESIAN_POINT('',(-0.0295796031331607,0.00251939018570936,0.));
#1061=CARTESIAN_POINT('',(-0.0135185326735182,0.00707304654591171,0.0254));
#1062=CARTESIAN_POINT('',(-0.0230633645667878,0.0114744060642431,0.));
#1063=CARTESIAN_POINT('',(-0.0133887244701181,0.00720347123358209,0.0254));
#1064=CARTESIAN_POINT('',(-0.0201422411586561,0.0154887935420081,0.));
#1065=CARTESIAN_POINT('',(-0.0131988148917845,0.00738663218307355,0.0254));
#1066=CARTESIAN_POINT('',(-0.019734465386142,0.0160038075416712,0.));
#1067=CARTESIAN_POINT('',(-0.0131549030327518,0.0074289033971504,0.0254));
#1068=CARTESIAN_POINT('',(-0.0189020047303498,0.0169789633688729,0.));
#1069=CARTESIAN_POINT('',(-0.0130320429437083,0.00754516136439045,0.0254));
#1070=CARTESIAN_POINT('',(-0.018477316550285,0.0174391121170461,0.));
#1071=CARTESIAN_POINT('',(-0.0129530877707308,0.00761914387584488,0.0254));
#1072=CARTESIAN_POINT('',(-0.0176167972933776,0.0183079849097158,0.));
#1073=CARTESIAN_POINT('',(-0.0127608734232769,0.00779494867065332,0.0254));
#1074=CARTESIAN_POINT('',(-0.0171809625760596,0.0187167144829961,0.));
#1075=CARTESIAN_POINT('',(-0.0126476072654694,0.00789676728335624,0.0254));
#1076=CARTESIAN_POINT('',(-0.0163028240536631,0.0194863748284092,0.));
#1077=CARTESIAN_POINT('',(-0.0123871403186948,0.00812380745666563,0.0254));
#1078=CARTESIAN_POINT('',(-0.0158605164934555,0.0198473099262318,0.));
#1079=CARTESIAN_POINT('',(-0.0122399327931946,0.00824902554028403,0.0254));
#1080=CARTESIAN_POINT('',(-0.0145294299356499,0.0208639029122869,0.));
#1081=CARTESIAN_POINT('',(-0.0117477281490218,0.00865244611281203,0.0254));
#1082=CARTESIAN_POINT('',(-0.0136368554005763,0.0214534426390271,0.));
#1083=CARTESIAN_POINT('',(-0.0113520218050562,0.00895852407820812,0.0254));
#1084=CARTESIAN_POINT('',(-0.0118609194549924,0.0224840524809127,0.));
#1085=CARTESIAN_POINT('',(-0.010428386632207,0.00960205506399581,0.0254));
#1086=CARTESIAN_POINT('',(-0.0109774519103707,0.022925180505322,0.));
#1087=CARTESIAN_POINT('',(-0.00990031107106188,0.00993937229176027,0.0254));
#1088=CARTESIAN_POINT('',(-0.00922857667964525,0.0236833638682094,0.));
#1089=CARTESIAN_POINT('',(-0.00872035014854112,0.0106003776432915,0.0254));
#1090=CARTESIAN_POINT('',(-0.00836307979141766,0.0240004465001846,0.));
#1091=CARTESIAN_POINT('',(-0.00806839166584141,0.0109239086664172,0.0254));
#1092=CARTESIAN_POINT('',(-0.00665143840101065,0.0245300000612189,0.));
#1093=CARTESIAN_POINT('',(-0.00665834472142396,0.0115148624472686,0.0254));
#1094=CARTESIAN_POINT('',(-0.00580522103175751,0.0247424811315078,0.));
#1095=CARTESIAN_POINT('',(-0.00590026764419807,0.0117821257501692,0.0254));
#1096=CARTESIAN_POINT('',(-0.00454753189567702,0.0249932529815637,0.));
#1097=CARTESIAN_POINT('',(-0.00470448115768984,0.0121146017465913,0.0254));
#1098=CARTESIAN_POINT('',(-0.00413020826916507,0.0250654753684207,0.));
#1099=CARTESIAN_POINT('',(-0.00429618535349109,0.012214096936961,0.0254));
#1100=CARTESIAN_POINT('',(-0.00329858918163322,0.0251884097394495,0.));
#1101=CARTESIAN_POINT('',(-0.0034645157534602,0.0123871298301117,0.0254));
#1102=CARTESIAN_POINT('',(-0.00288429199707406,0.0252391217336053,0.));
#1103=CARTESIAN_POINT('',(-0.00304114585169898,0.0124606641715274,0.0254));
#1104=CARTESIAN_POINT('',(-0.00205779460179945,0.0253199108921208,0.));
#1105=CARTESIAN_POINT('',(-0.00218409392982689,0.0125793261467752,0.0254));
#1106=CARTESIAN_POINT('',(-0.00164559277337011,0.0253499880463329,0.));
#1107=CARTESIAN_POINT('',(-0.00175041658570211,0.0126244514165316,0.0254));
#1108=CARTESIAN_POINT('',(-0.000822261410404706,0.0253900326052951,0.));
#1109=CARTESIAN_POINT('',(-0.000877823605606517,0.012684788953368,0.0254));
#1110=CARTESIAN_POINT('',(-0.000411130322109829,0.0254,0.));
#1111=CARTESIAN_POINT('',(-0.00043891313627393,0.0127000000000001,0.0254));
#1112=CARTESIAN_POINT('',(0.00041113032210986,0.0254,0.));
#1113=CARTESIAN_POINT('',(0.000438913136274097,0.0127000000000001,0.0254));
#1114=CARTESIAN_POINT('',(0.000822261410404726,0.0253900326052951,0.));
#1115=CARTESIAN_POINT('',(0.000877823605606666,0.012684788953368,0.0254));
#1116=CARTESIAN_POINT('',(0.00164559277337013,0.0253499880463329,0.));
#1117=CARTESIAN_POINT('',(0.00175041658570226,0.0126244514165317,0.0254));
#1118=CARTESIAN_POINT('',(0.00205779460179946,0.0253199108921208,0.));
#1119=CARTESIAN_POINT('',(0.00218409392982702,0.0125793261467752,0.0254));
#1120=CARTESIAN_POINT('',(0.00288429199707407,0.0252391217336053,0.));
#1121=CARTESIAN_POINT('',(0.00304114585169911,0.0124606641715275,0.0254));
#1122=CARTESIAN_POINT('',(0.00329858918163324,0.0251884097394495,0.));
#1123=CARTESIAN_POINT('',(0.00346451575346034,0.0123871298301118,0.0254));
#1124=CARTESIAN_POINT('',(0.00413020826916507,0.0250654753684207,0.));
#1125=CARTESIAN_POINT('',(0.00429618535349124,0.0122140969369611,0.0254));
#1126=CARTESIAN_POINT('',(0.004547531895677,0.0249932529815637,0.));
#1127=CARTESIAN_POINT('',(0.00470448115768996,0.0121146017465914,0.0254));
#1128=CARTESIAN_POINT('',(0.00580522103175749,0.0247424811315078,0.));
#1129=CARTESIAN_POINT('',(0.0059002676441982,0.0117821257501693,0.0254));
#1130=CARTESIAN_POINT('',(0.00665143840101063,0.0245300000612189,0.));
#1131=CARTESIAN_POINT('',(0.00665834472142412,0.0115148624472688,0.0254));
#1132=CARTESIAN_POINT('',(0.00836307979141764,0.0240004465001846,0.));
#1133=CARTESIAN_POINT('',(0.00806839166584159,0.0109239086664174,0.0254));
#1134=CARTESIAN_POINT('',(0.00922857667964528,0.0236833638682094,0.));
#1135=CARTESIAN_POINT('',(0.00872035014854133,0.0106003776432917,0.0254));
#1136=CARTESIAN_POINT('',(0.0109774519103708,0.022925180505322,0.));
#1137=CARTESIAN_POINT('',(0.0099003110710621,0.00993937229176052,0.0254));
#1138=CARTESIAN_POINT('',(0.0118609194549924,0.0224840524809127,0.));
#1139=CARTESIAN_POINT('',(0.0104283866322072,0.00960205506399607,0.0254));
#1140=CARTESIAN_POINT('',(0.0136368554005763,0.0214534426390271,0.));
#1141=CARTESIAN_POINT('',(0.0113520218050564,0.0089585240782084,0.0254));
#1142=CARTESIAN_POINT('',(0.0145294299356499,0.0208639029122869,0.));
#1143=CARTESIAN_POINT('',(0.0117477281490221,0.00865244611281234,0.0254));
#1144=CARTESIAN_POINT('',(0.0158605164934554,0.0198473099262319,0.));
#1145=CARTESIAN_POINT('',(0.0122399327931949,0.00824902554028434,0.0254));
#1146=CARTESIAN_POINT('',(0.0163028240536631,0.0194863748284092,0.));
#1147=CARTESIAN_POINT('',(0.0123871403186951,0.00812380745666594,0.0254));
#1148=CARTESIAN_POINT('',(0.0171809625760596,0.0187167144829961,0.));
#1149=CARTESIAN_POINT('',(0.0126476072654697,0.00789676728335656,0.0254));
#1150=CARTESIAN_POINT('',(0.0176167972933776,0.0183079849097158,0.));
#1151=CARTESIAN_POINT('',(0.0127608734232771,0.00779494867065364,0.0254));
#1152=CARTESIAN_POINT('',(0.018477316550285,0.0174391121170461,0.));
#1153=CARTESIAN_POINT('',(0.0129530877707311,0.0076191438758452,0.0254));
#1154=CARTESIAN_POINT('',(0.0189020047303498,0.0169789633688729,0.));
#1155=CARTESIAN_POINT('',(0.0130320429437086,0.00754516136439077,0.0254));
#1156=CARTESIAN_POINT('',(0.019734465386142,0.0160038075416713,0.));
#1157=CARTESIAN_POINT('',(0.0131549030327521,0.00742890339715073,0.0254));
#1158=CARTESIAN_POINT('',(0.0201422411586561,0.0154887935420081,0.));
#1159=CARTESIAN_POINT('',(0.0131988148917848,0.00738663218307386,0.0254));
#1160=CARTESIAN_POINT('',(0.0230633645667878,0.0114744060642431,0.));
#1161=CARTESIAN_POINT('',(0.0133887244701184,0.00720347123358241,0.0254));
#1162=CARTESIAN_POINT('',(0.0295796031331607,0.00251939018570936,0.));
#1163=CARTESIAN_POINT('',(0.0135185326735185,0.00707304654591204,0.0254));
#1164=CARTESIAN_POINT('',(0.0465525335963284,-0.0208058549315087,0.));
#1165=CARTESIAN_POINT('',(0.0137455422802737,0.00684048792273879,0.0254));
#1166=CARTESIAN_POINT('',(0.0570092254931232,-0.0351760841701928,0.));
#1167=CARTESIAN_POINT('',(0.0138426812824901,0.00673827229342805,0.0254));
#1168=CARTESIAN_POINT('',(0.0778216122942012,-0.0637777463677116,0.));
#1169=CARTESIAN_POINT('',(0.01403640969475,0.00653029113011994,0.0254));
#1170=CARTESIAN_POINT('',(0.0881773071984844,-0.0780091793265461,0.));
#1171=CARTESIAN_POINT('',(0.0141330086822734,0.00642452306586153,0.0254));
#1172=CARTESIAN_POINT('',(0.104746249691605,-0.100779239324365,0.));
#1173=CARTESIAN_POINT('',(0.0143547335022066,0.0061748552907437,0.0254));
#1174=CARTESIAN_POINT('',(0.110959497280443,-0.109317866363349,0.));
#1175=CARTESIAN_POINT('',(0.0144799541900898,0.0060310178081172,0.0254));
#1176=CARTESIAN_POINT('',(0.113262662261372,-0.112483017357288,0.));
#1177=CARTESIAN_POINT('',(0.0146447417100865,0.00583336789011118,0.0254));
#1178=CARTESIAN_POINT('',(0.113421699480523,-0.112739815214288,0.));
#1179=CARTESIAN_POINT('',(0.01466492602138,0.00580912105889909,0.0254));
#1180=CARTESIAN_POINT('',(0.113696815933206,-0.113259254139728,0.));
#1181=CARTESIAN_POINT('',(0.0147186415919812,0.00574404274113129,0.0254));
#1182=CARTESIAN_POINT('',(0.11381290914313,-0.113521897625182,0.));
#1183=CARTESIAN_POINT('',(0.0147521719793643,0.00570321025249253,0.0254));
#1184=CARTESIAN_POINT('',(0.114005685651483,-0.114046631931934,0.));
#1185=CARTESIAN_POINT('',(0.0148314358477998,0.00560554123375988,0.0254));
#1186=CARTESIAN_POINT('',(0.11408238001146,-0.114308727124961,0.));
#1187=CARTESIAN_POINT('',(0.0148771685374514,0.00554870370653642,0.0254));
#1188=CARTESIAN_POINT('',(0.114200345914268,-0.114827357400856,0.));
#1189=CARTESIAN_POINT('',(0.0149795733426337,0.0054195231874674,0.0254));
#1190=CARTESIAN_POINT('',(0.114241625839783,-0.115083897914097,0.));
#1191=CARTESIAN_POINT('',(0.0150362447210043,0.00534717922897932,0.0254));
#1192=CARTESIAN_POINT('',(0.114292898387045,-0.115587649500389,0.));
#1193=CARTESIAN_POINT('',(0.01515916625195,0.00518743194001733,0.0254));
#1194=CARTESIAN_POINT('',(0.114302897058357,-0.115834866402265,0.));
#1195=CARTESIAN_POINT('',(0.0152254157000271,0.00510002769504483,0.0254));
#1196=CARTESIAN_POINT('',(0.114295675964043,-0.11631726827825,0.));
#1197=CARTESIAN_POINT('',(0.0153660572796693,0.00491058174047188,0.0254));
#1198=CARTESIAN_POINT('',(0.114278460301791,-0.116552459021066,0.));
#1199=CARTESIAN_POINT('',(0.0154404487227875,0.0048085391869756,0.0254));
#1200=CARTESIAN_POINT('',(0.114191762842037,-0.117237266500227,0.));
#1201=CARTESIAN_POINT('',(0.0156736010334014,0.00448109158113331,0.0254));
#1202=CARTESIAN_POINT('',(0.114087424317345,-0.117665851014749,0.));
#1203=CARTESIAN_POINT('',(0.0158423445942774,0.00423434049634243,0.0254));
#1204=CARTESIAN_POINT('',(0.113812449807691,-0.118460648432061,0.));
#1205=CARTESIAN_POINT('',(0.0161941996607403,0.00368773098535841,0.0254));
#1206=CARTESIAN_POINT('',(0.113641828429742,-0.118826998352118,0.));
#1207=CARTESIAN_POINT('',(0.0163772890793737,0.003387855052088,0.0254));
#1208=CARTESIAN_POINT('',(0.113254846879123,-0.119498088921405,0.));
#1209=CARTESIAN_POINT('',(0.0167456566423393,0.00273979659957948,0.0254));
#1210=CARTESIAN_POINT('',(0.113038465589552,-0.119802928301395,0.));
#1211=CARTESIAN_POINT('',(0.0169309127783303,0.0023916042627907,0.0254));
#1212=CARTESIAN_POINT('',(0.112574346004265,-0.120355106059418,0.));
#1213=CARTESIAN_POINT('',(0.0172922119438199,0.00165317803654786,0.0254));
#1214=CARTESIAN_POINT('',(0.112326571308226,-0.120602511109385,0.));
#1215=CARTESIAN_POINT('',(0.0174682341469316,0.001262942303058,0.0254));
#1216=CARTESIAN_POINT('',(0.11180880255718,-0.121044821848876,0.));
#1217=CARTESIAN_POINT('',(0.0178010884819051,0.000448333882732137,0.0254));
#1218=CARTESIAN_POINT('',(0.111538767712213,-0.121239770818087,0.));
#1219=CARTESIAN_POINT('',(0.0179579025791937,2.39668125898359E-5,0.0254));
#1220=CARTESIAN_POINT('',(0.110981565493546,-0.121581449106071,0.));
#1221=CARTESIAN_POINT('',(0.0182443780988861,-0.000849419507297647,0.0254));
#1222=CARTESIAN_POINT('',(0.110694357283678,-0.121728206123566,0.));
#1223=CARTESIAN_POINT('',(0.0183740260066319,-0.00129842699169007,0.0254));
#1224=CARTESIAN_POINT('',(0.110105081098071,-0.121976022415686,0.));
#1225=CARTESIAN_POINT('',(0.0186007008130799,-0.00221029580610421,0.0254));
#1226=CARTESIAN_POINT('',(0.109802972473619,-0.122077099371501,0.));
#1227=CARTESIAN_POINT('',(0.0186977201942932,-0.00267314122927856,0.0254));
#1228=CARTESIAN_POINT('',(0.109184574542347,-0.12223365823658,0.));
#1229=CARTESIAN_POINT('',(0.0188564847315108,-0.00360099755289067,0.0254));
#1230=CARTESIAN_POINT('',(0.108868242632771,-0.122289150585843,0.));
#1231=CARTESIAN_POINT('',(0.0189182293040947,-0.00406599088995925,0.0254));
#1232=CARTESIAN_POINT('',(0.108221722412541,-0.122351809933093,0.));
#1233=CARTESIAN_POINT('',(0.0190067306753105,-0.00498607674216236,0.0254));
#1234=CARTESIAN_POINT('',(0.107891486285502,-0.122358979794098,0.));
#1235=CARTESIAN_POINT('',(0.0190334940616224,-0.00544115269614794,0.0254));
#1236=CARTESIAN_POINT('',(0.107218470189052,-0.122319226768862,0.));
#1237=CARTESIAN_POINT('',(0.0190551693411553,-0.00632948182675606,0.0254));
#1238=CARTESIAN_POINT('',(0.106875633985132,-0.122272295295871,0.));
#1239=CARTESIAN_POINT('',(0.0190500945291265,-0.00676272193545873,0.0254));
#1240=CARTESIAN_POINT('',(0.106181267622485,-0.122115602016591,0.));
#1241=CARTESIAN_POINT('',(0.0190137788552321,-0.00759605562034534,0.0254));
#1242=CARTESIAN_POINT('',(0.105829671237614,-0.122005812207075,0.));
#1243=CARTESIAN_POINT('',(0.0189825569859937,-0.00799614162305903,0.0254));
#1244=CARTESIAN_POINT('',(0.105126005328147,-0.121712207757771,0.));
#1245=CARTESIAN_POINT('',(0.0189016931550852,-0.00875275838166732,0.0254));
#1246=CARTESIAN_POINT('',(0.104773862171464,-0.121528333251587,0.));
#1247=CARTESIAN_POINT('',(0.0188520746113492,-0.00910928831472925,0.0254));
#1248=CARTESIAN_POINT('',(0.10408380861376,-0.12107417287926,0.));
#1249=CARTESIAN_POINT('',(0.0187435826986599,-0.00976942930533401,0.0254));
#1250=CARTESIAN_POINT('',(0.103745827917188,-0.120803778948635,0.));
#1251=CARTESIAN_POINT('',(0.018684735989826,-0.01007304663659,0.0254));
#1252=CARTESIAN_POINT('',(0.102896833665456,-0.119954784696903,0.));
#1253=CARTESIAN_POINT('',(0.0185289635783774,-0.0107991329939678,0.0254));
#1254=CARTESIAN_POINT('',(0.102253387339468,-0.119311338370914,0.));
#1255=CARTESIAN_POINT('',(0.0184181880350293,-0.0112350561384239,0.0254));
#1256=CARTESIAN_POINT('',(0.100761326758641,-0.117819277790088,0.));
#1257=CARTESIAN_POINT('',(0.0181748399860286,-0.0120743877796236,0.0254));
#1258=CARTESIAN_POINT('',(0.0999127125038034,-0.11697066353525,0.));
#1259=CARTESIAN_POINT('',(0.0180422644875895,-0.0124778032260134,0.0254));
#1260=CARTESIAN_POINT('',(0.0980323778172729,-0.11509032884872,0.));
#1261=CARTESIAN_POINT('',(0.0177595528878921,-0.0132544595327247,0.0254));
#1262=CARTESIAN_POINT('',(0.0970006573855803,-0.114058608417027,0.));
#1263=CARTESIAN_POINT('',(0.0176094135093523,-0.0136277058596147,0.0254));
#1264=CARTESIAN_POINT('',(0.0947761720973344,-0.111834123128781,0.));
#1265=CARTESIAN_POINT('',(0.0172948184587873,-0.0143466056048811,0.0254));
#1266=CARTESIAN_POINT('',(0.0935834072407812,-0.110641358272228,0.));
#1267=CARTESIAN_POINT('',(0.0171303594837912,-0.0146922632837956,0.0254));
#1268=CARTESIAN_POINT('',(0.0897966386618223,-0.106854589693269,0.));
#1269=CARTESIAN_POINT('',(0.0166190359451672,-0.0156918646539902,0.0254));
#1270=CARTESIAN_POINT('',(0.0869941609301172,-0.104052111961564,0.));
#1271=CARTESIAN_POINT('',(0.0162545669800307,-0.0163084985230659,0.0254));
#1272=CARTESIAN_POINT('',(0.0810097687911967,-0.0980677198226436,0.));
#1273=CARTESIAN_POINT('',(0.0154881118606084,-0.0174631017963254,0.0254));
#1274=CARTESIAN_POINT('',(0.0778278543839811,-0.0948858054154279,0.));
#1275=CARTESIAN_POINT('',(0.0150860416058856,-0.018001139486247,0.0254));
#1276=CARTESIAN_POINT('',(0.0712610829099946,-0.0883190339414414,0.));
#1277=CARTESIAN_POINT('',(0.01424391355419,-0.0190168318581742,0.0254));
#1278=CARTESIAN_POINT('',(0.0678762258432237,-0.0849341768746705,0.));
#1279=CARTESIAN_POINT('',(0.0138037895809158,-0.0194945391364181,0.0254));
#1280=CARTESIAN_POINT('',(0.0610800630660803,-0.0781380140975271,0.));
#1281=CARTESIAN_POINT('',(0.0128774099326349,-0.0204033209359888,0.0254));
#1282=CARTESIAN_POINT('',(0.057668757355708,-0.0747267083871548,0.));
#1283=CARTESIAN_POINT('',(0.0123910999874803,-0.0208344490913119,0.0254));
#1284=CARTESIAN_POINT('',(0.0509961913073167,-0.0680541423387635,0.));
#1285=CARTESIAN_POINT('',(0.0113583079410256,-0.0216577583301859,0.0254));
#1286=CARTESIAN_POINT('',(0.0477349309692976,-0.0647928820007445,0.));
#1287=CARTESIAN_POINT('',(0.0108117719784412,-0.0220500052363921,0.0254));
#1288=CARTESIAN_POINT('',(0.0415389496815676,-0.0585969007130144,0.));
#1289=CARTESIAN_POINT('',(0.0096401628896685,-0.022795419945906,0.0254));
#1290=CARTESIAN_POINT('',(0.0386042287318564,-0.0556621797633033,0.));
#1291=CARTESIAN_POINT('',(0.00901501930596947,-0.0231486713185994,0.0254));
#1292=CARTESIAN_POINT('',(0.0346887642239759,-0.0517467152554227,0.));
#1293=CARTESIAN_POINT('',(0.00803022891170285,-0.0236282162551323,0.0254));
#1294=CARTESIAN_POINT('',(0.03340378582708,-0.0505885593671879,0.));
#1295=CARTESIAN_POINT('',(0.00771367241861509,-0.0237719472818055,0.0254));
#1296=CARTESIAN_POINT('',(0.0307447498391415,-0.0484235902250271,0.));
#1297=CARTESIAN_POINT('',(0.0070685345223512,-0.0240435244928206,0.0254));
#1298=CARTESIAN_POINT('',(0.029370689869492,-0.0474167657857458,0.));
#1299=CARTESIAN_POINT('',(0.00673995359981233,-0.0241713699817822,0.0254));
#1300=CARTESIAN_POINT('',(0.0265486743073074,-0.0455564418072412,0.));
#1301=CARTESIAN_POINT('',(0.00607215744613265,-0.0244098202234841,0.0254));
#1302=CARTESIAN_POINT('',(0.0251007149122307,-0.0447029327929399,0.));
#1303=CARTESIAN_POINT('',(0.00573294280164396,-0.0245204243432948,0.0254));
#1304=CARTESIAN_POINT('',(0.0221450059015093,-0.0431504059861446,0.));
#1305=CARTESIAN_POINT('',(0.0050454146104044,-0.0247232072701376,0.0254));
#1306=CARTESIAN_POINT('',(0.0206372513969386,-0.042451380404826,0.));
#1307=CARTESIAN_POINT('',(0.00469710174545452,-0.0248153855226063,0.0254));
#1308=CARTESIAN_POINT('',(0.0160440408606394,-0.0405869543194319,0.));
#1309=CARTESIAN_POINT('',(0.00364100650593738,-0.025062789232131,0.0254));
#1310=CARTESIAN_POINT('',(0.0128889238790782,-0.0396542800104785,0.));
#1311=CARTESIAN_POINT('',(0.00292202975861321,-0.0251887738394747,0.0254));
#1312=CARTESIAN_POINT('',(0.00648930915758734,-0.0384108510400077,0.));
#1313=CARTESIAN_POINT('',(0.00146868821075142,-0.0253573831082738,0.0254));
#1314=CARTESIAN_POINT('',(0.00324459916508303,-0.0381,0.));
#1315=CARTESIAN_POINT('',(0.000734351425558445,-0.0254000000000007,0.0254));
#1316=CARTESIAN_POINT('',(-0.00324459916508319,-0.0381,0.));
#1317=CARTESIAN_POINT('',(-0.000734351425557391,-0.0254000000000007,0.0254));
#1318=CARTESIAN_POINT('',(-0.0064893091575869,-0.0384108510400077,0.));
#1319=CARTESIAN_POINT('',(-0.00146868821075027,-0.0253573831082739,0.0254));
#1320=CARTESIAN_POINT('',(-0.0128889238790778,-0.0396542800104784,0.));
#1321=CARTESIAN_POINT('',(-0.00292202975861206,-0.0251887738394748,0.0254));
#1322=CARTESIAN_POINT('',(-0.0160440408606395,-0.040586954319432,0.));
#1323=CARTESIAN_POINT('',(-0.00364100650593634,-0.0250627892321311,0.0254));
#1324=CARTESIAN_POINT('',(-0.0206372513969387,-0.042451380404826,0.));
#1325=CARTESIAN_POINT('',(-0.0046971017454535,-0.0248153855226065,0.0254));
#1326=CARTESIAN_POINT('',(-0.0221450059015091,-0.0431504059861446,0.));
#1327=CARTESIAN_POINT('',(-0.0050454146104033,-0.0247232072701378,0.0254));
#1328=CARTESIAN_POINT('',(-0.0251007149122305,-0.0447029327929398,0.));
#1329=CARTESIAN_POINT('',(-0.00573294280164286,-0.024520424343295,0.0254));
#1330=CARTESIAN_POINT('',(-0.0265486743073069,-0.0455564418072409,0.));
#1331=CARTESIAN_POINT('',(-0.00607215744613152,-0.0244098202234843,0.0254));
#1332=CARTESIAN_POINT('',(-0.0293706898694916,-0.0474167657857455,0.));
#1333=CARTESIAN_POINT('',(-0.00673995359981121,-0.0241713699817824,0.0254));
#1334=CARTESIAN_POINT('',(-0.0307447498391413,-0.048423590225027,0.));
#1335=CARTESIAN_POINT('',(-0.00706853452235013,-0.0240435244928209,0.0254));
#1336=CARTESIAN_POINT('',(-0.0334037858270798,-0.0505885593671877,0.));
#1337=CARTESIAN_POINT('',(-0.00771367241861403,-0.0237719472818058,0.0254));
#1338=CARTESIAN_POINT('',(-0.0346887642239759,-0.0517467152554227,0.));
#1339=CARTESIAN_POINT('',(-0.00803022891170183,-0.0236282162551325,0.0254));
#1340=CARTESIAN_POINT('',(-0.0386042287318564,-0.0556621797633033,0.));
#1341=CARTESIAN_POINT('',(-0.00901501930596846,-0.0231486713185995,0.0254));
#1342=CARTESIAN_POINT('',(-0.0415389496815674,-0.0585969007130143,0.));
#1343=CARTESIAN_POINT('',(-0.00964016288966746,-0.0227954199459062,0.0254));
#1344=CARTESIAN_POINT('',(-0.0477349309692975,-0.0647928820007443,0.));
#1345=CARTESIAN_POINT('',(-0.0108117719784402,-0.0220500052363924,0.0254));
#1346=CARTESIAN_POINT('',(-0.0509961913073164,-0.0680541423387633,0.));
#1347=CARTESIAN_POINT('',(-0.0113583079410246,-0.0216577583301861,0.0254));
#1348=CARTESIAN_POINT('',(-0.0576687573557078,-0.0747267083871546,0.));
#1349=CARTESIAN_POINT('',(-0.0123910999874793,-0.0208344490913122,0.0254));
#1350=CARTESIAN_POINT('',(-0.0610800630660802,-0.078138014097527,0.));
#1351=CARTESIAN_POINT('',(-0.0128774099326339,-0.0204033209359892,0.0254));
#1352=CARTESIAN_POINT('',(-0.0678762258432236,-0.0849341768746705,0.));
#1353=CARTESIAN_POINT('',(-0.0138037895809148,-0.0194945391364185,0.0254));
#1354=CARTESIAN_POINT('',(-0.0712610829099946,-0.0883190339414414,0.));
#1355=CARTESIAN_POINT('',(-0.014243913554189,-0.0190168318581745,0.0254));
#1356=CARTESIAN_POINT('',(-0.0778278543839811,-0.0948858054154279,0.));
#1357=CARTESIAN_POINT('',(-0.0150860416058847,-0.0180011394862474,0.0254));
#1358=CARTESIAN_POINT('',(-0.0810097687911967,-0.0980677198226435,0.));
#1359=CARTESIAN_POINT('',(-0.0154881118606076,-0.0174631017963258,0.0254));
#1360=CARTESIAN_POINT('',(-0.0869941609301171,-0.104052111961564,0.));
#1361=CARTESIAN_POINT('',(-0.0162545669800299,-0.0163084985230662,0.0254));
#1362=CARTESIAN_POINT('',(-0.0897966386618221,-0.106854589693269,0.));
#1363=CARTESIAN_POINT('',(-0.0166190359451663,-0.0156918646539906,0.0254));
#1364=CARTESIAN_POINT('',(-0.093583407240781,-0.110641358272228,0.));
#1365=CARTESIAN_POINT('',(-0.0171303594837904,-0.0146922632837961,0.0254));
#1366=CARTESIAN_POINT('',(-0.0947761720973343,-0.111834123128781,0.));
#1367=CARTESIAN_POINT('',(-0.0172948184587865,-0.0143466056048816,0.0254));
#1368=CARTESIAN_POINT('',(-0.0970006573855802,-0.114058608417027,0.));
#1369=CARTESIAN_POINT('',(-0.0176094135093515,-0.0136277058596151,0.0254));
#1370=CARTESIAN_POINT('',(-0.0980323778172729,-0.11509032884872,0.));
#1371=CARTESIAN_POINT('',(-0.0177595528878914,-0.0132544595327252,0.0254));
#1372=CARTESIAN_POINT('',(-0.0999127125038034,-0.11697066353525,0.));
#1373=CARTESIAN_POINT('',(-0.0180422644875886,-0.0124778032260138,0.0254));
#1374=CARTESIAN_POINT('',(-0.100761326758641,-0.117819277790088,0.));
#1375=CARTESIAN_POINT('',(-0.0181748399860278,-0.0120743877796241,0.0254));
#1376=CARTESIAN_POINT('',(-0.102253387339468,-0.119311338370914,0.));
#1377=CARTESIAN_POINT('',(-0.0184181880350285,-0.0112350561384244,0.0254));
#1378=CARTESIAN_POINT('',(-0.102896833665456,-0.119954784696903,0.));
#1379=CARTESIAN_POINT('',(-0.0185289635783767,-0.0107991329939682,0.0254));
#1380=CARTESIAN_POINT('',(-0.103745827917188,-0.120803778948635,0.));
#1381=CARTESIAN_POINT('',(-0.0186847359898253,-0.0100730466365904,0.0254));
#1382=CARTESIAN_POINT('',(-0.10408380861376,-0.12107417287926,0.));
#1383=CARTESIAN_POINT('',(-0.0187435826986592,-0.0097694293053344,0.0254));
#1384=CARTESIAN_POINT('',(-0.104773862171464,-0.121528333251587,0.));
#1385=CARTESIAN_POINT('',(-0.0188520746113485,-0.00910928831472965,0.0254));
#1386=CARTESIAN_POINT('',(-0.105126005328147,-0.121712207757771,0.));
#1387=CARTESIAN_POINT('',(-0.0189016931550846,-0.00875275838166776,0.0254));
#1388=CARTESIAN_POINT('',(-0.105829671237614,-0.122005812207075,0.));
#1389=CARTESIAN_POINT('',(-0.0189825569859931,-0.00799614162305947,0.0254));
#1390=CARTESIAN_POINT('',(-0.106181267622485,-0.122115602016591,0.));
#1391=CARTESIAN_POINT('',(-0.0190137788552314,-0.00759605562034574,0.0254));
#1392=CARTESIAN_POINT('',(-0.106875633985132,-0.122272295295871,0.));
#1393=CARTESIAN_POINT('',(-0.0190500945291259,-0.00676272193545913,0.0254));
#1394=CARTESIAN_POINT('',(-0.107218470189052,-0.122319226768862,0.));
#1395=CARTESIAN_POINT('',(-0.0190551693411546,-0.00632948182675647,0.0254));
#1396=CARTESIAN_POINT('',(-0.107891486285502,-0.122358979794098,0.));
#1397=CARTESIAN_POINT('',(-0.0190334940616218,-0.00544115269614835,0.0254));
#1398=CARTESIAN_POINT('',(-0.108221722412541,-0.122351809933093,0.));
#1399=CARTESIAN_POINT('',(-0.0190067306753099,-0.00498607674216274,0.0254));
#1400=CARTESIAN_POINT('',(-0.108868242632771,-0.122289150585843,0.));
#1401=CARTESIAN_POINT('',(-0.0189182293040942,-0.00406599088995963,0.0254));
#1402=CARTESIAN_POINT('',(-0.109184574542347,-0.12223365823658,0.));
#1403=CARTESIAN_POINT('',(-0.0188564847315103,-0.00360099755289113,0.0254));
#1404=CARTESIAN_POINT('',(-0.109802972473619,-0.122077099371501,0.));
#1405=CARTESIAN_POINT('',(-0.0186977201942927,-0.00267314122927901,0.0254));
#1406=CARTESIAN_POINT('',(-0.110105081098071,-0.121976022415686,0.));
#1407=CARTESIAN_POINT('',(-0.0186007008130793,-0.00221029580610458,0.0254));
#1408=CARTESIAN_POINT('',(-0.110694357283678,-0.121728206123566,0.));
#1409=CARTESIAN_POINT('',(-0.0183740260066314,-0.00129842699169043,0.0254));
#1410=CARTESIAN_POINT('',(-0.110981565493546,-0.12158144910607,0.));
#1411=CARTESIAN_POINT('',(-0.0182443780988856,-0.000849419507298105,0.0254));
#1412=CARTESIAN_POINT('',(-0.111538767712213,-0.121239770818087,0.));
#1413=CARTESIAN_POINT('',(-0.0179579025791933,2.396681258938E-5,0.0254));
#1414=CARTESIAN_POINT('',(-0.11180880255718,-0.121044821848876,0.));
#1415=CARTESIAN_POINT('',(-0.0178010884819046,0.000448333882731779,0.0254));
#1416=CARTESIAN_POINT('',(-0.112326571308226,-0.120602511109385,0.));
#1417=CARTESIAN_POINT('',(-0.0174682341469311,0.00126294230305765,0.0254));
#1418=CARTESIAN_POINT('',(-0.112574346004265,-0.120355106059418,0.));
#1419=CARTESIAN_POINT('',(-0.0172922119438195,0.00165317803654742,0.0254));
#1420=CARTESIAN_POINT('',(-0.113038465589552,-0.119802928301395,0.));
#1421=CARTESIAN_POINT('',(-0.0169309127783299,0.00239160426279027,0.0254));
#1422=CARTESIAN_POINT('',(-0.113254846879123,-0.119498088921405,0.));
#1423=CARTESIAN_POINT('',(-0.0167456566423389,0.00273979659957911,0.0254));
#1424=CARTESIAN_POINT('',(-0.113641828429742,-0.118826998352118,0.));
#1425=CARTESIAN_POINT('',(-0.0163772890793733,0.00338785505208765,0.0254));
#1426=CARTESIAN_POINT('',(-0.113812449807691,-0.11846064843206,0.));
#1427=CARTESIAN_POINT('',(-0.0161941996607398,0.00368773098535809,0.0254));
#1428=CARTESIAN_POINT('',(-0.114087424317345,-0.117665851014749,0.));
#1429=CARTESIAN_POINT('',(-0.015842344594277,0.00423434049634211,0.0254));
#1430=CARTESIAN_POINT('',(-0.114191762842037,-0.117237266500227,0.));
#1431=CARTESIAN_POINT('',(-0.015673601033401,0.00448109158113297,0.0254));
#1432=CARTESIAN_POINT('',(-0.114278460301791,-0.116552459021066,0.));
#1433=CARTESIAN_POINT('',(-0.0154404487227871,0.00480853918697526,0.0254));
#1434=CARTESIAN_POINT('',(-0.114295675964043,-0.11631726827825,0.));
#1435=CARTESIAN_POINT('',(-0.015366057279669,0.00491058174047151,0.0254));
#1436=CARTESIAN_POINT('',(-0.114302897058357,-0.115834866402265,0.));
#1437=CARTESIAN_POINT('',(-0.0152254157000268,0.00510002769504447,0.0254));
#1438=CARTESIAN_POINT('',(-0.114292898387045,-0.115587649500389,0.));
#1439=CARTESIAN_POINT('',(-0.0151591662519497,0.00518743194001696,0.0254));
#1440=CARTESIAN_POINT('',(-0.114241625839783,-0.115083897914097,0.));
#1441=CARTESIAN_POINT('',(-0.0150362447210039,0.00534717922897895,0.0254));
#1442=CARTESIAN_POINT('',(-0.114200345914268,-0.114827357400856,0.));
#1443=CARTESIAN_POINT('',(-0.0149795733426334,0.00541952318746705,0.0254));
#1444=CARTESIAN_POINT('',(-0.11408238001146,-0.114308727124961,0.));
#1445=CARTESIAN_POINT('',(-0.014877168537451,0.00554870370653608,0.0254));
#1446=CARTESIAN_POINT('',(-0.114005685651483,-0.114046631931934,0.));
#1447=CARTESIAN_POINT('',(-0.0148314358477994,0.00560554123375955,0.0254));
#1448=CARTESIAN_POINT('',(-0.11381290914313,-0.113521897625182,0.));
#1449=CARTESIAN_POINT('',(-0.014752171979364,0.0057032102524922,0.0254));
#1450=CARTESIAN_POINT('',(-0.113696815933206,-0.113259254139728,0.));
#1451=CARTESIAN_POINT('',(-0.0147186415919809,0.00574404274113098,0.0254));
#1452=CARTESIAN_POINT('',(-0.113421699480523,-0.112739815214288,0.));
#1453=CARTESIAN_POINT('',(-0.0146649260213796,0.00580912105889879,0.0254));
#1454=CARTESIAN_POINT('',(-0.113262662261372,-0.112483017357288,0.));
#1455=CARTESIAN_POINT('',(-0.0146447417100862,0.00583336789011085,0.0254));
#1456=CARTESIAN_POINT('',(-0.110959497280443,-0.109317866363349,0.));
#1457=CARTESIAN_POINT('',(-0.0144799541900894,0.00603101780811687,0.0254));
#1458=CARTESIAN_POINT('',(0.0126406715075466,-0.000732600153373953,0.00268154934860214));
#1459=CARTESIAN_POINT('',(0.0126406715075466,-0.0120918254790729,0.0254));
#1460=CARTESIAN_POINT('',(0.0136821642462267,0.00450333742255501,0.00268154934860214));
#1461=CARTESIAN_POINT('',(0.0136821642462267,-0.00685588790314393,0.0254));
#1462=CARTESIAN_POINT('',(0.0126406715075466,0.00973927499848396,0.00268154934860214));
#1463=CARTESIAN_POINT('',(0.0126406715075466,-0.00161995032721499,0.0254));
#1464=CARTESIAN_POINT('',(0.00967475111981504,0.01417808854237,0.00268154934860214));
#1465=CARTESIAN_POINT('',(0.00967475111981504,0.0028188632166711,0.0254));
#1466=CARTESIAN_POINT('',(0.00523593757592894,0.0171440089301016,0.00268154934860214));
#1467=CARTESIAN_POINT('',(0.00523593757592894,0.00578478360440265,0.0254));
#1468=CARTESIAN_POINT('',(7.21333257881762E-18,0.0181855016687817,0.00268154934860214));
#1469=CARTESIAN_POINT('',(4.73079842557249E-18,0.00682627634308277,0.0254));
#1470=CARTESIAN_POINT('',(-0.00523593757592895,0.0171440089301016,0.00268154934860214));
#1471=CARTESIAN_POINT('',(-0.00523593757592895,0.00578478360440264,0.0254));
#1472=CARTESIAN_POINT('',(-0.00967475111981505,0.01417808854237,0.00268154934860214));
#1473=CARTESIAN_POINT('',(-0.00967475111981505,0.00281886321667108,0.0254));
#1474=CARTESIAN_POINT('',(-0.0126406715075466,0.00973927499848399,0.00268154934860214));
#1475=CARTESIAN_POINT('',(-0.0126406715075466,-0.00161995032721495,0.0254));
#1476=CARTESIAN_POINT('',(-0.0136821642462267,0.00450333742255499,0.00268154934860214));
#1477=CARTESIAN_POINT('',(-0.0136821642462267,-0.00685588790314395,0.0254));
#1478=CARTESIAN_POINT('',(-0.0126406715075466,-0.000732600153373902,0.00268154934860214));
#1479=CARTESIAN_POINT('',(-0.0126406715075466,-0.0120918254790728,0.0254));
#1480=CARTESIAN_POINT('',(-0.00967475111981501,-0.00517141369726005,0.00268154934860214));
#1481=CARTESIAN_POINT('',(-0.00967475111981501,-0.016530639022959,0.0254));
#1482=CARTESIAN_POINT('',(-0.00523593757592899,-0.00813733408499155,0.00268154934860214));
#1483=CARTESIAN_POINT('',(-0.00523593757592899,-0.0194965594106905,0.0254));
#1484=CARTESIAN_POINT('',(5.42778712600556E-17,-0.00917882682367171,0.00268154934860214));
#1485=CARTESIAN_POINT('',(5.17953371068104E-17,-0.0205380521493706,0.0254));
#1486=CARTESIAN_POINT('',(0.00523593757592891,-0.00813733408499157,0.00268154934860214));
#1487=CARTESIAN_POINT('',(0.00523593757592891,-0.0194965594106905,0.0254));
#1488=CARTESIAN_POINT('',(0.009674751119815,-0.00517141369726006,0.00268154934860214));
#1489=CARTESIAN_POINT('',(0.009674751119815,-0.016530639022959,0.0254));
#1490=CARTESIAN_POINT('',(0.0126406715075466,-0.000732600153373953,0.00268154934860214));
#1491=CARTESIAN_POINT('',(0.0126406715075466,-0.0120918254790729,0.0254));
#1492=CARTESIAN_POINT('',(0.0136821642462267,0.00450333742255501,0.00268154934860214));
#1493=CARTESIAN_POINT('',(0.0136821642462267,-0.00685588790314393,0.0254));
#1494=CARTESIAN_POINT('',(0.0126406715075466,0.00973927499848396,0.00268154934860214));
#1495=CARTESIAN_POINT('',(0.0126406715075466,-0.00161995032721499,0.0254));
#1496=CARTESIAN_POINT('',(2.48253415324513E-18,0.00450333742255501,0.00268154934860214));
#1497=CARTESIAN_POINT('',(0.013335,0.00450333742255501,0.00268154934860214));
#1498=CARTESIAN_POINT('',(-9.69509594182214E-5,0.00320183566259299,0.00268154934860214));
#1499=MECHANICAL_DESIGN_GEOMETRIC_PRESENTATION_REPRESENTATION('',(#279),
#1500);
#1500=(
GEOMETRIC_REPRESENTATION_CONTEXT(3)
GLOBAL_UNCERTAINTY_ASSIGNED_CONTEXT((#1501))
GLOBAL_UNIT_ASSIGNED_CONTEXT((#1504,#1503,#1502))
REPRESENTATION_CONTEXT('Perch_Desk_LowerLarge',
'TOP_LEVEL_ASSEMBLY_PART')
);
#1501=UNCERTAINTY_MEASURE_WITH_UNIT(LENGTH_MEASURE(4.57189108418934E-5),
#1504,'DISTANCE_ACCURACY_VALUE','Maximum Tolerance applied to model');
#1502=(
NAMED_UNIT(*)
SI_UNIT($,.STERADIAN.)
SOLID_ANGLE_UNIT()
);
#1503=(
NAMED_UNIT(*)
PLANE_ANGLE_UNIT()
SI_UNIT($,.RADIAN.)
);
#1504=(
LENGTH_UNIT()
NAMED_UNIT(*)
SI_UNIT($,.METRE.)
);
#1505=PRODUCT_DEFINITION_SHAPE('','',#1506);
#1506=PRODUCT_DEFINITION('','',#1508,#1507);
#1507=PRODUCT_DEFINITION_CONTEXT('',#1514,'design');
#1508=PRODUCT_DEFINITION_FORMATION_WITH_SPECIFIED_SOURCE('','',#1510,
 .NOT_KNOWN.);
#1509=PRODUCT_RELATED_PRODUCT_CATEGORY('','',(#1510));
#1510=PRODUCT('Perch_Desk_LowerLarge','Perch_Desk_LowerLarge',
'Perch_Desk_LowerLarge',(#1512));
#1511=PRODUCT_CATEGORY('','');
#1512=PRODUCT_CONTEXT('',#1514,'mechanical');
#1513=APPLICATION_PROTOCOL_DEFINITION('international standard',
'ap242_managed_model_based_3d_engineering',2020,#1514);
#1514=APPLICATION_CONTEXT('managed model based 3d engineering');
ENDSEC;
END-ISO-10303-21;
