ISO-10303-21;
HEADER;
/* Generated by software containing ST-Developer
 * from STEP Tools, Inc. (www.steptools.com) 
 */
/* OPTION: using custom renumber hook */

FILE_DESCRIPTION(
/* description */ ('STEP AP242 Edition 2',
'CAx-IF Rec.Pracs.---Representation and Presentation of Product Manufa
cturing Information (PMI)---4.0---2014-10-13',
'CAx-IF Rec.Pracs.---3D Tessellated Geometry---0.4---2014-09-14','2;1',
'CAx-IF Rec.Pracs.---User Defined Attributes---1.5---2016-08-15'),
/* implementation_level */ '2;1');

FILE_NAME(
/* name */ 'Desktop - Perch_Desk_UpperLarge',
/* time_stamp */ '2026-08-19T03:14:31Z',
/* author */ (''),
/* organization */ (''),
/* preprocessor_version */ 'ST-DEVELOPER v20',
/* originating_system */ 'ONSHAPE BY PTC INC, 1.219',
/* authorisation */ '  ');

FILE_SCHEMA (('AP242_MANAGED_MODEL_BASED_3D_ENGINEERING_MIM_LF { 1 0 10303 442 3 1 4 }'));
ENDSEC;

DATA;
#10=SHAPE_REPRESENTATION_RELATIONSHIP('','',#363,#11);
#11=ADVANCED_BREP_SHAPE_REPRESENTATION('',(#361),#1690);
#12=TOROIDAL_SURFACE('',#381,0.1143,0.0254);
#13=CYLINDRICAL_SURFACE('',#380,0.03175);
#14=CYLINDRICAL_SURFACE('',#382,0.00635);
#15=CYLINDRICAL_SURFACE('',#383,0.00635);
#16=(
BOUNDED_SURFACE()
B_SPLINE_SURFACE(3,2,((#864,#865,#866),(#867,#868,#869),(#870,#871,#872),
(#873,#874,#875),(#876,#877,#878),(#879,#880,#881),(#882,#883,#884),(#885,
#886,#887),(#888,#889,#890),(#891,#892,#893),(#894,#895,#896),(#897,#898,
#899),(#900,#901,#902),(#903,#904,#905),(#906,#907,#908),(#909,#910,#911),
(#912,#913,#914),(#915,#916,#917),(#918,#919,#920),(#921,#922,#923),(#924,
#925,#926),(#927,#928,#929),(#930,#931,#932),(#933,#934,#935),(#936,#937,
#938),(#939,#940,#941),(#942,#943,#944),(#945,#946,#947),(#948,#949,#950),
(#951,#952,#953),(#954,#955,#956),(#957,#958,#959),(#960,#961,#962),(#963,
#964,#965),(#966,#967,#968),(#969,#970,#971),(#972,#973,#974),(#975,#976,
#977),(#978,#979,#980),(#981,#982,#983),(#984,#985,#986),(#987,#988,#989),
(#990,#991,#992),(#993,#994,#995),(#996,#997,#998),(#999,#1000,#1001),(#1002,
#1003,#1004),(#1005,#1006,#1007),(#1008,#1009,#1010),(#1011,#1012,#1013),
(#1014,#1015,#1016),(#1017,#1018,#1019),(#1020,#1021,#1022),(#1023,#1024,
#1025),(#1026,#1027,#1028),(#1029,#1030,#1031),(#1032,#1033,#1034),(#1035,
#1036,#1037),(#1038,#1039,#1040),(#1041,#1042,#1043),(#1044,#1045,#1046),
(#1047,#1048,#1049),(#1050,#1051,#1052),(#1053,#1054,#1055),(#1056,#1057,
#1058),(#1059,#1060,#1061),(#1062,#1063,#1064),(#1065,#1066,#1067),(#1068,
#1069,#1070),(#1071,#1072,#1073),(#1074,#1075,#1076),(#1077,#1078,#1079),
(#1080,#1081,#1082)),.UNSPECIFIED.,.F.,.F.,.F.)
B_SPLINE_SURFACE_WITH_KNOTS((4,1,1,1,1,1,1,1,1,1,1,1,1,1,1,1,1,1,1,1,1,
1,1,1,1,1,1,1,1,1,1,1,1,1,1,1,1,1,1,1,1,1,1,1,1,1,1,1,1,1,1,1,1,1,1,1,1,
1,1,1,1,1,1,1,1,1,1,1,1,1,4),(3,3),(0.00269471404038668,0.00296392141312635,
0.00323312878586601,0.00336773247223585,0.00350233615860568,0.00363693984497551,
0.00377154353134535,0.00404075090408501,0.00430995827682468,0.00484837302230401,
0.00538678776778335,0.00592520251326268,0.00700203200422135,0.00915569098613868,
0.011309349968056,0.0134630089499733,0.0156166679318907,0.017770326913808,
0.0199239858957253,0.02423130385956,0.0285386218233947,0.0328459397872293,
0.0349995987691467,0.037153257751064,0.0414605757148987,0.0457678936787333,
0.050075211642568,0.0543825296064027,0.05653618858832,0.0586898475702373,
0.0592282623157167,0.059766677061196,0.0608435065521547,0.062997165534072,
0.0673044834979067,0.0716118014617413,0.075919119425576,0.0780727784074933,
0.0802264373894106,0.082380096371328,0.0834569258622866,0.083995340607766,
0.0845337553532453,0.0866874143351626,0.08884107331708,0.0931483912809146,
0.0974557092447493,0.101763027208584,0.106070345172419,0.108224004154336,
0.110377663136253,0.114684981100088,0.118992299063923,0.123299617027757,
0.127606934991592,0.129760593973509,0.131914252955427,0.134067911937344,
0.136221570919261,0.13729840041022,0.137836815155699,0.138375229901179,
0.138913644646658,0.139182852019398,0.139452059392137,0.139586663078507,
0.139721266764877,0.139855870451247,0.139990474137617,0.140259681510356,
0.140528888883096),(0.,1.),.UNSPECIFIED.)
GEOMETRIC_REPRESENTATION_ITEM()
RATIONAL_B_SPLINE_SURFACE(((1.,0.999685793676287,1.),(1.,0.999751277956512,
1.),(1.,0.999861761277804,1.),(1.,0.999949450558731,1.),(1.,0.999987803743889,
1.),(1.,1.00000453330731,1.),(1.,0.999988005577255,1.),(1.,0.999949949993623,
1.),(1.,0.999862961344913,1.),(1.,0.999643838571865,1.),(1.,0.9992190279709,
1.),(1.,0.998467291815873,1.),(1.,0.997143826015747,1.),(1.,0.993983087464304,
1.),(1.,0.98708696006035,1.),(1.,0.975122084066305,1.),(1.,0.95958860434257,
1.),(1.,0.940890654625127,1.),(1.,0.919462073411365,1.),(1.,0.888081057410961,
1.),(1.,0.845965564488759,1.),(1.,0.801629774298649,1.),(1.,0.770915707168431,
1.),(1.,0.749716943959397,1.),(1.,0.727430456988848,1.),(1.,0.706730218617873,
1.),(1.,0.695059581971742,1.),(1.,0.704892850847563,1.),(1.,0.734261109087559,
1.),(1.,0.768130776853833,1.),(1.,0.790262844178932,1.),(1.,0.805598021915237,
1.),(1.,0.816388701211511,1.),(1.,0.8349274872823,1.),(1.,0.867389362275675,
1.),(1.,0.899947749924986,1.),(1.,0.913879825427637,1.),(1.,0.903504267736186,
1.),(1.,0.882274459727508,1.),(1.,0.860472141994301,1.),(1.,0.837529714441883,
1.),(1.,0.819494323306197,1.),(1.,0.808502658027263,1.),(1.,0.793188975281148,
1.),(1.,0.77102875739409,1.),(1.,0.736798646875608,1.),(1.,0.705742736484341,
1.),(1.,0.694979491453781,1.),(1.,0.7060496131985,1.),(1.,0.726687338258469,
1.),(1.,0.748907996693793,1.),(1.,0.769921437384662,1.),(1.,0.800354925981925,
1.),(1.,0.845602334411696,1.),(1.,0.895741376399648,1.),(1.,0.934165205405082,
1.),(1.,0.95936551857684,1.),(1.,0.97499466181996,1.),(1.,0.987029570441408,
1.),(1.,0.99395126448423,1.),(1.,0.997127114258299,1.),(1.,0.998459086971337,
1.),(1.,0.99921593275891,1.),(1.,0.999643100718927,1.),(1.,0.999863156921485,
1.),(1.,0.999950297707328,1.),(1.,0.999988279211491,1.),(1.,1.00000452040483,
1.),(1.,0.999988005307919,1.),(1.,0.9999502120481,1.),(1.,0.999863561014643,
1.),(1.,0.999754320836745,1.),(1.,0.999689551877978,1.)))
REPRESENTATION_ITEM('')
SURFACE()
);
#17=(
BOUNDED_SURFACE()
B_SPLINE_SURFACE(3,2,((#1307,#1308,#1309),(#1310,#1311,#1312),(#1313,#1314,
#1315),(#1316,#1317,#1318),(#1319,#1320,#1321),(#1322,#1323,#1324),(#1325,
#1326,#1327),(#1328,#1329,#1330),(#1331,#1332,#1333),(#1334,#1335,#1336),
(#1337,#1338,#1339),(#1340,#1341,#1342),(#1343,#1344,#1345),(#1346,#1347,
#1348),(#1349,#1350,#1351),(#1352,#1353,#1354),(#1355,#1356,#1357),(#1358,
#1359,#1360),(#1361,#1362,#1363),(#1364,#1365,#1366),(#1367,#1368,#1369),
(#1370,#1371,#1372),(#1373,#1374,#1375),(#1376,#1377,#1378),(#1379,#1380,
#1381),(#1382,#1383,#1384),(#1385,#1386,#1387),(#1388,#1389,#1390),(#1391,
#1392,#1393)),.UNSPECIFIED.,.F.,.F.,.F.)
B_SPLINE_SURFACE_WITH_KNOTS((4,1,1,1,1,1,1,1,1,1,1,1,1,1,1,1,1,1,1,1,1,
1,1,1,1,1,4),(3,3),(0.0336652187912227,0.0418662465797274,0.0500672743682321,
0.0541677882624845,0.0582683021567368,0.0623688160509892,0.0664693299452416,
0.0705698438394939,0.0746703577337463,0.082871385522251,0.0869718994165034,
0.0910724133107557,0.0951729272050081,0.0992734410992605,0.103373954993513,
0.107474468887765,0.111574982782018,0.11567549667627,0.119776010570522,
0.123876524464775,0.132077552253279,0.140278580041784,0.144379093936036,
0.148479607830289,0.152580121724541,0.156680635618794,0.164881663407298),
(0.,1.),.UNSPECIFIED.)
GEOMETRIC_REPRESENTATION_ITEM()
RATIONAL_B_SPLINE_SURFACE(((1.,0.697456720049334,1.),(1.,0.70256082749039,
1.),(1.,0.71362500808858,1.),(1.,0.728582171012442,1.),(1.,0.741364207306671,
1.),(1.,0.750980928320815,1.),(1.,0.760605334914686,1.),(1.,0.770249898649711,
1.),(1.,0.77950377064243,1.),(1.,0.791054545840731,1.),(1.,0.801304795530418,
1.),(1.,0.808915275208745,1.),(1.,0.813224935108225,1.),(1.,0.815902810573282,
1.),(1.,0.816791697567425,1.),(1.,0.815909818360696,1.),(1.,0.813227530546809,
1.),(1.,0.808961692276403,1.),(1.,0.803209033548118,1.),(1.,0.796160833966493,
1.),(1.,0.785586210684615,1.),(1.,0.770262710863175,1.),(1.,0.754203556259809,
1.),(1.,0.741207207274142,1.),(1.,0.731777884606354,1.),(1.,0.722604028798812,
1.),(1.,0.71067995782672,1.),(1.,0.702568382103322,1.),(1.,0.697455190298533,
1.)))
REPRESENTATION_ITEM('')
SURFACE()
);
#18=(
BOUNDED_SURFACE()
B_SPLINE_SURFACE(3,2,((#1409,#1410,#1411),(#1412,#1413,#1414),(#1415,#1416,
#1417),(#1418,#1419,#1420),(#1421,#1422,#1423),(#1424,#1425,#1426),(#1427,
#1428,#1429),(#1430,#1431,#1432),(#1433,#1434,#1435),(#1436,#1437,#1438),
(#1439,#1440,#1441),(#1442,#1443,#1444),(#1445,#1446,#1447),(#1448,#1449,
#1450),(#1451,#1452,#1453),(#1454,#1455,#1456),(#1457,#1458,#1459),(#1460,
#1461,#1462),(#1463,#1464,#1465),(#1466,#1467,#1468),(#1469,#1470,#1471),
(#1472,#1473,#1474),(#1475,#1476,#1477),(#1478,#1479,#1480),(#1481,#1482,
#1483),(#1484,#1485,#1486),(#1487,#1488,#1489),(#1490,#1491,#1492),(#1493,
#1494,#1495)),.UNSPECIFIED.,.F.,.F.,.F.)
B_SPLINE_SURFACE_WITH_KNOTS((4,1,1,1,1,1,1,1,1,1,1,1,1,1,1,1,1,1,1,1,1,
1,1,1,1,1,4),(3,3),(0.0336649109159279,0.0418659386950618,0.0500669664741958,
0.0541674803637628,0.0582679942533297,0.0623685081428967,0.0664690220324637,
0.0705695359220307,0.0746700498115976,0.0828710775907316,0.0869715914802986,
0.0910721053698655,0.0951726192594325,0.0992731331489995,0.103373647038566,
0.107474160928133,0.1115746748177,0.115675188707267,0.119775702596834,0.123876216486401,
0.132077244265535,0.140278272044669,0.144378785934236,0.148479299823803,
0.15257981371337,0.156680327602937,0.164881355382071),(0.,1.),
 .UNSPECIFIED.)
GEOMETRIC_REPRESENTATION_ITEM()
RATIONAL_B_SPLINE_SURFACE(((1.,0.697456145194341,1.),(1.,0.702560225524734,
1.),(1.,0.713624356552306,1.),(1.,0.728581472733408,1.),(1.,0.741363483616226,
1.),(1.,0.75098020562534,1.),(1.,0.760604611890315,1.),(1.,0.770249180813165,
1.),(1.,0.779503098529661,1.),(1.,0.791053931331853,1.),(1.,0.801304280405339,
1.),(1.,0.808914897959761,1.),(1.,0.813224667861902,1.),(1.,0.815902677787667,
1.),(1.,0.81679169615669,1.),(1.,0.815909953933363,1.),(1.,0.81322779385908,
1.),(1.,0.808962068229431,1.),(1.,0.803209521848967,1.),(1.,0.79616139738823,
1.),(1.,0.785586862492682,1.),(1.,0.770263424628493,1.),(1.,0.754204294279081,
1.),(1.,0.741207927485646,1.),(1.,0.731778582970797,1.),(1.,0.722604710692079,
1.),(1.,0.710680599648972,1.),(1.,0.702568980872225,1.),(1.,0.697455766459903,
1.)))
REPRESENTATION_ITEM('')
SURFACE()
);
#19=(
BOUNDED_SURFACE()
B_SPLINE_SURFACE(3,2,((#1557,#1558,#1559),(#1560,#1561,#1562),(#1563,#1564,
#1565),(#1566,#1567,#1568),(#1569,#1570,#1571),(#1572,#1573,#1574),(#1575,
#1576,#1577),(#1578,#1579,#1580),(#1581,#1582,#1583),(#1584,#1585,#1586),
(#1587,#1588,#1589),(#1590,#1591,#1592),(#1593,#1594,#1595),(#1596,#1597,
#1598),(#1599,#1600,#1601),(#1602,#1603,#1604),(#1605,#1606,#1607),(#1608,
#1609,#1610),(#1611,#1612,#1613),(#1614,#1615,#1616),(#1617,#1618,#1619),
(#1620,#1621,#1622),(#1623,#1624,#1625),(#1626,#1627,#1628),(#1629,#1630,
#1631),(#1632,#1633,#1634),(#1635,#1636,#1637),(#1638,#1639,#1640),(#1641,
#1642,#1643),(#1644,#1645,#1646),(#1647,#1648,#1649),(#1650,#1651,#1652),
(#1653,#1654,#1655),(#1656,#1657,#1658),(#1659,#1660,#1661),(#1662,#1663,
#1664),(#1665,#1666,#1667),(#1668,#1669,#1670),(#1671,#1672,#1673),(#1674,
#1675,#1676),(#1677,#1678,#1679),(#1680,#1681,#1682),(#1683,#1684,#1685),
(#1686,#1687,#1688)),.UNSPECIFIED.,.T.,.F.,.F.)
B_SPLINE_SURFACE_WITH_KNOTS((1,3,1,1,1,1,1,1,1,1,1,1,1,1,1,1,1,1,1,1,1,
1,1,1,1,1,1,1,1,1,1,1,1,1,1,1,1,1,1,1,1,1,3,1),(3,3),(-0.0159695250478874,
-0.0109692847223029,-0.00596904439671844,-0.000968804071133968,0.00153131609165827,
0.00403143625445051,0.00653155641724275,0.00903167658003498,0.0140319169056195,
0.0190321572312039,0.0240323975567884,0.0290326378823729,0.0340328782079574,
0.0390331185335418,0.0440333588591263,0.0465334790219186,0.0490335991847108,
0.051533719347503,0.0540338395102953,0.0590340798358798,0.061534199998672,
0.0640343201614642,0.0690345604870487,0.0740348008126332,0.0765349209754254,
0.0790350411382177,0.0840352814638021,0.0890355217893866,0.0940357621149711,
0.0990360024405555,0.10403624276614,0.109036483091725,0.111536603254517,
0.114036723417309,0.119036963742893,0.124037204068478,0.129037444394062,
0.131537564556855,0.134037684719647,0.136537804882439,0.139037925045231,
0.144038165370816,0.1490384056964,0.154038646021985),(0.,1.),
 .UNSPECIFIED.)
GEOMETRIC_REPRESENTATION_ITEM()
RATIONAL_B_SPLINE_SURFACE(((1.,0.77778748894646,1.),(1.,0.790537567415233,
1.),(1.,0.815881604100405,1.),(1.,0.844323610998134,1.),(1.,0.864249611009702,
1.),(1.,0.877095361833359,1.),(1.,0.88774132644261,1.),(1.,0.898874992517319,
1.),(1.,0.905862135179652,1.),(1.,0.902536700958719,1.),(1.,0.887823664073507,
1.),(1.,0.863222999356751,1.),(1.,0.831057706294837,1.),(1.,0.794527076199244,
1.),(1.,0.761967354128348,1.),(1.,0.738192108291726,1.),(1.,0.721903127494575,
1.),(1.,0.708385471641324,1.),(1.,0.695110786270485,1.),(1.,0.690175087202718,
1.),(1.,0.6943861442479,1.),(1.,0.70400923376437,1.),(1.,0.724266521286987,
1.),(1.,0.749651056757077,1.),(1.,0.769481170774838,1.),(1.,0.788682924020772,
1.),(1.,0.809183338616931,1.),(1.,0.826331774871459,1.),(1.,0.833665518011176,
1.),(1.,0.830710485833838,1.),(1.,0.817739543752838,1.),(1.,0.799546020234221,
1.),(1.,0.782041898615661,1.),(1.,0.762663562056588,1.),(1.,0.737428455819944,
1.),(1.,0.709336169386938,1.),(1.,0.694776871373168,1.),(1.,0.691148454422453,
1.),(1.,0.693027534517229,1.),(1.,0.699304784747282,1.),(1.,0.71348037392389,
1.),(1.,0.739381133287767,1.),(1.,0.765037410477687,1.),(1.,0.77778748894646,
1.)))
REPRESENTATION_ITEM('')
SURFACE()
);
#20=CIRCLE('',#368,0.0190500000000004);
#21=CIRCLE('',#369,0.0190500000000004);
#22=CIRCLE('',#370,0.0190500000000004);
#23=CIRCLE('',#371,0.0190500000000004);
#24=CIRCLE('',#372,0.0190500000000004);
#25=CIRCLE('',#375,0.03175);
#26=CIRCLE('',#377,0.03175);
#27=CIRCLE('',#385,0.0127);
#28=CIRCLE('',#386,0.0127);
#29=B_SPLINE_SURFACE_WITH_KNOTS('',1,3,((#483,#484,#485,#486,#487,#488,
#489,#490,#491,#492,#493,#494,#495,#496,#497,#498,#499,#500,#501,#502,#503,
#504,#505,#506,#507,#508,#509,#510,#511,#512,#513,#514,#515,#516,#517,#518,
#519,#520,#521,#522,#523,#524,#525,#526,#527,#528,#529,#530,#531,#532,#533,
#534,#535,#536,#537,#538,#539,#540,#541,#542,#543,#544,#545,#546,#547,#548,
#549,#550,#551,#552,#553,#554,#555,#556,#557,#558,#559,#560,#561,#562,#563,
#564,#565,#566,#567,#568,#569,#570,#571,#572,#573,#574,#575,#576,#577,#578,
#579,#580,#581,#582,#583,#584,#585,#586,#587,#588,#589,#590,#591,#592,#593,
#594,#595,#596,#597,#598,#599,#600,#601,#602,#603,#604,#605,#606,#607,#608,
#609,#610,#611,#612,#613,#614),(#615,#616,#617,#618,#619,#620,#621,#622,
#623,#624,#625,#626,#627,#628,#629,#630,#631,#632,#633,#634,#635,#636,#637,
#638,#639,#640,#641,#642,#643,#644,#645,#646,#647,#648,#649,#650,#651,#652,
#653,#654,#655,#656,#657,#658,#659,#660,#661,#662,#663,#664,#665,#666,#667,
#668,#669,#670,#671,#672,#673,#674,#675,#676,#677,#678,#679,#680,#681,#682,
#683,#684,#685,#686,#687,#688,#689,#690,#691,#692,#693,#694,#695,#696,#697,
#698,#699,#700,#701,#702,#703,#704,#705,#706,#707,#708,#709,#710,#711,#712,
#713,#714,#715,#716,#717,#718,#719,#720,#721,#722,#723,#724,#725,#726,#727,
#728,#729,#730,#731,#732,#733,#734,#735,#736,#737,#738,#739,#740,#741,#742,
#743,#744,#745,#746)),.RULED_SURF.,.F.,.T.,.F.,(2,2),(2,2,2,2,2,2,2,2,2,
2,2,2,2,2,2,2,2,2,2,2,2,2,2,2,2,2,2,2,2,2,2,2,2,2,2,2,2,2,2,2,2,2,2,2,2,
2,2,2,2,2,2,2,2,2,2,2,2,2,2,2,2,2,2,2,2,2,2,2),(5.27486843971794E-8,0.81593703140594),
(-0.00372201820809096,0.,0.00372201820809095,0.00558302731213642,0.00651353186415916,
0.0074440364161819,0.0111660546242728,0.0120965591762956,0.0130270637283183,
0.0148880728323638,0.0186100910404547,0.0195405955924775,0.0204711001445002,
0.0223321092485457,0.0241931183525912,0.0251236229046139,0.0260541274566367,
0.0297761456647276,0.0316371547687731,0.0325676593207958,0.0334981638728186,
0.0372201820809095,0.0381506866329322,0.039081191184955,0.0409422002890005,
0.0446642184970914,0.0465252276011369,0.0483862367051823,0.0502472458092278,
0.0521082549132733,0.0558302731213642,0.056760777673387,0.0576912822254097,
0.0595522913294552,0.0632743095375461,0.0642048140895689,0.0651353186415916,
0.0669963277456371,0.0688573368496826,0.0697878414017053,0.070718345953728,
0.074440364161819,0.0763013732658645,0.0772318778178872,0.0781623823699099,
0.0818844005780009,0.0828149051300236,0.0837454096820464,0.0856064187860918,
0.0893284369941828,0.0902589415462055,0.0911894460982283,0.0930504552022737,
0.0949114643063192,0.0958419688583419,0.0967724734103647,0.100494491618456,
0.102355500722501,0.104216509826547,0.107938528034637,0.10886903258666,
0.109799537138683,0.111660546242728,0.113521555346774,0.114452059898797,
0.115382564450819,0.11910458265891,0.122826600867001),.UNSPECIFIED.);
#30=B_SPLINE_SURFACE_WITH_KNOTS('',3,1,((#1516,#1517),(#1518,#1519),(#1520,
#1521),(#1522,#1523),(#1524,#1525),(#1526,#1527),(#1528,#1529),(#1530,#1531),
(#1532,#1533),(#1534,#1535),(#1536,#1537),(#1538,#1539),(#1540,#1541),(#1542,
#1543),(#1544,#1545),(#1546,#1547),(#1548,#1549),(#1550,#1551),(#1552,#1553)),
 .SURF_OF_LINEAR_EXTRUSION.,.T.,.F.,.F.,(1,1,1,1,1,1,1,1,1,1,1,1,1,1,1,
1,1,1,1,1,1,1,1),(2,2),(-1.17809724509617,-0.785398163397448,-0.392699081698725,
0.,0.392699081698724,0.785398163397448,1.17809724509617,1.5707963267949,
1.96349540849362,2.35619449019234,2.74889357189107,3.14159265358979,3.53429173528852,
3.92699081698724,4.31968989868597,4.71238898038469,5.10508806208341,5.49778714378214,
5.89048622548086,6.28318530717959,6.67588438887831,7.06858347057703,7.46128255227576),
(0.,1.),.UNSPECIFIED.);
#31=LINE('',#452,#39);
#32=LINE('',#465,#40);
#33=LINE('',#477,#41);
#34=LINE('',#1122,#42);
#35=LINE('',#1129,#43);
#36=LINE('',#1177,#44);
#37=LINE('',#1184,#45);
#38=LINE('',#1191,#46);
#39=VECTOR('',#392,1.);
#40=VECTOR('',#395,1.);
#41=VECTOR('',#398,1.);
#42=VECTOR('',#411,1.);
#43=VECTOR('',#412,1.);
#44=VECTOR('',#423,1.);
#45=VECTOR('',#424,1.);
#46=VECTOR('',#427,1.);
#47=ORIENTED_EDGE('',*,*,#149,.T.);
#48=ORIENTED_EDGE('',*,*,#150,.T.);
#49=ORIENTED_EDGE('',*,*,#151,.F.);
#50=ORIENTED_EDGE('',*,*,#152,.T.);
#51=ORIENTED_EDGE('',*,*,#153,.T.);
#52=ORIENTED_EDGE('',*,*,#154,.F.);
#53=ORIENTED_EDGE('',*,*,#155,.F.);
#54=ORIENTED_EDGE('',*,*,#156,.T.);
#55=ORIENTED_EDGE('',*,*,#157,.T.);
#56=ORIENTED_EDGE('',*,*,#158,.T.);
#57=ORIENTED_EDGE('',*,*,#159,.T.);
#58=ORIENTED_EDGE('',*,*,#160,.T.);
#59=ORIENTED_EDGE('',*,*,#161,.T.);
#60=ORIENTED_EDGE('',*,*,#162,.F.);
#61=ORIENTED_EDGE('',*,*,#163,.F.);
#62=ORIENTED_EDGE('',*,*,#164,.F.);
#63=ORIENTED_EDGE('',*,*,#165,.F.);
#64=ORIENTED_EDGE('',*,*,#166,.F.);
#65=ORIENTED_EDGE('',*,*,#167,.T.);
#66=ORIENTED_EDGE('',*,*,#168,.T.);
#67=ORIENTED_EDGE('',*,*,#169,.T.);
#68=ORIENTED_EDGE('',*,*,#167,.F.);
#69=ORIENTED_EDGE('',*,*,#170,.T.);
#70=ORIENTED_EDGE('',*,*,#161,.F.);
#71=ORIENTED_EDGE('',*,*,#160,.F.);
#72=ORIENTED_EDGE('',*,*,#169,.F.);
#73=ORIENTED_EDGE('',*,*,#168,.F.);
#74=ORIENTED_EDGE('',*,*,#171,.T.);
#75=ORIENTED_EDGE('',*,*,#172,.T.);
#76=ORIENTED_EDGE('',*,*,#173,.T.);
#77=ORIENTED_EDGE('',*,*,#174,.T.);
#78=ORIENTED_EDGE('',*,*,#175,.T.);
#79=ORIENTED_EDGE('',*,*,#176,.T.);
#80=ORIENTED_EDGE('',*,*,#177,.T.);
#81=ORIENTED_EDGE('',*,*,#178,.T.);
#82=ORIENTED_EDGE('',*,*,#179,.T.);
#83=ORIENTED_EDGE('',*,*,#180,.T.);
#84=ORIENTED_EDGE('',*,*,#181,.T.);
#85=ORIENTED_EDGE('',*,*,#182,.T.);
#86=ORIENTED_EDGE('',*,*,#183,.F.);
#87=ORIENTED_EDGE('',*,*,#184,.T.);
#88=ORIENTED_EDGE('',*,*,#185,.T.);
#89=ORIENTED_EDGE('',*,*,#186,.T.);
#90=ORIENTED_EDGE('',*,*,#187,.T.);
#91=ORIENTED_EDGE('',*,*,#175,.F.);
#92=ORIENTED_EDGE('',*,*,#188,.T.);
#93=ORIENTED_EDGE('',*,*,#182,.F.);
#94=ORIENTED_EDGE('',*,*,#189,.T.);
#95=ORIENTED_EDGE('',*,*,#177,.F.);
#96=ORIENTED_EDGE('',*,*,#190,.T.);
#97=ORIENTED_EDGE('',*,*,#174,.F.);
#98=ORIENTED_EDGE('',*,*,#191,.T.);
#99=ORIENTED_EDGE('',*,*,#151,.T.);
#100=ORIENTED_EDGE('',*,*,#155,.T.);
#101=ORIENTED_EDGE('',*,*,#192,.T.);
#102=ORIENTED_EDGE('',*,*,#154,.T.);
#103=ORIENTED_EDGE('',*,*,#183,.T.);
#104=ORIENTED_EDGE('',*,*,#193,.T.);
#105=ORIENTED_EDGE('',*,*,#173,.F.);
#106=ORIENTED_EDGE('',*,*,#194,.T.);
#107=ORIENTED_EDGE('',*,*,#152,.F.);
#108=ORIENTED_EDGE('',*,*,#192,.F.);
#109=ORIENTED_EDGE('',*,*,#157,.F.);
#110=ORIENTED_EDGE('',*,*,#195,.T.);
#111=ORIENTED_EDGE('',*,*,#179,.F.);
#112=ORIENTED_EDGE('',*,*,#188,.F.);
#113=ORIENTED_EDGE('',*,*,#176,.F.);
#114=ORIENTED_EDGE('',*,*,#191,.F.);
#115=ORIENTED_EDGE('',*,*,#185,.F.);
#116=ORIENTED_EDGE('',*,*,#196,.T.);
#117=ORIENTED_EDGE('',*,*,#171,.F.);
#118=ORIENTED_EDGE('',*,*,#190,.F.);
#119=ORIENTED_EDGE('',*,*,#178,.F.);
#120=ORIENTED_EDGE('',*,*,#189,.F.);
#121=ORIENTED_EDGE('',*,*,#181,.F.);
#122=ORIENTED_EDGE('',*,*,#197,.T.);
#123=ORIENTED_EDGE('',*,*,#149,.F.);
#124=ORIENTED_EDGE('',*,*,#193,.F.);
#125=ORIENTED_EDGE('',*,*,#194,.F.);
#126=ORIENTED_EDGE('',*,*,#172,.F.);
#127=ORIENTED_EDGE('',*,*,#196,.F.);
#128=ORIENTED_EDGE('',*,*,#184,.F.);
#129=ORIENTED_EDGE('',*,*,#153,.F.);
#130=ORIENTED_EDGE('',*,*,#156,.F.);
#131=ORIENTED_EDGE('',*,*,#150,.F.);
#132=ORIENTED_EDGE('',*,*,#197,.F.);
#133=ORIENTED_EDGE('',*,*,#180,.F.);
#134=ORIENTED_EDGE('',*,*,#195,.F.);
#135=ORIENTED_EDGE('',*,*,#198,.T.);
#136=ORIENTED_EDGE('',*,*,#170,.F.);
#137=ORIENTED_EDGE('',*,*,#166,.T.);
#138=ORIENTED_EDGE('',*,*,#165,.T.);
#139=ORIENTED_EDGE('',*,*,#164,.T.);
#140=ORIENTED_EDGE('',*,*,#163,.T.);
#141=ORIENTED_EDGE('',*,*,#162,.T.);
#142=ORIENTED_EDGE('',*,*,#199,.T.);
#143=ORIENTED_EDGE('',*,*,#198,.F.);
#144=ORIENTED_EDGE('',*,*,#199,.F.);
#145=ORIENTED_EDGE('',*,*,#158,.F.);
#146=ORIENTED_EDGE('',*,*,#159,.F.);
#147=ORIENTED_EDGE('',*,*,#186,.F.);
#148=ORIENTED_EDGE('',*,*,#187,.F.);
#149=EDGE_CURVE('',#200,#201,#238,.T.);
#150=EDGE_CURVE('',#201,#202,#31,.F.);
#151=EDGE_CURVE('',#200,#202,#239,.T.);
#152=EDGE_CURVE('',#203,#204,#240,.T.);
#153=EDGE_CURVE('',#204,#205,#32,.T.);
#154=EDGE_CURVE('',#203,#205,#241,.T.);
#155=EDGE_CURVE('',#202,#206,#242,.T.);
#156=EDGE_CURVE('',#202,#207,#33,.F.);
#157=EDGE_CURVE('',#207,#206,#243,.T.);
#158=EDGE_CURVE('',#208,#209,#244,.T.);
#159=EDGE_CURVE('',#209,#208,#245,.T.);
#160=EDGE_CURVE('',#210,#211,#246,.T.);
#161=EDGE_CURVE('',#211,#212,#247,.T.);
#162=EDGE_CURVE('',#213,#212,#20,.F.);
#163=EDGE_CURVE('',#214,#213,#21,.F.);
#164=EDGE_CURVE('',#215,#214,#22,.F.);
#165=EDGE_CURVE('',#216,#215,#23,.F.);
#166=EDGE_CURVE('',#217,#216,#24,.F.);
#167=EDGE_CURVE('',#217,#218,#248,.T.);
#168=EDGE_CURVE('',#218,#219,#249,.T.);
#169=EDGE_CURVE('',#219,#210,#250,.T.);
#170=EDGE_CURVE('',#217,#212,#251,.T.);
#171=EDGE_CURVE('',#220,#221,#252,.T.);
#172=EDGE_CURVE('',#221,#222,#34,.F.);
#173=EDGE_CURVE('',#222,#223,#253,.T.);
#174=EDGE_CURVE('',#223,#220,#35,.T.);
#175=EDGE_CURVE('',#224,#225,#25,.F.);
#176=EDGE_CURVE('',#225,#224,#254,.T.);
#177=EDGE_CURVE('',#226,#227,#26,.T.);
#178=EDGE_CURVE('',#227,#226,#255,.T.);
#179=EDGE_CURVE('',#228,#229,#256,.T.);
#180=EDGE_CURVE('',#229,#230,#36,.T.);
#181=EDGE_CURVE('',#230,#231,#257,.T.);
#182=EDGE_CURVE('',#231,#228,#37,.F.);
#183=EDGE_CURVE('',#205,#232,#258,.T.);
#184=EDGE_CURVE('',#205,#233,#38,.T.);
#185=EDGE_CURVE('',#233,#232,#259,.T.);
#186=EDGE_CURVE('',#234,#235,#260,.T.);
#187=EDGE_CURVE('',#235,#234,#261,.T.);
#188=EDGE_CURVE('',#224,#228,#262,.T.);
#189=EDGE_CURVE('',#231,#227,#263,.T.);
#190=EDGE_CURVE('',#226,#220,#264,.T.);
#191=EDGE_CURVE('',#223,#225,#265,.T.);
#192=EDGE_CURVE('',#206,#203,#266,.T.);
#193=EDGE_CURVE('',#232,#200,#267,.T.);
#194=EDGE_CURVE('',#222,#204,#268,.T.);
#195=EDGE_CURVE('',#207,#229,#269,.T.);
#196=EDGE_CURVE('',#233,#221,#270,.T.);
#197=EDGE_CURVE('',#230,#201,#271,.T.);
#198=EDGE_CURVE('',#236,#236,#27,.T.);
#199=EDGE_CURVE('',#237,#237,#28,.T.);
#200=VERTEX_POINT('',#450);
#201=VERTEX_POINT('',#451);
#202=VERTEX_POINT('',#453);
#203=VERTEX_POINT('',#463);
#204=VERTEX_POINT('',#464);
#205=VERTEX_POINT('',#466);
#206=VERTEX_POINT('',#476);
#207=VERTEX_POINT('',#478);
#208=VERTEX_POINT('',#756);
#209=VERTEX_POINT('',#757);
#210=VERTEX_POINT('',#796);
#211=VERTEX_POINT('',#797);
#212=VERTEX_POINT('',#816);
#213=VERTEX_POINT('',#818);
#214=VERTEX_POINT('',#820);
#215=VERTEX_POINT('',#822);
#216=VERTEX_POINT('',#824);
#217=VERTEX_POINT('',#826);
#218=VERTEX_POINT('',#845);
#219=VERTEX_POINT('',#856);
#220=VERTEX_POINT('',#1120);
#221=VERTEX_POINT('',#1121);
#222=VERTEX_POINT('',#1123);
#223=VERTEX_POINT('',#1128);
#224=VERTEX_POINT('',#1132);
#225=VERTEX_POINT('',#1133);
#226=VERTEX_POINT('',#1152);
#227=VERTEX_POINT('',#1153);
#228=VERTEX_POINT('',#1175);
#229=VERTEX_POINT('',#1176);
#230=VERTEX_POINT('',#1178);
#231=VERTEX_POINT('',#1183);
#232=VERTEX_POINT('',#1190);
#233=VERTEX_POINT('',#1192);
#234=VERTEX_POINT('',#1207);
#235=VERTEX_POINT('',#1208);
#236=VERTEX_POINT('',#1515);
#237=VERTEX_POINT('',#1555);
#238=B_SPLINE_CURVE_WITH_KNOTS('',3,(#446,#447,#448,#449),.UNSPECIFIED.,
 .F.,.F.,(4,4),(1.2619633398058E-15,0.00223076930910579),.UNSPECIFIED.);
#239=B_SPLINE_CURVE_WITH_KNOTS('',3,(#454,#455,#456,#457),.UNSPECIFIED.,
 .F.,.F.,(4,4),(0.0663695549193764,0.0917670487794141),.UNSPECIFIED.);
#240=B_SPLINE_CURVE_WITH_KNOTS('',3,(#459,#460,#461,#462),.UNSPECIFIED.,
 .F.,.F.,(4,4),(4.23457335377018E-16,0.00223076930907858),.UNSPECIFIED.);
#241=B_SPLINE_CURVE_WITH_KNOTS('',3,(#467,#468,#469,#470),.UNSPECIFIED.,
 .F.,.F.,(4,4),(0.250440349567181,0.275743826638237),.UNSPECIFIED.);
#242=B_SPLINE_CURVE_WITH_KNOTS('',3,(#472,#473,#474,#475),.UNSPECIFIED.,
 .F.,.F.,(4,4),(0.0917670487794141,0.117162487075867),.UNSPECIFIED.);
#243=B_SPLINE_CURVE_WITH_KNOTS('',3,(#479,#480,#481,#482),.UNSPECIFIED.,
 .F.,.F.,(4,4),(0.011456565083007,0.0136758136935231),.UNSPECIFIED.);
#244=B_SPLINE_CURVE_WITH_KNOTS('',3,(#747,#748,#749,#750,#751,#752,#753,
#754,#755),.UNSPECIFIED.,.F.,.F.,(4,1,1,1,1,1,4),(0.,0.00449073029282661,
0.00673609543923992,0.00898146058565322,0.0112268257320665,0.0134721908784798,
0.0179629211713064),.UNSPECIFIED.);
#245=B_SPLINE_CURVE_WITH_KNOTS('',3,(#758,#759,#760,#761,#762,#763,#764,
#765,#766,#767,#768,#769,#770,#771,#772,#773,#774,#775,#776,#777,#778,#779,
#780,#781,#782,#783,#784,#785),.UNSPECIFIED.,.F.,.F.,(4,1,1,1,1,1,1,1,1,
1,1,1,1,1,1,1,1,1,1,1,1,1,1,1,1,4),(0.,0.00418309728160278,0.00836619456320556,
0.010457743204007,0.0125492918448083,0.0146408404856097,0.0167323891264111,
0.0188239377672125,0.0209154864080139,0.0250985836896167,0.0271901323304181,
0.0292816809712195,0.0313732296120209,0.0334647782528223,0.0355563268936236,
0.037647875534425,0.0418309728160278,0.0460140700976306,0.048105618738432,
0.0501971673792334,0.0522887160200348,0.0543802646608362,0.0564718133016376,
0.0585633619424389,0.0627464592240417,0.0669295565056445),.UNSPECIFIED.);
#246=B_SPLINE_CURVE_WITH_KNOTS('',3,(#786,#787,#788,#789,#790,#791,#792,
#793,#794,#795),.UNSPECIFIED.,.F.,.F.,(4,1,1,1,1,1,1,4),(0.,0.00282338035407759,
0.00564676070815518,0.00847014106223277,0.0112935214163104,0.0141169017703879,
0.0169402821244655,0.0225870428326207),.UNSPECIFIED.);
#247=B_SPLINE_CURVE_WITH_KNOTS('',3,(#798,#799,#800,#801,#802,#803,#804,
#805,#806,#807,#808,#809,#810,#811,#812,#813,#814,#815),.UNSPECIFIED.,.F.,
 .F.,(4,1,1,1,1,1,1,1,1,1,1,1,1,1,1,4),(0.,0.00448948297322187,0.00673422445983281,
0.00897896594644375,0.0112237074330547,0.0123460781763602,0.0134684489196656,
0.0145908196629711,0.0157131904062766,0.0162743757779293,0.016835561149582,
0.0171161538354084,0.0173967465212348,0.0176773392070611,0.0178176355499743,
0.0179579318928875),.UNSPECIFIED.);
#248=B_SPLINE_CURVE_WITH_KNOTS('',3,(#827,#828,#829,#830,#831,#832,#833,
#834,#835,#836,#837,#838,#839,#840,#841,#842,#843,#844),.UNSPECIFIED.,.F.,
 .F.,(4,1,1,1,1,1,1,1,1,1,1,1,1,1,1,4),(-5.99999745500388E-8,0.00014150895408052,
0.00028307790813559,0.000566215816245731,0.000849353724355871,0.00113249163246601,
0.00169876744868629,0.00226504326490657,0.00339759489734713,0.00453014652978769,
0.00566269816222826,0.00679524979466882,0.00906035305954994,0.0113254563244311,
0.0135905595893122,0.0181207661190744),.UNSPECIFIED.);
#249=B_SPLINE_CURVE_WITH_KNOTS('',3,(#846,#847,#848,#849,#850,#851,#852,
#853,#854,#855),.UNSPECIFIED.,.F.,.F.,(4,1,1,1,1,1,1,4),(0.,0.00567464928829089,
0.00851197393243634,0.0113492985765818,0.0141866232207272,0.0170239478648727,
0.0198612725090181,0.0226985971531636),.UNSPECIFIED.);
#250=B_SPLINE_CURVE_WITH_KNOTS('',3,(#857,#858,#859,#860,#861,#862,#863),
 .UNSPECIFIED.,.F.,.F.,(4,1,1,1,4),(0.,0.00335060718929768,0.00670121437859536,
0.010051821567893,0.0134024287571907),.UNSPECIFIED.);
#251=B_SPLINE_CURVE_WITH_KNOTS('',3,(#1083,#1084,#1085,#1086,#1087,#1088,
#1089,#1090,#1091,#1092,#1093,#1094,#1095,#1096,#1097,#1098,#1099,#1100,
#1101,#1102,#1103,#1104,#1105,#1106,#1107,#1108,#1109,#1110,#1111,#1112,
#1113,#1114),.UNSPECIFIED.,.F.,.F.,(4,1,1,1,1,1,1,1,1,1,1,1,1,1,1,1,1,1,
1,1,1,1,1,1,1,1,1,1,1,4),(6.5767824005412E-6,0.00609502111628078,0.0091392432832209,
0.012183465450161,0.0152276876171011,0.0182719097840413,0.0213161319509814,
0.0243603541179215,0.0274045762848616,0.0304487984518017,0.0334930206187419,
0.036537242785682,0.0395814649526221,0.0426256871195622,0.0456699092865023,
0.0487141314534425,0.0517583536203826,0.0548025757873227,0.0578467979542628,
0.0608910201212029,0.063935242288143,0.0669794644550832,0.0700236866220233,
0.0730679087889634,0.0761121309559035,0.0791563531228437,0.0822005752897838,
0.0852447974567239,0.0913332417906041,0.0974216861244844),.UNSPECIFIED.);
#252=B_SPLINE_CURVE_WITH_KNOTS('',3,(#1116,#1117,#1118,#1119),
 .UNSPECIFIED.,.F.,.F.,(4,4),(0.,0.0127608364994065),.UNSPECIFIED.);
#253=B_SPLINE_CURVE_WITH_KNOTS('',3,(#1124,#1125,#1126,#1127),
 .UNSPECIFIED.,.F.,.F.,(4,4),(0.00633655780546482,0.0190973943048657),
 .UNSPECIFIED.);
#254=B_SPLINE_CURVE_WITH_KNOTS('',3,(#1134,#1135,#1136,#1137,#1138,#1139,
#1140,#1141,#1142,#1143,#1144,#1145,#1146,#1147,#1148,#1149),
 .UNSPECIFIED.,.F.,.F.,(4,1,1,1,1,1,1,1,1,1,1,1,1,4),(0.,0.00461191872862178,
0.00922383745724355,0.0184476749144871,0.0230595936431089,0.0276715123717307,
0.0368953498289742,0.041507268557596,0.0461191872862178,0.0553430247434613,
0.0599549434720831,0.0645668622007049,0.0691787809293266,0.0737906996579484),
 .UNSPECIFIED.);
#255=B_SPLINE_CURVE_WITH_KNOTS('',3,(#1154,#1155,#1156,#1157,#1158,#1159,
#1160,#1161,#1162,#1163,#1164,#1165,#1166,#1167,#1168,#1169),
 .UNSPECIFIED.,.F.,.F.,(4,1,1,1,1,1,1,1,1,1,1,1,1,4),(0.,0.0046276702638366,
0.00925534052767321,0.0138830107915098,0.0185106810553464,0.0277660215830196,
0.0323936918468562,0.0370213621106928,0.046276702638366,0.0509043729022026,
0.0555320431660393,0.0647873836937125,0.0694150539575491,0.0740427242213857),
 .UNSPECIFIED.);
#256=B_SPLINE_CURVE_WITH_KNOTS('',3,(#1171,#1172,#1173,#1174),
 .UNSPECIFIED.,.F.,.F.,(4,4),(0.,0.0127608364994062),.UNSPECIFIED.);
#257=B_SPLINE_CURVE_WITH_KNOTS('',3,(#1179,#1180,#1181,#1182),
 .UNSPECIFIED.,.F.,.F.,(4,4),(0.00633655780546438,0.0190973943048657),
 .UNSPECIFIED.);
#258=B_SPLINE_CURVE_WITH_KNOTS('',3,(#1186,#1187,#1188,#1189),
 .UNSPECIFIED.,.F.,.F.,(4,4),(0.275743826638237,0.301048721321777),
 .UNSPECIFIED.);
#259=B_SPLINE_CURVE_WITH_KNOTS('',3,(#1193,#1194,#1195,#1196),
 .UNSPECIFIED.,.F.,.F.,(4,4),(0.0114565650830711,0.0136758136935179),
 .UNSPECIFIED.);
#260=B_SPLINE_CURVE_WITH_KNOTS('',3,(#1198,#1199,#1200,#1201,#1202,#1203,
#1204,#1205,#1206),.UNSPECIFIED.,.F.,.F.,(4,1,1,1,1,1,4),(0.,0.00770863289523044,
0.0115629493428457,0.0154172657904609,0.0192715822380761,0.0231258986856913,
0.0308345315809217),.UNSPECIFIED.);
#261=B_SPLINE_CURVE_WITH_KNOTS('',3,(#1209,#1210,#1211,#1212,#1213,#1214,
#1215,#1216,#1217,#1218,#1219,#1220,#1221,#1222,#1223,#1224,#1225,#1226,
#1227,#1228,#1229,#1230,#1231,#1232,#1233,#1234,#1235,#1236,#1237,#1238,
#1239),.UNSPECIFIED.,.F.,.F.,(4,1,1,1,1,1,1,1,1,1,1,1,1,1,1,1,1,1,1,1,1,
1,1,1,1,1,1,1,4),(1.21127431603925E-15,0.00668690912239395,0.0100303636835903,
0.0133738182447867,0.016717272805983,0.0200607273671794,0.0217324546477776,
0.0234041819283758,0.0267476364895722,0.0300910910507685,0.0334345456119649,
0.0401214547343576,0.0468083638567504,0.0534952729791431,0.0601821821015358,
0.0668690912239286,0.0702125457851249,0.0735560003463213,0.0768994549075177,
0.080242909468714,0.0835863640299104,0.0869298185911068,0.088601545871705,
0.0902732731523032,0.0936167277134995,0.0969601822746959,0.100303636835892,
0.103647091397089,0.106990545958285),.UNSPECIFIED.);
#262=B_SPLINE_CURVE_WITH_KNOTS('',3,(#1240,#1241,#1242,#1243),
 .UNSPECIFIED.,.F.,.F.,(4,4),(0.,0.00662350107614318),.UNSPECIFIED.);
#263=B_SPLINE_CURVE_WITH_KNOTS('',3,(#1244,#1245,#1246,#1247),
 .UNSPECIFIED.,.F.,.F.,(4,4),(0.,0.00662350107614315),.UNSPECIFIED.);
#264=B_SPLINE_CURVE_WITH_KNOTS('',3,(#1248,#1249,#1250,#1251),
 .UNSPECIFIED.,.F.,.F.,(4,4),(0.,0.00662350107615232),.UNSPECIFIED.);
#265=B_SPLINE_CURVE_WITH_KNOTS('',3,(#1252,#1253,#1254,#1255),
 .UNSPECIFIED.,.F.,.F.,(4,4),(0.,0.00662350107615236),.UNSPECIFIED.);
#266=B_SPLINE_CURVE_WITH_KNOTS('',3,(#1257,#1258,#1259,#1260,#1261,#1262,
#1263,#1264,#1265,#1266,#1267,#1268,#1269,#1270,#1271,#1272,#1273,#1274,
#1275,#1276,#1277,#1278,#1279,#1280,#1281),.UNSPECIFIED.,.F.,.F.,(4,1,1,
1,1,1,1,1,1,1,1,1,1,1,1,1,1,1,1,1,1,1,4),(0.,0.00561703659330597,0.0112340731866119,
0.0140425914832649,0.0168511097799179,0.0196596280765709,0.0224681463732239,
0.0280851829665298,0.0337022195598358,0.0393192561531418,0.0421277744497947,
0.0449362927464477,0.0505533293397537,0.0533618476364067,0.0561703659330597,
0.0589788842297126,0.0617874025263656,0.0674044391196716,0.0730214757129776,
0.0758299940096305,0.0786385123062835,0.0842555488995895,0.0898725854928955),
 .UNSPECIFIED.);
#267=B_SPLINE_CURVE_WITH_KNOTS('',3,(#1282,#1283,#1284,#1285,#1286,#1287,
#1288,#1289,#1290,#1291,#1292,#1293,#1294,#1295,#1296,#1297,#1298,#1299,
#1300,#1301,#1302,#1303,#1304,#1305,#1306),.UNSPECIFIED.,.F.,.F.,(4,1,1,
1,1,1,1,1,1,1,1,1,1,1,1,1,1,1,1,1,1,1,4),(0.,0.00559082396195466,0.0111816479239093,
0.0139770599048867,0.016772471885864,0.0223632958478186,0.0279541198097733,
0.0307495317907506,0.033544943771728,0.0363403557527053,0.0391357677336826,
0.0447265916956373,0.0475220036766146,0.050317415657592,0.0559082396195466,
0.0614990635815013,0.0670898875434559,0.0698852995244333,0.0726807115054106,
0.0754761234863879,0.0782715354673653,0.0838623594293199,0.0894531833912746),
 .UNSPECIFIED.);
#268=B_SPLINE_CURVE_WITH_KNOTS('',3,(#1394,#1395,#1396,#1397,#1398,#1399,
#1400,#1401),.UNSPECIFIED.,.F.,.F.,(4,1,1,1,1,4),(6.00644139557592E-15,
0.00367953986137341,0.00551930979205711,0.00735907972274081,0.0110386195841082,
0.0147181594454756),.UNSPECIFIED.);
#269=B_SPLINE_CURVE_WITH_KNOTS('',3,(#1402,#1403,#1404,#1405,#1406,#1407,
#1408),.UNSPECIFIED.,.F.,.F.,(4,1,1,1,4),(1.12384378697804E-15,0.00365888786290438,
0.00731777572580763,0.0109766635887109,0.0146355514516141),
 .UNSPECIFIED.);
#270=B_SPLINE_CURVE_WITH_KNOTS('',3,(#1496,#1497,#1498,#1499,#1500,#1501,
#1502),.UNSPECIFIED.,.F.,.F.,(4,1,1,1,4),(9.38477384186979E-16,0.00365888786291904,
0.00731777572583714,0.0109766635887552,0.0146355514516733),
 .UNSPECIFIED.);
#271=B_SPLINE_CURVE_WITH_KNOTS('',3,(#1503,#1504,#1505,#1506,#1507,#1508,
#1509,#1510),.UNSPECIFIED.,.F.,.F.,(4,1,1,1,1,4),(5.52335954751015E-15,
0.00367953986136744,0.00551930979204839,0.00735907972272935,0.0110386195840913,
0.0147181594454532),.UNSPECIFIED.);
#272=EDGE_LOOP('',(#47,#48,#49));
#273=EDGE_LOOP('',(#50,#51,#52));
#274=EDGE_LOOP('',(#53,#54,#55));
#275=EDGE_LOOP('',(#56,#57));
#276=EDGE_LOOP('',(#58,#59,#60,#61,#62,#63,#64,#65,#66,#67));
#277=EDGE_LOOP('',(#68,#69,#70,#71,#72,#73));
#278=EDGE_LOOP('',(#74,#75,#76,#77));
#279=EDGE_LOOP('',(#78,#79));
#280=EDGE_LOOP('',(#80,#81));
#281=EDGE_LOOP('',(#82,#83,#84,#85));
#282=EDGE_LOOP('',(#86,#87,#88));
#283=EDGE_LOOP('',(#89,#90));
#284=EDGE_LOOP('',(#91,#92,#93,#94,#95,#96,#97,#98));
#285=EDGE_LOOP('',(#99,#100,#101,#102,#103,#104));
#286=EDGE_LOOP('',(#105,#106,#107,#108,#109,#110,#111,#112,#113,#114));
#287=EDGE_LOOP('',(#115,#116,#117,#118,#119,#120,#121,#122,#123,#124));
#288=EDGE_LOOP('',(#125,#126,#127,#128,#129));
#289=EDGE_LOOP('',(#130,#131,#132,#133,#134));
#290=EDGE_LOOP('',(#135));
#291=EDGE_LOOP('',(#136,#137,#138,#139,#140,#141));
#292=EDGE_LOOP('',(#142));
#293=EDGE_LOOP('',(#143));
#294=EDGE_LOOP('',(#144));
#295=EDGE_LOOP('',(#145,#146));
#296=EDGE_LOOP('',(#147,#148));
#297=FACE_BOUND('',#272,.T.);
#298=FACE_BOUND('',#273,.T.);
#299=FACE_BOUND('',#274,.T.);
#300=FACE_BOUND('',#275,.T.);
#301=FACE_BOUND('',#276,.T.);
#302=FACE_BOUND('',#277,.T.);
#303=FACE_BOUND('',#278,.T.);
#304=FACE_BOUND('',#279,.T.);
#305=FACE_BOUND('',#280,.T.);
#306=FACE_BOUND('',#281,.T.);
#307=FACE_BOUND('',#282,.T.);
#308=FACE_BOUND('',#283,.T.);
#309=FACE_BOUND('',#284,.T.);
#310=FACE_BOUND('',#285,.T.);
#311=FACE_BOUND('',#286,.T.);
#312=FACE_BOUND('',#287,.T.);
#313=FACE_BOUND('',#288,.T.);
#314=FACE_BOUND('',#289,.T.);
#315=FACE_BOUND('',#290,.T.);
#316=FACE_BOUND('',#291,.T.);
#317=FACE_BOUND('',#292,.T.);
#318=FACE_BOUND('',#293,.T.);
#319=FACE_BOUND('',#294,.T.);
#320=FACE_BOUND('',#295,.T.);
#321=FACE_BOUND('',#296,.T.);
#322=PLANE('',#365);
#323=PLANE('',#366);
#324=PLANE('',#367);
#325=PLANE('',#373);
#326=PLANE('',#374);
#327=PLANE('',#376);
#328=PLANE('',#378);
#329=PLANE('',#379);
#330=PLANE('',#384);
#331=PLANE('',#387);
#332=ADVANCED_FACE('',(#297),#322,.T.);
#333=ADVANCED_FACE('',(#298),#323,.T.);
#334=ADVANCED_FACE('',(#299),#324,.T.);
#335=ADVANCED_FACE('',(#300,#301),#29,.T.);
#336=ADVANCED_FACE('',(#302),#16,.F.);
#337=ADVANCED_FACE('',(#303),#325,.T.);
#338=ADVANCED_FACE('',(#304),#326,.F.);
#339=ADVANCED_FACE('',(#305),#327,.T.);
#340=ADVANCED_FACE('',(#306),#328,.F.);
#341=ADVANCED_FACE('',(#307),#329,.T.);
#342=ADVANCED_FACE('',(#308,#309),#13,.T.);
#343=ADVANCED_FACE('',(#310),#12,.F.);
#344=ADVANCED_FACE('',(#311),#17,.T.);
#345=ADVANCED_FACE('',(#312),#18,.T.);
#346=ADVANCED_FACE('',(#313),#14,.T.);
#347=ADVANCED_FACE('',(#314),#15,.T.);
#348=ADVANCED_FACE('',(#315,#316),#330,.F.);
#349=ADVANCED_FACE('',(#317,#318),#30,.T.);
#350=ADVANCED_FACE('',(#319),#331,.F.);
#351=ADVANCED_FACE('',(#320,#321),#19,.F.);
#352=CLOSED_SHELL('',(#332,#333,#334,#335,#336,#337,#338,#339,#340,#341,
#342,#343,#344,#345,#346,#347,#348,#349,#350,#351));
#353=STYLED_ITEM('',(#354),#361);
#354=PRESENTATION_STYLE_ASSIGNMENT((#355));
#355=SURFACE_STYLE_USAGE(.BOTH.,#356);
#356=SURFACE_SIDE_STYLE('',(#357));
#357=SURFACE_STYLE_FILL_AREA(#358);
#358=FILL_AREA_STYLE('',(#359));
#359=FILL_AREA_STYLE_COLOUR('',#360);
#360=COLOUR_RGB('',0.901960784313726,0.901960784313726,0.901960784313726);
#361=MANIFOLD_SOLID_BREP('Perch_Desk_UpperLarge',#352);
#362=SHAPE_DEFINITION_REPRESENTATION(#1695,#363);
#363=SHAPE_REPRESENTATION('Perch_Desk_UpperLarge',(#364),#1690);
#364=AXIS2_PLACEMENT_3D('',#444,#388,#389);
#365=AXIS2_PLACEMENT_3D('',#445,#390,#391);
#366=AXIS2_PLACEMENT_3D('',#458,#393,#394);
#367=AXIS2_PLACEMENT_3D('',#471,#396,#397);
#368=AXIS2_PLACEMENT_3D('',#817,#399,#400);
#369=AXIS2_PLACEMENT_3D('',#819,#401,#402);
#370=AXIS2_PLACEMENT_3D('',#821,#403,#404);
#371=AXIS2_PLACEMENT_3D('',#823,#405,#406);
#372=AXIS2_PLACEMENT_3D('',#825,#407,#408);
#373=AXIS2_PLACEMENT_3D('',#1115,#409,#410);
#374=AXIS2_PLACEMENT_3D('',#1130,#413,#414);
#375=AXIS2_PLACEMENT_3D('',#1131,#415,#416);
#376=AXIS2_PLACEMENT_3D('',#1150,#417,#418);
#377=AXIS2_PLACEMENT_3D('',#1151,#419,#420);
#378=AXIS2_PLACEMENT_3D('',#1170,#421,#422);
#379=AXIS2_PLACEMENT_3D('',#1185,#425,#426);
#380=AXIS2_PLACEMENT_3D('',#1197,#428,#429);
#381=AXIS2_PLACEMENT_3D('',#1256,#430,#431);
#382=AXIS2_PLACEMENT_3D('',#1511,#432,#433);
#383=AXIS2_PLACEMENT_3D('',#1512,#434,#435);
#384=AXIS2_PLACEMENT_3D('',#1513,#436,#437);
#385=AXIS2_PLACEMENT_3D('',#1514,#438,#439);
#386=AXIS2_PLACEMENT_3D('',#1554,#440,#441);
#387=AXIS2_PLACEMENT_3D('',#1556,#442,#443);
#388=DIRECTION('',(0.,0.,1.));
#389=DIRECTION('',(1.,0.,0.));
#390=DIRECTION('',(0.,0.,1.));
#391=DIRECTION('',(1.,0.,0.));
#392=DIRECTION('',(-1.,0.,0.));
#393=DIRECTION('',(0.,0.,1.));
#394=DIRECTION('',(1.,0.,0.));
#395=DIRECTION('',(-1.,0.,0.));
#396=DIRECTION('',(0.,0.,1.));
#397=DIRECTION('',(1.,0.,0.));
#398=DIRECTION('',(-1.,0.,0.));
#399=DIRECTION('',(0.,0.,1.));
#400=DIRECTION('',(1.,0.,0.));
#401=DIRECTION('',(0.,0.,1.));
#402=DIRECTION('',(1.,0.,0.));
#403=DIRECTION('',(0.,0.,1.));
#404=DIRECTION('',(1.,0.,0.));
#405=DIRECTION('',(0.,0.,1.));
#406=DIRECTION('',(1.,0.,0.));
#407=DIRECTION('',(0.,0.,1.));
#408=DIRECTION('',(1.,0.,0.));
#409=DIRECTION('',(0.,1.,0.));
#410=DIRECTION('',(0.,0.,1.));
#411=DIRECTION('',(-1.,0.,0.));
#412=DIRECTION('',(-1.,0.,0.));
#413=DIRECTION('',(-1.,2.18547839493141E-16,0.));
#414=DIRECTION('',(-2.18547839493141E-16,-1.,0.));
#415=DIRECTION('',(-1.,2.18547839493141E-16,0.));
#416=DIRECTION('',(-2.18547839493141E-16,-1.,0.));
#417=DIRECTION('',(-1.,2.18547839493141E-16,0.));
#418=DIRECTION('',(-2.18547839493141E-16,-1.,0.));
#419=DIRECTION('',(-1.,2.18547839493141E-16,0.));
#420=DIRECTION('',(-2.18547839493141E-16,-1.,0.));
#421=DIRECTION('',(0.,1.,0.));
#422=DIRECTION('',(0.,0.,1.));
#423=DIRECTION('',(-1.,0.,0.));
#424=DIRECTION('',(-1.,0.,0.));
#425=DIRECTION('',(0.,0.,1.));
#426=DIRECTION('',(1.,0.,0.));
#427=DIRECTION('',(-1.,0.,0.));
#428=DIRECTION('',(-1.,0.,0.));
#429=DIRECTION('',(0.,0.,1.));
#430=DIRECTION('',(0.,-1.,0.));
#431=DIRECTION('',(0.,0.,-1.));
#432=DIRECTION('',(-1.,0.,0.));
#433=DIRECTION('',(0.,0.,1.));
#434=DIRECTION('',(1.,0.,0.));
#435=DIRECTION('',(0.,0.,-1.));
#436=DIRECTION('',(0.,0.,1.));
#437=DIRECTION('',(1.,0.,0.));
#438=DIRECTION('',(0.,0.,1.));
#439=DIRECTION('',(1.,0.,0.));
#440=DIRECTION('',(0.,0.,1.));
#441=DIRECTION('',(1.,0.,0.));
#442=DIRECTION('',(0.,0.,1.));
#443=DIRECTION('',(1.,0.,0.));
#444=CARTESIAN_POINT('',(0.,0.,0.));
#445=CARTESIAN_POINT('',(2.77555756156289E-17,-0.13845153005921,0.233309382180726));
#446=CARTESIAN_POINT('',(-0.0251076610109693,-0.124348954323588,0.233309382180725));
#447=CARTESIAN_POINT('',(-0.0258617842993105,-0.124331494516324,0.233309382180725));
#448=CARTESIAN_POINT('',(-0.0266060297874276,-0.124381319043722,0.233309382180726));
#449=CARTESIAN_POINT('',(-0.0273408175094718,-0.12449556677092,0.233309382180726));
#450=CARTESIAN_POINT('',(-0.025107661010968,-0.124348954323588,0.233309382180726));
#451=CARTESIAN_POINT('',(-0.0273408175094718,-0.12449556677092,0.233309382180726));
#452=CARTESIAN_POINT('',(0.0364675482522831,-0.12449556677092,0.233309382180726));
#453=CARTESIAN_POINT('',(-2.11071418922278E-9,-0.124495566770918,0.233309382180726));
#454=CARTESIAN_POINT('',(-0.025107661010968,-0.124348954323588,0.233309382180726));
#455=CARTESIAN_POINT('',(-0.0167466235060569,-0.124542532887758,0.233309382180726));
#456=CARTESIAN_POINT('',(-0.00837198501907325,-0.124495566770918,0.233309382180726));
#457=CARTESIAN_POINT('',(-2.11071418692157E-9,-0.124495566770918,0.233309382180726));
#458=CARTESIAN_POINT('',(2.77555756156289E-17,-0.13845153005921,0.233309382180726));
#459=CARTESIAN_POINT('',(0.0251076610109694,-0.0738421792182482,0.233309382180725));
#460=CARTESIAN_POINT('',(0.0258617842993017,-0.0738596390255121,0.233309382180725));
#461=CARTESIAN_POINT('',(0.0266060297874092,-0.0738098144981155,0.233309382180726));
#462=CARTESIAN_POINT('',(0.027340817509445,-0.0736955667709202,0.233309382180726));
#463=CARTESIAN_POINT('',(0.025107661010969,-0.0738421792182484,0.233309382180726));
#464=CARTESIAN_POINT('',(0.027340817509445,-0.0736955667709203,0.233309382180726));
#465=CARTESIAN_POINT('',(2.77555756156289E-17,-0.0736955667709203,0.233309382180726));
#466=CARTESIAN_POINT('',(-2.69964399649973E-10,-0.0736955667709182,0.233309382180726));
#467=CARTESIAN_POINT('',(0.025107661010969,-0.0738421792182484,0.233309382180726));
#468=CARTESIAN_POINT('',(0.0167391286855455,-0.0736484271305664,0.233309382180726));
#469=CARTESIAN_POINT('',(0.00836945226488943,-0.0736955667709182,0.233309382180726));
#470=CARTESIAN_POINT('',(-2.69964382023946E-10,-0.0736955667709182,0.233309382180726));
#471=CARTESIAN_POINT('',(2.77555756156289E-17,-0.13845153005921,0.233309382180726));
#472=CARTESIAN_POINT('',(-2.11071418692157E-9,-0.124495566770918,0.233309382180727));
#473=CARTESIAN_POINT('',(0.00837130320546623,-0.124495566770918,0.233309382180727));
#474=CARTESIAN_POINT('',(0.0167454033341538,-0.124542561137736,0.233309382180727));
#475=CARTESIAN_POINT('',(0.0251076610109691,-0.124348954323588,0.233309382180727));
#476=CARTESIAN_POINT('',(0.0251076610109691,-0.124348954323588,0.233309382180726));
#477=CARTESIAN_POINT('',(0.0364675482522831,-0.12449556677092,0.233309382180726));
#478=CARTESIAN_POINT('',(0.0273408175094944,-0.124495566770924,0.233309382180726));
#479=CARTESIAN_POINT('',(0.0273408175094943,-0.124495566770924,0.233309382180726));
#480=CARTESIAN_POINT('',(0.026608569136471,-0.124381713871844,0.233309382180727));
#481=CARTESIAN_POINT('',(0.0258579077235977,-0.124331584268578,0.233309382180727));
#482=CARTESIAN_POINT('',(0.0251076610109691,-0.124348954323588,0.233309382180726));
#483=CARTESIAN_POINT('',(0.0190500000006813,-0.00509146419739681,0.0253999999976619));
#484=CARTESIAN_POINT('',(0.0190499999995002,-0.00760853580045777,0.0253999999976501));
#485=CARTESIAN_POINT('',(0.0189265082557074,-0.00884604060177013,0.0253999999976512));
#486=CARTESIAN_POINT('',(0.0185636086476595,-0.0106720414539256,0.0253999999976464));
#487=CARTESIAN_POINT('',(0.0184128115986926,-0.0112756281822237,0.0253999999976462));
#488=CARTESIAN_POINT('',(0.0181408493145506,-0.0121732140717973,0.0253999999976431));
#489=CARTESIAN_POINT('',(0.0180423691712104,-0.0124716176989276,0.0253999999976428));
#490=CARTESIAN_POINT('',(0.0178306024117261,-0.0130634868884337,0.0253999999976417));
#491=CARTESIAN_POINT('',(0.0177178291602435,-0.0133556031928078,0.025399999997641));
#492=CARTESIAN_POINT('',(0.0171202133106073,-0.0147974810656643,0.0253999999976382));
#493=CARTESIAN_POINT('',(0.0165350826945734,-0.0158916641287622,0.0253999999976361));
#494=CARTESIAN_POINT('',(0.0156710706901401,-0.0171859082121958,0.0253999999976331));
#495=CARTESIAN_POINT('',(0.0154915786532629,-0.017441049706935,0.0253999999976331));
#496=CARTESIAN_POINT('',(0.0151190014560878,-0.0179437995384347,0.0253999999976311));
#497=CARTESIAN_POINT('',(0.0149253823044448,-0.0181920460291281,0.0253999999976313));
#498=CARTESIAN_POINT('',(0.0143278194575623,-0.0189202209221368,0.0253999999976294));
#499=CARTESIAN_POINT('',(0.0139085959981262,-0.019382251112192,0.0253999999976285));
#500=CARTESIAN_POINT('',(0.0125903340518028,-0.0207002764889227,0.025399999997627));
#501=CARTESIAN_POINT('',(0.01163127758357,-0.0214888508174123,0.0253999999976242));
#502=CARTESIAN_POINT('',(0.0103297950146634,-0.0223592439723569,0.0253999999976235));
#503=CARTESIAN_POINT('',(0.0100635630017944,-0.0225279356446173,0.0253999999976226));
#504=CARTESIAN_POINT('',(0.00952545633002766,-0.0228505025293579,0.0253999999976228));
#505=CARTESIAN_POINT('',(0.00925342567758987,-0.023004542956829,0.0253999999976224));
#506=CARTESIAN_POINT('',(0.00842856657542109,-0.0234453361206107,0.0253999999976208));
#507=CARTESIAN_POINT('',(0.00786699168506444,-0.0237108111061297,0.0253999999976217));
#508=CARTESIAN_POINT('',(0.00672085736381181,-0.0241858458372376,0.0253999999976193));
#509=CARTESIAN_POINT('',(0.00613629783760296,-0.0243954053509946,0.0253999999976201));
#510=CARTESIAN_POINT('',(0.0052419852945793,-0.0246672368685989,0.025399999997619));
#511=CARTESIAN_POINT('',(0.00494096374558534,-0.0247507501984006,0.0253999999976192));
#512=CARTESIAN_POINT('',(0.00433298153510174,-0.0249033285857481,0.0253999999976187));
#513=CARTESIAN_POINT('',(0.00402537069933197,-0.0249724894139243,0.0253999999976183));
#514=CARTESIAN_POINT('',(0.00248849166977498,-0.025278324004748,0.0253999999976198));
#515=CARTESIAN_POINT('',(0.00125247381868193,-0.0253993376437907,0.0253999999976172));
#516=CARTESIAN_POINT('',(-0.000611064106729163,-0.0254003271483803,0.0253999999976184));
#517=CARTESIAN_POINT('',(-0.00123384001797462,-0.0253703518929232,0.0253999999976181));
#518=CARTESIAN_POINT('',(-0.00217047162193328,-0.0252785489337352,0.0253999999976182));
#519=CARTESIAN_POINT('',(-0.00248327514065166,-0.0252400474657429,0.0253999999976185));
#520=CARTESIAN_POINT('',(-0.00310276223903268,-0.0251482290435884,0.0253999999976182));
#521=CARTESIAN_POINT('',(-0.00341031784095179,-0.0250948444279278,0.0253999999976186));
#522=CARTESIAN_POINT('',(-0.00493733774843931,-0.0247911649035619,0.0253999999976186));
#523=CARTESIAN_POINT('',(-0.00612483451926361,-0.0244316487815009,0.0253999999976199));
#524=CARTESIAN_POINT('',(-0.00756631906246707,-0.0238357266318738,0.0253999999976206));
#525=CARTESIAN_POINT('',(-0.00785245240791702,-0.0237091501087452,0.0253999999976208));
#526=CARTESIAN_POINT('',(-0.0084203062329314,-0.023440919935912,0.0253999999976215));
#527=CARTESIAN_POINT('',(-0.00870152638823613,-0.0232994490404481,0.0253999999976217));
#528=CARTESIAN_POINT('',(-0.00952936179231777,-0.0228571287928769,0.0253999999976222));
#529=CARTESIAN_POINT('',(-0.0100631750253896,-0.0225370396681126,0.0253999999976231));
#530=CARTESIAN_POINT('',(-0.0116116857171532,-0.021502961233506,0.0253999999976246));
#531=CARTESIAN_POINT('',(-0.012573970803612,-0.020715881326444,0.025399999997625));
#532=CARTESIAN_POINT('',(-0.0139082167554167,-0.0193830043993096,0.0253999999976295));
#533=CARTESIAN_POINT('',(-0.0143287697341419,-0.0189188468707625,0.0253999999976295));
#534=CARTESIAN_POINT('',(-0.0151183118069007,-0.0179571616630049,0.0253999999976319));
#535=CARTESIAN_POINT('',(-0.0154881134106674,-0.017458818165604,0.0253999999976322));
#536=CARTESIAN_POINT('',(-0.0161781750760204,-0.0164274078645412,0.025399999997635));
#537=CARTESIAN_POINT('',(-0.0164984366703937,-0.0158943421352188,0.0253999999976353));
#538=CARTESIAN_POINT('',(-0.0170883790937952,-0.0147927589863848,0.0253999999976384));
#539=CARTESIAN_POINT('',(-0.0173588344049403,-0.0142217016053003,0.0253999999976392));
#540=CARTESIAN_POINT('',(-0.0180765212052962,-0.012490289360152,0.0253999999976429));
#541=CARTESIAN_POINT('',(-0.0184369263686803,-0.0113028391662263,0.0253999999976455));
#542=CARTESIAN_POINT('',(-0.018741692438826,-0.00977757022270678,0.0253999999976486));
#543=CARTESIAN_POINT('',(-0.0187952928933537,-0.00947045014950638,0.0253999999976491));
#544=CARTESIAN_POINT('',(-0.0188875664026646,-0.00885201508080892,0.0253999999976508));
#545=CARTESIAN_POINT('',(-0.0189262930663168,-0.00854013896410237,0.0253999999976511));
#546=CARTESIAN_POINT('',(-0.0190192128622616,-0.00760186012753599,0.0253999999976536));
#547=CARTESIAN_POINT('',(-0.0190497790856802,-0.00697833350129428,0.0253999999976542));
#548=CARTESIAN_POINT('',(-0.0190504382584804,-0.00511353448161107,0.0253999999976595));
#549=CARTESIAN_POINT('',(-0.0189303481322967,-0.00387798856582907,0.0253999999976626));
#550=CARTESIAN_POINT('',(-0.01862651057672,-0.00234331745044864,0.0253999999976643));
#551=CARTESIAN_POINT('',(-0.0185577752877059,-0.00203606243838182,0.0253999999976653));
#552=CARTESIAN_POINT('',(-0.0184055325064906,-0.00142684510973043,0.0253999999976665));
#553=CARTESIAN_POINT('',(-0.0183221809820685,-0.00112529996606455,0.0253999999976668));
#554=CARTESIAN_POINT('',(-0.0180508553038457,-0.000229677434546893,0.0253999999976698));
#555=CARTESIAN_POINT('',(-0.017841660377377,0.000355408380371833,0.0253999999976697));
#556=CARTESIAN_POINT('',(-0.0173676011036642,0.00150199200690802,0.0253999999976731));
#557=CARTESIAN_POINT('',(-0.0171027360637144,0.00206348952499469,0.0253999999976737));
#558=CARTESIAN_POINT('',(-0.0166631896454391,0.00288783430079276,0.0253999999976754));
#559=CARTESIAN_POINT('',(-0.0165096202369396,0.00315962702994352,0.0253999999976762));
#560=CARTESIAN_POINT('',(-0.0161881339369408,0.00369713323554192,0.0253999999976766));
#561=CARTESIAN_POINT('',(-0.0160197209548833,0.00396355578005262,0.0253999999976778));
#562=CARTESIAN_POINT('',(-0.0151491301915559,0.0052681164961553,0.0253999999976786));
#563=CARTESIAN_POINT('',(-0.0143608258514667,0.00622822526430168,0.0253999999976824));
#564=CARTESIAN_POINT('',(-0.0130447624400133,0.0075468455194215,0.0253999999976838));
#565=CARTESIAN_POINT('',(-0.012583645381385,0.00796598159399861,0.0253999999976851));
#566=CARTESIAN_POINT('',(-0.0118573637353749,0.00856320439379364,0.0253999999976859));
#567=CARTESIAN_POINT('',(-0.0116089589458508,0.00875737515826259,0.0253999999976862));
#568=CARTESIAN_POINT('',(-0.0111057546934353,0.00913105050291234,0.025399999997687));
#569=CARTESIAN_POINT('',(-0.010850441416981,0.00931101802015551,0.0253999999976873));
#570=CARTESIAN_POINT('',(-0.00955564357654466,0.010177105168693,0.0253999999976885));
#571=CARTESIAN_POINT('',(-0.0084619839658965,0.0107629348769833,0.0253999999976892));
#572=CARTESIAN_POINT('',(-0.00702248031112239,0.0113611397462951,0.0253999999976908));
#573=CARTESIAN_POINT('',(-0.00673092562084885,0.0114740164380521,0.0253999999976909));
#574=CARTESIAN_POINT('',(-0.00614037020307119,0.0116859855694697,0.0253999999976912));
#575=CARTESIAN_POINT('',(-0.00584120208090486,0.011785073700197,0.0253999999976915));
#576=CARTESIAN_POINT('',(-0.00494248568832861,0.0120583267722697,0.0253999999976916));
#577=CARTESIAN_POINT('',(-0.00433845184718765,0.0122097883390147,0.0253999999976914));
#578=CARTESIAN_POINT('',(-0.00251205879123935,0.0125744204928012,0.0253999999976939));
#579=CARTESIAN_POINT('',(-0.00127554645169534,0.0126987077510521,0.0253999999976913));
#580=CARTESIAN_POINT('',(0.000294576969316955,0.0127003106550927,0.0253999999976932));
#581=CARTESIAN_POINT('',(0.00060926161517234,0.0126928247943653,0.0253999999976926));
#582=CARTESIAN_POINT('',(0.00123423098721573,0.0126625497958365,0.025399999997693));
#583=CARTESIAN_POINT('',(0.00154532899971764,0.0126397685948372,0.0253999999976931));
#584=CARTESIAN_POINT('',(0.00247452805948023,0.0125488524194165,0.0253999999976918));
#585=CARTESIAN_POINT('',(0.00308854376417755,0.0124581979841475,0.0253999999976925));
#586=CARTESIAN_POINT('',(0.00430577975932013,0.0122173820087117,0.0253999999976921));
#587=CARTESIAN_POINT('',(0.0049090002938253,0.0120672218138633,0.0253999999976919));
#588=CARTESIAN_POINT('',(0.00580557887934637,0.0117964931794175,0.0253999999976913));
#589=CARTESIAN_POINT('',(0.00610306058609416,0.0116986553927245,0.0253999999976917));
#590=CARTESIAN_POINT('',(0.00669521093639877,0.011487473490216,0.0253999999976905));
#591=CARTESIAN_POINT('',(0.00698840203634761,0.0113746285401991,0.025399999997691));
#592=CARTESIAN_POINT('',(0.00843286932661302,0.0107775431075035,0.0253999999976886));
#593=CARTESIAN_POINT('',(0.00952772065377663,0.0101930369834836,0.0253999999976889));
#594=CARTESIAN_POINT('',(0.0110803505816635,0.00915854891289395,0.0253999999976869));
#595=CARTESIAN_POINT('',(0.0115829555655196,0.00878715725365711,0.0253999999976864));
#596=CARTESIAN_POINT('',(0.0125565441064699,0.00798986016204092,0.0253999999976849));
#597=CARTESIAN_POINT('',(0.0130195589773315,0.00757049824815166,0.0253999999976849));
#598=CARTESIAN_POINT('',(0.014339738347519,0.00625242650444289,0.0253999999976804));
#599=CARTESIAN_POINT('',(0.0151286816123226,0.00529429164437611,0.0253999999976811));
#600=CARTESIAN_POINT('',(0.0159989744339173,0.00399567877355513,0.0253999999976773));
#601=CARTESIAN_POINT('',(0.016167485504333,0.00373036109348775,0.0253999999976772));
#602=CARTESIAN_POINT('',(0.0164911936336221,0.00319158267010597,0.0253999999976758));
#603=CARTESIAN_POINT('',(0.0166457325611369,0.00291927825333403,0.0253999999976755));
#604=CARTESIAN_POINT('',(0.0170878475380077,0.00209379617209994,0.0253999999976736));
#605=CARTESIAN_POINT('',(0.0173539727801642,0.00153207000046955,0.0253999999976719));
#606=CARTESIAN_POINT('',(0.0178300475302356,0.000386230683044497,0.0253999999976711));
#607=CARTESIAN_POINT('',(0.0180399958724434,-0.000197882927309012,0.0253999999976698));
#608=CARTESIAN_POINT('',(0.0183123577192173,-0.00109101448372748,0.0253999999976668));
#609=CARTESIAN_POINT('',(0.0183960390156334,-0.00139155685731165,0.0253999999976664));
#610=CARTESIAN_POINT('',(0.0185489610504148,-0.00199839640954419,0.0253999999976656));
#611=CARTESIAN_POINT('',(0.0186183297763296,-0.00230536973942288,0.0253999999976648));
#612=CARTESIAN_POINT('',(0.0189264940414056,-0.00384597826989051,0.0253999999976608));
#613=CARTESIAN_POINT('',(0.0190500000006813,-0.00509146419739681,0.0253999999976619));
#614=CARTESIAN_POINT('',(0.0190499999995002,-0.00760853580045777,0.0253999999976501));
#615=CARTESIAN_POINT('',(0.0125777173205742,-0.0827643948465386,0.193945126491527));
#616=CARTESIAN_POINT('',(0.0125626889216596,-0.0844252925530943,0.194336481967838));
#617=CARTESIAN_POINT('',(0.0124828685943883,-0.0852404669279651,0.19452952841091));
#618=CARTESIAN_POINT('',(0.0122573819015477,-0.0864484888291516,0.194812005426181));
#619=CARTESIAN_POINT('',(0.0121644105504346,-0.0868486640980715,0.194904984421373));
#620=CARTESIAN_POINT('',(0.0119969727633081,-0.0874457987487604,0.195042320117136));
#621=CARTESIAN_POINT('',(0.0119363720681337,-0.0876446597871242,0.195087820847091));
#622=CARTESIAN_POINT('',(0.0118059786684919,-0.088039878790388,0.195177709277064));
#623=CARTESIAN_POINT('',(0.0117365015744582,-0.0882353346288957,0.195221892594071));
#624=CARTESIAN_POINT('',(0.0113677848222786,-0.0892022264292351,0.195439007833742));
#625=CARTESIAN_POINT('',(0.0110051596415466,-0.0899430210613051,0.195600541020379));
#626=CARTESIAN_POINT('',(0.0104620311104996,-0.0908287537094994,0.195787270828498));
#627=CARTESIAN_POINT('',(0.0103488754779273,-0.0910038551344961,0.195823856993712));
#628=CARTESIAN_POINT('',(0.0101132196447334,-0.0913498553410692,0.195895506952223));
#629=CARTESIAN_POINT('',(0.00999037906116941,-0.0915211963199935,0.195930660316886));
#630=CARTESIAN_POINT('',(0.00960996774728592,-0.0920252036540358,0.196033126886148));
#631=CARTESIAN_POINT('',(0.00934141744646336,-0.0923469196945899,0.196097264219766));
#632=CARTESIAN_POINT('',(0.00849110418372665,-0.0932695081845368,0.196278017676381));
#633=CARTESIAN_POINT('',(0.00786496886586212,-0.0938282813446261,0.196383059357896));
#634=CARTESIAN_POINT('',(0.00700443334244897,-0.0944501672891105,0.196496651536041));
#635=CARTESIAN_POINT('',(0.00682790556577041,-0.0945709883443262,0.196518533104983));
#636=CARTESIAN_POINT('',(0.00647012987298019,-0.094802506298946,0.196560151399561));
#637=CARTESIAN_POINT('',(0.00628878210874249,-0.094913319360025,0.196579910547373));
#638=CARTESIAN_POINT('',(0.00573751693617554,-0.0952310223712355,0.196636174824416));
#639=CARTESIAN_POINT('',(0.00536038733783548,-0.095423207317134,0.196669675563584));
#640=CARTESIAN_POINT('',(0.00458748801939589,-0.0957680964354017,0.196729164878223));
#641=CARTESIAN_POINT('',(0.00419171855764042,-0.0959208010694765,0.196755153136716));
#642=CARTESIAN_POINT('',(0.00358429729132916,-0.0961193053439246,0.196788670881539));
#643=CARTESIAN_POINT('',(0.00337952655371041,-0.0961803734428353,0.19679893055433));
#644=CARTESIAN_POINT('',(0.00296539489990338,-0.0962920517984763,0.196817625881837));
#645=CARTESIAN_POINT('',(0.00275558908338622,-0.0963427324431382,0.196826073138935));
#646=CARTESIAN_POINT('',(0.00170624452493792,-0.0965670140298417,0.196863350863617));
#647=CARTESIAN_POINT('',(0.000858773422589152,-0.0966562135450645,0.196877893039731));
#648=CARTESIAN_POINT('',(-0.00041898330029867,-0.0966569416600613,0.196878012520415));
#649=CARTESIAN_POINT('',(-0.000846000838271791,-0.0966348749557468,0.196874397536572));
#650=CARTESIAN_POINT('',(-0.00148754147981229,-0.0965673797594697,0.196863286503907));
#651=CARTESIAN_POINT('',(-0.00170168029445921,-0.0965390818828362,0.196858622461504));
#652=CARTESIAN_POINT('',(-0.00212543300981099,-0.0964716472765002,0.196847476665184));
#653=CARTESIAN_POINT('',(-0.0023356444878254,-0.0964324607956272,0.196840986724507));
#654=CARTESIAN_POINT('',(-0.00337826289220746,-0.0962097586782413,0.196803972104172));
#655=CARTESIAN_POINT('',(-0.0041854995500781,-0.095946577662857,0.196759937508259));
#656=CARTESIAN_POINT('',(-0.0051576419415564,-0.0955138945517767,0.196685321251011));
#657=CARTESIAN_POINT('',(-0.00535021602949117,-0.0954221323925397,0.196669407670807));
#658=CARTESIAN_POINT('',(-0.0057315338799442,-0.0952280554082285,0.196635512387911));
#659=CARTESIAN_POINT('',(-0.00591993878783219,-0.0951258743338452,0.196617553084649));
#660=CARTESIAN_POINT('',(-0.00647319638219062,-0.0948070691193581,0.196561094595524));
#661=CARTESIAN_POINT('',(-0.00682811807569024,-0.0945772162802109,0.196519847759216));
#662=CARTESIAN_POINT('',(-0.00785206816379359,-0.0938383315663365,0.196384915265115));
#663=CARTESIAN_POINT('',(-0.00848051692168911,-0.0932804609586094,0.196280144125829));
#664=CARTESIAN_POINT('',(-0.00934118893949388,-0.0923474322543281,0.196097374255797));
#665=CARTESIAN_POINT('',(-0.00961056535850985,-0.0920242610696439,0.196032929663395));
#666=CARTESIAN_POINT('',(-0.0101132061783696,-0.0913586123464498,0.195897611943533));
#667=CARTESIAN_POINT('',(-0.0103469946698558,-0.091015564301859,0.195826626684371));
#668=CARTESIAN_POINT('',(-0.0107808295588988,-0.0903096243223359,0.195677854813018));
#669=CARTESIAN_POINT('',(-0.0109808770087423,-0.0899467343727851,0.195600067784411));
#670=CARTESIAN_POINT('',(-0.0113477291528556,-0.0892008266103643,0.195437489234771));
#671=CARTESIAN_POINT('',(-0.011515008879241,-0.0888161224681715,0.195352307520035));
#672=CARTESIAN_POINT('',(-0.0119578077793469,-0.0876550717476845,0.195091596340738));
#673=CARTESIAN_POINT('',(-0.0121786985032626,-0.0868658403240697,0.194909571290388));
#674=CARTESIAN_POINT('',(-0.0123680265079988,-0.0858567274028715,0.194673637344129));
#675=CARTESIAN_POINT('',(-0.0124015024317495,-0.0856537546294852,0.194626031809419));
#676=CARTESIAN_POINT('',(-0.012459619863321,-0.085245332703044,0.194530035197412));
#677=CARTESIAN_POINT('',(-0.0124842963721467,-0.0850395133879294,0.194481556833025));
#678=CARTESIAN_POINT('',(-0.0125446179703321,-0.0844205192433498,0.194335612401323));
#679=CARTESIAN_POINT('',(-0.0125663215075964,-0.0840094489312205,0.19423849902003));
#680=CARTESIAN_POINT('',(-0.0125778436308192,-0.0827789632102209,0.193948555605197));
#681=CARTESIAN_POINT('',(-0.0125147888030415,-0.0819621843200999,0.193757137986004));
#682=CARTESIAN_POINT('',(-0.0123428315154303,-0.0809399213369619,0.193522917193252));
#683=CARTESIAN_POINT('',(-0.0123036031201926,-0.080734866750855,0.193476201570922));
#684=CARTESIAN_POINT('',(-0.0122159990190427,-0.0803273973929356,0.193383982953246));
#685=CARTESIAN_POINT('',(-0.0121677145569527,-0.0801252641573207,0.193338541957204));
#686=CARTESIAN_POINT('',(-0.0120094568988679,-0.0795234481086318,0.193204243566928));
#687=CARTESIAN_POINT('',(-0.0118861136674995,-0.0791283261761131,0.193117411433864));
#688=CARTESIAN_POINT('',(-0.0116030954747622,-0.0783496601587818,0.192949236987215));
#689=CARTESIAN_POINT('',(-0.0114434191879503,-0.0779661169989285,0.192867894385031));
#690=CARTESIAN_POINT('',(-0.0111753464284127,-0.077399578227495,0.192750051745713));
#691=CARTESIAN_POINT('',(-0.0110812208063554,-0.0772122001524356,0.192711465966216));
#692=CARTESIAN_POINT('',(-0.0108831114055506,-0.0768404633057873,0.192635693104274));
#693=CARTESIAN_POINT('',(-0.0107788174379513,-0.0766556095291958,0.192598408173986));
#694=CARTESIAN_POINT('',(-0.0102368439189133,-0.0757475675521222,0.192417160204774));
#695=CARTESIAN_POINT('',(-0.00973728129296375,-0.0750698638379737,0.192288073386131));
#696=CARTESIAN_POINT('',(-0.00888663947929615,-0.0741287254016973,0.192115527157284));
#697=CARTESIAN_POINT('',(-0.00858612735115068,-0.0738276949173337,0.192061541314298));
#698=CARTESIAN_POINT('',(-0.0081088408043064,-0.0733964828424375,0.191985658124437));
#699=CARTESIAN_POINT('',(-0.00794496433159494,-0.0732558837990789,0.191961170591546));
#700=CARTESIAN_POINT('',(-0.00761173142670205,-0.0729846144864196,0.191914360987097));
#701=CARTESIAN_POINT('',(-0.00744203994735363,-0.0728536115555353,0.19189197936683));
#702=CARTESIAN_POINT('',(-0.00657845979208694,-0.0722216786624744,0.191784947897404));
#703=CARTESIAN_POINT('',(-0.00583946212353591,-0.0717893814291172,0.191714768492107));
#704=CARTESIAN_POINT('',(-0.00485695369115522,-0.0713455901829582,0.191644186315613));
#705=CARTESIAN_POINT('',(-0.00465749756772868,-0.0712616995431776,0.191630936845816));
#706=CARTESIAN_POINT('',(-0.00425264299724484,-0.071103940386864,0.191606157568235));
#707=CARTESIAN_POINT('',(-0.00404712681131757,-0.0710300744778326,0.191594628538179));
#708=CARTESIAN_POINT('',(-0.0034286395037338,-0.0708261332021698,0.19156294624649));
#709=CARTESIAN_POINT('',(-0.00301148839689021,-0.0707127493274941,0.19154554100513));
#710=CARTESIAN_POINT('',(-0.00174716727502615,-0.0704394335322273,0.191503800469533));
#711=CARTESIAN_POINT('',(-0.000887192448572957,-0.0703457939142633,0.191489791490852));
#712=CARTESIAN_POINT('',(0.000204889802758222,-0.0703445882443337,0.191489609915882));
#713=CARTESIAN_POINT('',(0.000423766394080882,-0.0703502195781207,0.191490457616656));
#714=CARTESIAN_POINT('',(0.000858332708797919,-0.0703729869927567,0.191493889319124));
#715=CARTESIAN_POINT('',(0.00107458814400936,-0.0703901170773617,0.191496472433788));
#716=CARTESIAN_POINT('',(0.00172013209968089,-0.070458443912865,0.191506797978549));
#717=CARTESIAN_POINT('',(0.00214620316204,-0.070526544296499,0.191517107393101));
#718=CARTESIAN_POINT('',(0.00298890526217861,-0.0707070627314195,0.19154466928536));
#719=CARTESIAN_POINT('',(0.00340553715955514,-0.0708194805405591,0.191561921258831));
#720=CARTESIAN_POINT('',(0.00402263784137471,-0.0710215579472732,0.191593301605805));
#721=CARTESIAN_POINT('',(0.00422702882661045,-0.0710945004748476,0.191604681181886));
#722=CARTESIAN_POINT('',(0.00463304575816972,-0.0712516931854887,0.191629359539868));
#723=CARTESIAN_POINT('',(0.00483365685098101,-0.0713355710523575,0.191642600339043));
#724=CARTESIAN_POINT('',(0.00581972952035674,-0.0717785893970967,0.191713024114978));
#725=CARTESIAN_POINT('',(0.00655965945640114,-0.0722099621661537,0.191783021083246));
#726=CARTESIAN_POINT('',(0.00759546526762383,-0.0729649034076509,0.191910801412659));
#727=CARTESIAN_POINT('',(0.00792840324930464,-0.0732347151608411,0.191957233396507));
#728=CARTESIAN_POINT('',(0.00856841729419257,-0.0738105171740015,0.192058478379934));
#729=CARTESIAN_POINT('',(0.00887025742049857,-0.0741117739866203,0.192112463999423));
#730=CARTESIAN_POINT('',(0.00972382749864721,-0.0750527246882124,0.192284845317918));
#731=CARTESIAN_POINT('',(0.010223939153187,-0.0757291613081388,0.192413609053241));
#732=CARTESIAN_POINT('',(0.0107659424955673,-0.076633293576094,0.192593925394286));
#733=CARTESIAN_POINT('',(0.0108703433082147,-0.0768174321460425,0.192631032212716));
#734=CARTESIAN_POINT('',(0.0110699047038306,-0.0771901448937061,0.192706940520502));
#735=CARTESIAN_POINT('',(0.0111646622720593,-0.0773779213495037,0.192745578092359));
#736=CARTESIAN_POINT('',(0.0114344076083027,-0.0779453744274496,0.192863522664065));
#737=CARTESIAN_POINT('',(0.011594902509686,-0.0783291532568524,0.19294486205925));
#738=CARTESIAN_POINT('',(0.0118792344658768,-0.0791074704076799,0.193112855749818));
#739=CARTESIAN_POINT('',(0.0120030715923291,-0.0795020084574816,0.193199510381693));
#740=CARTESIAN_POINT('',(0.0121620084215873,-0.0801022604721023,0.193333385068981));
#741=CARTESIAN_POINT('',(0.0122105089075494,-0.0803037573990673,0.193378658556192));
#742=CARTESIAN_POINT('',(0.0122985554368133,-0.0807097076708555,0.193470484668147));
#743=CARTESIAN_POINT('',(0.012338173736738,-0.0809146110722999,0.193517140640305));
#744=CARTESIAN_POINT('',(0.0125127111217032,-0.0819409839855904,0.193752196772986));
#745=CARTESIAN_POINT('',(0.0125777173205742,-0.0827643948465386,0.193945126491527));
#746=CARTESIAN_POINT('',(0.0125626889216596,-0.0844252925530943,0.194336481967838));
#747=CARTESIAN_POINT('',(-0.00778818604303003,-0.0704327571207473,0.1866390373357));
#748=CARTESIAN_POINT('',(-0.00675487025284177,-0.0702215134271892,0.187701440734785));
#749=CARTESIAN_POINT('',(-0.00504077625279264,-0.0700108103700492,0.189109777812552));
#750=CARTESIAN_POINT('',(-0.00226171316573134,-0.0698714632032659,0.190280048388343));
#751=CARTESIAN_POINT('',(-1.90995780649321E-5,-0.0698377059737966,0.19060457504653));
#752=CARTESIAN_POINT('',(0.00223205449415467,-0.0698708735041042,0.190287839225917));
#753=CARTESIAN_POINT('',(0.00499202086487354,-0.0700063954542795,0.18914038640528));
#754=CARTESIAN_POINT('',(0.00675168706428234,-0.0702210315690693,0.187705023413596));
#755=CARTESIAN_POINT('',(0.00778815715046456,-0.070432765644492,0.186639109536695));
#756=CARTESIAN_POINT('',(-0.00778818604303003,-0.0704327571207473,0.1866390373357));
#757=CARTESIAN_POINT('',(0.0077881571504646,-0.070432765644492,0.186639109536696));
#758=CARTESIAN_POINT('',(0.0077881571504646,-0.070432765644492,0.186639109536696));
#759=CARTESIAN_POINT('',(0.00875556499658055,-0.0706303914212359,0.185644219803219));
#760=CARTESIAN_POINT('',(0.0104498441559741,-0.0711416357160233,0.183473000795559));
#761=CARTESIAN_POINT('',(0.0120473975782904,-0.0722256686563566,0.180529294692141));
#762=CARTESIAN_POINT('',(0.012911670276428,-0.0735389344256216,0.178224643763083));
#763=CARTESIAN_POINT('',(0.0132876536302704,-0.0748326276179021,0.176593976035687));
#764=CARTESIAN_POINT('',(0.0132720679016808,-0.0764744353438425,0.175241275732229));
#765=CARTESIAN_POINT('',(0.0127986487347755,-0.0783312006033265,0.174350221235282));
#766=CARTESIAN_POINT('',(0.0119072543236143,-0.0802278846287412,0.173911176661466));
#767=CARTESIAN_POINT('',(0.0103582618556285,-0.0825200299125071,0.173767557679411));
#768=CARTESIAN_POINT('',(0.00833910448419438,-0.08448283286507,0.173999066848382));
#769=CARTESIAN_POINT('',(0.00601056300394577,-0.0859517189631863,0.174294691359417));
#770=CARTESIAN_POINT('',(0.00408706288104899,-0.0867944590097578,0.174503612588156));
#771=CARTESIAN_POINT('',(0.00208664584704474,-0.0873141678553715,0.174647694016506));
#772=CARTESIAN_POINT('',(-3.07575192151675E-5,-0.0874936298203023,0.174700444251471));
#773=CARTESIAN_POINT('',(-0.00208744973242719,-0.0873130146456277,0.174647471442326));
#774=CARTESIAN_POINT('',(-0.00481028512430158,-0.0866029597163098,0.174450751843167));
#775=CARTESIAN_POINT('',(-0.00785771724325328,-0.0849545958914936,0.174054466852273));
#776=CARTESIAN_POINT('',(-0.0103794538984049,-0.0824992511235521,0.173764440974285));
#777=CARTESIAN_POINT('',(-0.0119327561604719,-0.0801813760443066,0.173918235868078));
#778=CARTESIAN_POINT('',(-0.0128068689939878,-0.0783087293143188,0.174358183681476));
#779=CARTESIAN_POINT('',(-0.0132766664679092,-0.0764396794655989,0.175263605381132));
#780=CARTESIAN_POINT('',(-0.0132849359588289,-0.074814134896568,0.176613623040397));
#781=CARTESIAN_POINT('',(-0.0129012844252643,-0.07351524920801,0.178259207796312));
#782=CARTESIAN_POINT('',(-0.0120319944246468,-0.072212376855852,0.180561252552739));
#783=CARTESIAN_POINT('',(-0.0104272844018457,-0.0711334233739881,0.183504244534644));
#784=CARTESIAN_POINT('',(-0.00875547833211965,-0.0706305034417057,0.185644515984536));
#785=CARTESIAN_POINT('',(-0.00778818604302987,-0.0704327571207472,0.1866390373357));
#786=CARTESIAN_POINT('',(0.00643175347968934,-0.0267960165469659,0.0314838093861169));
#787=CARTESIAN_POINT('',(0.00727643983372812,-0.0266639652036596,0.0319068357420849));
#788=CARTESIAN_POINT('',(0.00889775843281271,-0.0263196206262154,0.0328268551662871));
#789=CARTESIAN_POINT('',(0.0112602232581082,-0.0253294422905113,0.0340433343355615));
#790=CARTESIAN_POINT('',(0.0135371993395786,-0.0236655105719101,0.0348773476623127));
#791=CARTESIAN_POINT('',(0.01542324945364,-0.021442224953856,0.0351217235452238));
#792=CARTESIAN_POINT('',(0.0168287600360118,-0.0189586857276108,0.0349213467987983));
#793=CARTESIAN_POINT('',(0.0181689931212701,-0.0154051477609067,0.0342529128203102));
#794=CARTESIAN_POINT('',(0.0186220328169201,-0.0126799471913108,0.0335201501347864));
#795=CARTESIAN_POINT('',(0.0187310952732527,-0.0108482683927332,0.0329551844272353));
#796=CARTESIAN_POINT('',(0.00643175347968934,-0.0267960165469659,0.0314838093861169));
#797=CARTESIAN_POINT('',(0.0187310952732527,-0.0108482683927332,0.0329551844272353));
#798=CARTESIAN_POINT('',(0.0187310952732527,-0.0108482683927332,0.0329551844272353));
#799=CARTESIAN_POINT('',(0.0188164546474133,-0.00941467739205795,0.0325130055066383));
#800=CARTESIAN_POINT('',(0.0187619533917867,-0.00729308153028787,0.0317730314743848));
#801=CARTESIAN_POINT('',(0.0184014770658409,-0.00454514765624285,0.0306126258486903));
#802=CARTESIAN_POINT('',(0.0180082232232242,-0.00254749250999606,0.0296737147129855));
#803=CARTESIAN_POINT('',(0.0175855371126366,-0.000921422068958541,0.0288382864113855));
#804=CARTESIAN_POINT('',(0.017195453543709,0.000350861926203041,0.0281469587834088));
#805=CARTESIAN_POINT('',(0.0168780898695334,0.00129028188632803,0.0276178518431838));
#806=CARTESIAN_POINT('',(0.0165357472902511,0.00221618720172395,0.0270800625500752));
#807=CARTESIAN_POINT('',(0.0162302537110959,0.00297669830543274,0.0266240255999726));
#808=CARTESIAN_POINT('',(0.0159734504905298,0.00357830386779032,0.0262563034930262));
#809=CARTESIAN_POINT('',(0.0158083613708935,0.00395098896048613,0.0260246563621856));
#810=CARTESIAN_POINT('',(0.0156726394146976,0.00424788469976162,0.0258393878179325));
#811=CARTESIAN_POINT('',(0.0155705477760934,0.00446862997911305,0.0256989145137463));
#812=CARTESIAN_POINT('',(0.0154816848654538,0.00465444908541188,0.0255831825307361));
#813=CARTESIAN_POINT('',(0.0154171985182497,0.00479587679635997,0.0254842448937577));
#814=CARTESIAN_POINT('',(0.0153750668625918,0.00487674074465542,0.0254401465171019));
#815=CARTESIAN_POINT('',(0.0153730248109761,0.00490062016595244,0.0253999891970159));
#816=CARTESIAN_POINT('',(0.0153776557640571,0.00489608835670297,0.0253965480612997));
#817=CARTESIAN_POINT('',(3.10515502199849E-16,-0.00635000000000029,0.0254));
#818=CARTESIAN_POINT('',(0.0146320913151916,0.00584927934579922,0.0253999999997101));
#819=CARTESIAN_POINT('',(3.10515502199849E-16,-0.00635000000000029,0.0254));
#820=CARTESIAN_POINT('',(0.0132245703323498,0.0073618342537305,0.025399999998842));
#821=CARTESIAN_POINT('',(3.10515502199849E-16,-0.00635000000000029,0.0254));
#822=CARTESIAN_POINT('',(-0.0132245688494411,0.00736183266878213,0.0253999999988418));
#823=CARTESIAN_POINT('',(3.10515502199849E-16,-0.00635000000000029,0.0254));
#824=CARTESIAN_POINT('',(-0.0146320955923539,0.00584928192604829,0.0253999999997101));
#825=CARTESIAN_POINT('',(3.10515502199849E-16,-0.00635000000000029,0.0254));
#826=CARTESIAN_POINT('',(-0.0153789169633325,0.00489444563523033,0.025396414898269));
#827=CARTESIAN_POINT('',(-0.0153741131033899,0.0048991459159531,0.0253999891970021));
#828=CARTESIAN_POINT('',(-0.015376182526889,0.00487504014477402,0.02544050453332));
#829=CARTESIAN_POINT('',(-0.0154178134172291,0.00479483403614087,0.0254846368086663));
#830=CARTESIAN_POINT('',(-0.0154823473651677,0.00465321194597277,0.0255838018374221));
#831=CARTESIAN_POINT('',(-0.0155710613645655,0.004467580077919,0.0256995388488213));
#832=CARTESIAN_POINT('',(-0.0156731181464865,0.00424684196503378,0.0258400616340419));
#833=CARTESIAN_POINT('',(-0.0158087607108412,0.00395002461787174,0.0260253504032308));
#834=CARTESIAN_POINT('',(-0.0159737669799084,0.00357742225357693,0.0262570278859508));
#835=CARTESIAN_POINT('',(-0.0162306492861281,0.00297588903470345,0.0266243094974529));
#836=CARTESIAN_POINT('',(-0.0165360416356624,0.00221537991386498,0.0270805985397443));
#837=CARTESIAN_POINT('',(-0.0168784112829149,0.00128937044157615,0.0276183761420395));
#838=CARTESIAN_POINT('',(-0.017195754123285,0.000349947975563325,0.028147437595382));
#839=CARTESIAN_POINT('',(-0.0175857352323671,-0.000922185888836452,0.0288387415858252));
#840=CARTESIAN_POINT('',(-0.018008323860075,-0.00254795227852176,0.0296738981068538));
#841=CARTESIAN_POINT('',(-0.018401473422581,-0.00454519922809252,0.0306127567794643));
#842=CARTESIAN_POINT('',(-0.0187618790411893,-0.00729273359791451,0.031772579091862));
#843=CARTESIAN_POINT('',(-0.0188164961701718,-0.00941348452335144,0.0325137429286899));
#844=CARTESIAN_POINT('',(-0.0187310309635889,-0.0108469012803798,0.0329556531598987));
#845=CARTESIAN_POINT('',(-0.0187310309635889,-0.0108469012803798,0.0329556531598988));
#846=CARTESIAN_POINT('',(-0.0187310309635889,-0.0108469012803799,0.0329556531598988));
#847=CARTESIAN_POINT('',(-0.0186221361101945,-0.0126732785144694,0.0335187097739881));
#848=CARTESIAN_POINT('',(-0.0181770993560801,-0.0153745293854073,0.0342454770289427));
#849=CARTESIAN_POINT('',(-0.016841485171639,-0.0189279046483662,0.0349166258059433));
#850=CARTESIAN_POINT('',(-0.0154558453340895,-0.0213948623293497,0.035121417629831));
#851=CARTESIAN_POINT('',(-0.0135735221769842,-0.0236276337341793,0.0348846471062341));
#852=CARTESIAN_POINT('',(-0.0113437515067657,-0.0252826390592592,0.0340812059722652));
#853=CARTESIAN_POINT('',(-0.00892580162149345,-0.0263160522863741,0.0328439935959053));
#854=CARTESIAN_POINT('',(-0.00728305504764345,-0.0266630522303065,0.0319104811475641));
#855=CARTESIAN_POINT('',(-0.00643073598231538,-0.026796392921925,0.0314835945841806));
#856=CARTESIAN_POINT('',(-0.00643073598231539,-0.026796392921925,0.0314835945841806));
#857=CARTESIAN_POINT('',(-0.00643073598231534,-0.026796392921925,0.0314835945841806));
#858=CARTESIAN_POINT('',(-0.0054315370938759,-0.0269527121646462,0.0309831428203116));
#859=CARTESIAN_POINT('',(-0.0033918000069584,-0.0271367422489325,0.0300876151428973));
#860=CARTESIAN_POINT('',(-2.12581563838134E-5,-0.0272041328427033,0.0294923271360482));
#861=CARTESIAN_POINT('',(0.00335901457893264,-0.0271392925762701,0.0300746915869539));
#862=CARTESIAN_POINT('',(0.00542806997827697,-0.0269529242014843,0.0309811558602047));
#863=CARTESIAN_POINT('',(0.00643175347968934,-0.026796016546966,0.031483809386117));
#864=CARTESIAN_POINT('',(-0.0156623058640012,0.0047631057823711,0.0248900546128002));
#865=CARTESIAN_POINT('',(-0.0157280403623134,0.00458106998307182,0.0250557072672576));
#866=CARTESIAN_POINT('',(-0.0158037352791811,0.00440623579978886,0.0252248289581783));
#867=CARTESIAN_POINT('',(-0.0156299076841516,0.00478150460581832,0.0249436505896481));
#868=CARTESIAN_POINT('',(-0.0156890604846969,0.00461862277302798,0.0250921199569535));
#869=CARTESIAN_POINT('',(-0.0157560787412945,0.00446144895227487,0.0252433738294011));
#870=CARTESIAN_POINT('',(-0.0155655351165668,0.0048174799998481,0.0250498365557332));
#871=CARTESIAN_POINT('',(-0.0156116065118121,0.00469238259177281,0.0251640060813409));
#872=CARTESIAN_POINT('',(-0.015662024381861,0.00457046807051646,0.0252797710446022));
#873=CARTESIAN_POINT('',(-0.0154804703299865,0.00486442972904801,0.0251870578705743));
#874=CARTESIAN_POINT('',(-0.0155090696916053,0.00478810036956297,0.025256582639222));
#875=CARTESIAN_POINT('',(-0.0155392542480878,0.00471293454845992,0.025326702283998));
#876=CARTESIAN_POINT('',(-0.0154203791944336,0.00489401917058324,0.0252891175722616));
#877=CARTESIAN_POINT('',(-0.0154369890789276,0.00485269419073151,0.0253243147758664));
#878=CARTESIAN_POINT('',(-0.0154539798465207,0.0048116502889843,0.0253596589812474));
#879=CARTESIAN_POINT('',(-0.0153546537255061,0.00492748958033803,0.0253967491821228));
#880=CARTESIAN_POINT('',(-0.0153579222704582,0.00492350946356837,0.0253959428688509));
#881=CARTESIAN_POINT('',(-0.0153610485422817,0.00491942574098079,0.0253950820879247));
#882=CARTESIAN_POINT('',(-0.0154065335786558,0.0048168519634799,0.0254721883551416));
#883=CARTESIAN_POINT('',(-0.0154312915145776,0.00480922307243083,0.0254220154381104));
#884=CARTESIAN_POINT('',(-0.0154564238459362,0.00480187069896734,0.02537198739185));
#885=CARTESIAN_POINT('',(-0.0154541861218404,0.00471399571662699,0.025542590795963));
#886=CARTESIAN_POINT('',(-0.01549863146016,0.00470295295291009,0.0254463582271842));
#887=CARTESIAN_POINT('',(-0.0155446424082227,0.00469305483812313,0.0253507389950088));
#888=CARTESIAN_POINT('',(-0.0155225928448355,0.00457011009864891,0.0256346204996358));
#889=CARTESIAN_POINT('',(-0.015594527276863,0.00455237260039764,0.0254763617098694));
#890=CARTESIAN_POINT('',(-0.0156707522313321,0.00453775414101129,0.0253198014812127));
#891=CARTESIAN_POINT('',(-0.0156265774082591,0.00434781146577801,0.0257764377720876));
#892=CARTESIAN_POINT('',(-0.0157400040246647,0.00431929690719127,0.0255221910741146));
#893=CARTESIAN_POINT('',(-0.0158646051944106,0.00429881299602841,0.0252724418448073));
#894=CARTESIAN_POINT('',(-0.0157565146428326,0.00406561725540559,0.0259534200821538));
#895=CARTESIAN_POINT('',(-0.0159208621611208,0.00402226444080299,0.025578012194142));
#896=CARTESIAN_POINT('',(-0.0161097671934843,0.00399633487891262,0.0252126847399619));
#897=CARTESIAN_POINT('',(-0.0159077368047062,0.00372720232888919,0.026164065343945));
#898=CARTESIAN_POINT('',(-0.0161307631628881,0.00366425535907512,0.0256427555737116));
#899=CARTESIAN_POINT('',(-0.0164022522850273,0.0036347861956033,0.0251418629027781));
#900=CARTESIAN_POINT('',(-0.0161049907750225,0.00327301457327054,0.0264435718582216));
#901=CARTESIAN_POINT('',(-0.016403029178808,0.00318203333862583,0.0257262513974851));
#902=CARTESIAN_POINT('',(-0.0167917065646716,0.00315230840744384,0.0250482483664));
#903=CARTESIAN_POINT('',(-0.0164373524746184,0.00247272243787367,0.0269286893677436));
#904=CARTESIAN_POINT('',(-0.0168585608779233,0.00232667225476472,0.0258644890320544));
#905=CARTESIAN_POINT('',(-0.0174709907492394,0.00230758906391191,0.0248868730729567));
#906=CARTESIAN_POINT('',(-0.0168756518076937,0.0013145230876594,0.0276075653246567));
#907=CARTESIAN_POINT('',(-0.0174458896455826,0.0010785264258121,0.0260361691448005));
#908=CARTESIAN_POINT('',(-0.0184309592226338,0.00110196577221189,0.024665188157968));
#909=CARTESIAN_POINT('',(-0.0173416418782222,-9.42039886033011E-5,0.0283951668814311));
#910=CARTESIAN_POINT('',(-0.0180425347481282,-0.000444433389876871,0.0261926291706401));
#911=CARTESIAN_POINT('',(-0.019559690051657,-0.000345403971544499,0.0244166805247079));
#912=CARTESIAN_POINT('',(-0.0177492369300539,-0.00152779075705044,0.0291537173558306));
#913=CARTESIAN_POINT('',(-0.018529890183914,-0.00199012471250001,0.0262932207777416));
#914=CARTESIAN_POINT('',(-0.0206612679760838,-0.00180433405716774,0.0241886852115627));
#915=CARTESIAN_POINT('',(-0.0180923842924909,-0.00297071945801923,0.0298730028409366));
#916=CARTESIAN_POINT('',(-0.0188986587302965,-0.00353203842905492,0.0263324490900196));
#917=CARTESIAN_POINT('',(-0.021715039110719,-0.00326946000500153,0.0239869776522272));
#918=CARTESIAN_POINT('',(-0.0183703200411599,-0.00442222039366021,0.030550211497864));
#919=CARTESIAN_POINT('',(-0.0191469799656055,-0.00505801771832113,0.0263093338919233));
#920=CARTESIAN_POINT('',(-0.0227076992803945,-0.00475184186561431,0.0238147856085516));
#921=CARTESIAN_POINT('',(-0.0186529887901327,-0.00637976613766468,0.0313938328468902));
#922=CARTESIAN_POINT('',(-0.0193191473805197,-0.00708520919457456,0.0262000076771102));
#923=CARTESIAN_POINT('',(-0.0239258734263983,-0.00677796972046611,0.0236292035614319));
#924=CARTESIAN_POINT('',(-0.0188242500454135,-0.00882763797617221,0.0323270734655145));
#925=CARTESIAN_POINT('',(-0.0192113307615679,-0.00950690920980502,0.0259462603575832));
#926=CARTESIAN_POINT('',(-0.0251614178279963,-0.00942894758706593,0.0234934282523461));
#927=CARTESIAN_POINT('',(-0.0187212847868456,-0.0117128800207024,0.0332385324946624));
#928=CARTESIAN_POINT('',(-0.0186418518006815,-0.0121690614025808,0.0256635524558556));
#929=CARTESIAN_POINT('',(-0.025887435598835,-0.012861922769154,0.0234607260256838));
#930=CARTESIAN_POINT('',(-0.0183511857330302,-0.0141168008926204,0.033884199534838));
#931=CARTESIAN_POINT('',(-0.0178354615916558,-0.0142562650373999,0.0255026133647212));
#932=CARTESIAN_POINT('',(-0.0258202899863684,-0.0159374900834638,0.0234561194066764));
#933=CARTESIAN_POINT('',(-0.0178806699127813,-0.015978771614393,0.0343318278849912));
#934=CARTESIAN_POINT('',(-0.0170258165377646,-0.0157932852961489,0.0254042463909521));
#935=CARTESIAN_POINT('',(-0.0253918860949512,-0.0183797497805592,0.0234337922459036));
#936=CARTESIAN_POINT('',(-0.0172887647647106,-0.0178031104448491,0.034720001935885));
#937=CARTESIAN_POINT('',(-0.0161558978747719,-0.0170929142454688,0.0252230889955493));
#938=CARTESIAN_POINT('',(-0.0248756344539003,-0.0206585467869223,0.0233643866402887));
#939=CARTESIAN_POINT('',(-0.0163179738078431,-0.0199695888585812,0.0350384350997068));
#940=CARTESIAN_POINT('',(-0.0150132700969225,-0.0184038354536207,0.0250561574212677));
#941=CARTESIAN_POINT('',(-0.0237770443976178,-0.0233036903612216,0.0232012708035837));
#942=CARTESIAN_POINT('',(-0.0147860121636131,-0.0222914208651383,0.0350892758525689));
#943=CARTESIAN_POINT('',(-0.0138177131154314,-0.0194303914117641,0.0249872391498838));
#944=CARTESIAN_POINT('',(-0.0219278686367414,-0.0258392215762324,0.0228469251658285));
#945=CARTESIAN_POINT('',(-0.0128491020215816,-0.0242449922539982,0.0346660729794392));
#946=CARTESIAN_POINT('',(-0.0129145851014626,-0.0202550166085975,0.0252035236539391));
#947=CARTESIAN_POINT('',(-0.0195902877287836,-0.027518469302727,0.0223465534652067));
#948=CARTESIAN_POINT('',(-0.0110243679685265,-0.0254024186418854,0.0339072843841651));
#949=CARTESIAN_POINT('',(-0.0120683543414855,-0.0212027271505483,0.0255461350852247));
#950=CARTESIAN_POINT('',(-0.0173002091606574,-0.0281356466486862,0.0219107231336327));
#951=CARTESIAN_POINT('',(-0.0094429459542501,-0.0260749129370502,0.0331040412887666));
#952=CARTESIAN_POINT('',(-0.0109906679644577,-0.0221505850689002,0.0257505195126856));
#953=CARTESIAN_POINT('',(-0.0151789787198938,-0.0282564643156885,0.0216180617279656));
#954=CARTESIAN_POINT('',(-0.00851977055719053,-0.0263591892354739,0.0326014498498677));
#955=CARTESIAN_POINT('',(-0.0102042961740141,-0.0227126377063981,0.0258201270947515));
#956=CARTESIAN_POINT('',(-0.0138529462652665,-0.0281991427149012,0.0214930453121307));
#957=CARTESIAN_POINT('',(-0.00789518188838572,-0.0265137553868455,0.0322581520911958));
#958=CARTESIAN_POINT('',(-0.00961194296995421,-0.0230788313513469,0.025847773882525));
#959=CARTESIAN_POINT('',(-0.0129254260484287,-0.0281202073323369,0.0214378389371151));
#960=CARTESIAN_POINT('',(-0.00747545024703284,-0.0266080951811975,0.0320274227938007));
#961=CARTESIAN_POINT('',(-0.00917471454641254,-0.0233295091613257,0.0258600274072984));
#962=CARTESIAN_POINT('',(-0.0122522891011121,-0.028057165945027,0.0214033913940623));
#963=CARTESIAN_POINT('',(-0.00672969066131559,-0.0267557367273351,0.0316290968849793));
#964=CARTESIAN_POINT('',(-0.00832888154367505,-0.0237596059334399,0.0258505562034744));
#965=CARTESIAN_POINT('',(-0.0109885428431246,-0.0279508292726594,0.0213416877011321));
#966=CARTESIAN_POINT('',(-0.00520095451588381,-0.0269827860447921,0.0308682095796464));
#967=CARTESIAN_POINT('',(-0.00656486679881949,-0.0244887517947441,0.0257560009396008));
#968=CARTESIAN_POINT('',(-0.00845734205921444,-0.0277492748457099,0.0212664141353746));
#969=CARTESIAN_POINT('',(-0.00294149852768747,-0.0271473954803977,0.0299855729154035));
#970=CARTESIAN_POINT('',(-0.00375578952521634,-0.0251987438145237,0.0255084457740714));
#971=CARTESIAN_POINT('',(-0.00473718946371898,-0.0275373755500236,0.0212418140445954));
#972=CARTESIAN_POINT('',(-5.76104996007213E-5,-0.0271977238895511,0.0295518461437825));
#973=CARTESIAN_POINT('',(-7.51090692860479E-5,-0.0254912193895636,0.0253505216976445));
#974=CARTESIAN_POINT('',(-9.36319843710052E-5,-0.0274490417211676,0.0212483440384345));
#975=CARTESIAN_POINT('',(0.0022992199757078,-0.0271613868943438,0.0298751749162798));
#976=CARTESIAN_POINT('',(0.00293247925908476,-0.0252741246020529,0.0254688331609331));
#977=CARTESIAN_POINT('',(0.00370630423998133,-0.0275150116238684,0.0212429326351365));
#978=CARTESIAN_POINT('',(0.00416581941149644,-0.02705815747618,0.03046701089737));
#979=CARTESIAN_POINT('',(0.00525187670496823,-0.0248201458494119,0.0256420222663182));
#980=CARTESIAN_POINT('',(0.00675045316111012,-0.0276520968109064,0.0212546389784997));
#981=CARTESIAN_POINT('',(0.0055139369761326,-0.0269324759806734,0.0310282742700029));
#982=CARTESIAN_POINT('',(0.00690447541421491,-0.0243386973884026,0.0257716683287833));
#983=CARTESIAN_POINT('',(0.0089729664917123,-0.0277920166387008,0.0212835392596592));
#984=CARTESIAN_POINT('',(0.00661136596580544,-0.0267753176952628,0.0315681097050131));
#985=CARTESIAN_POINT('',(0.00819749716039521,-0.0238189636282025,0.0258455104473934));
#986=CARTESIAN_POINT('',(0.0107992877312574,-0.0279345784090995,0.0213357923765901));
#987=CARTESIAN_POINT('',(0.00735781749719489,-0.0266322827955598,0.031963813604025));
#988=CARTESIAN_POINT('',(0.00903394512884319,-0.0234028824903002,0.0258594395418039));
#989=CARTESIAN_POINT('',(0.0120422131911869,-0.0280399818640913,0.0213916815743041));
#990=CARTESIAN_POINT('',(0.00777755641073305,-0.0265409562170964,0.0321933261672026));
#991=CARTESIAN_POINT('',(0.00949983858016633,-0.023145954734709,0.0258525090642937));
#992=CARTESIAN_POINT('',(0.0127508037322247,-0.0281029006211558,0.0214296443687468));
#993=CARTESIAN_POINT('',(0.00840115692708104,-0.0263921422379398,0.0325364220347433));
#994=CARTESIAN_POINT('',(0.0100941729221852,-0.0227848167264501,0.0258263818951139));
#995=CARTESIAN_POINT('',(0.0136738655460151,-0.0281884304812619,0.0214782898748246));
#996=CARTESIAN_POINT('',(0.00931706366357461,-0.0261190938955424,0.0330367794448415));
#997=CARTESIAN_POINT('',(0.0108948605668887,-0.0222263405164177,0.0257630846500419));
#998=CARTESIAN_POINT('',(0.0150057526120504,-0.0282547074344304,0.0215985903019653));
#999=CARTESIAN_POINT('',(0.0108900946257227,-0.025473437355032,0.0338447201888231));
#1000=CARTESIAN_POINT('',(0.0119935747900023,-0.021278871583848,0.0255680422388253));
#1001=CARTESIAN_POINT('',(0.0171272662848137,-0.0281627828998894,0.0218813813968257));
#1002=CARTESIAN_POINT('',(0.0127647070900167,-0.0243159168670436,0.0346400125982547));
#1003=CARTESIAN_POINT('',(0.0128829189381701,-0.0202903733978127,0.0252184877148548));
#1004=CARTESIAN_POINT('',(0.0194877812486229,-0.0275706807537932,0.0223244544395212));
#1005=CARTESIAN_POINT('',(0.0147150172012786,-0.0223791159618759,0.0350819328214632));
#1006=CARTESIAN_POINT('',(0.0137747786250239,-0.0194651098355841,0.0249889430450233));
#1007=CARTESIAN_POINT('',(0.0218430304971257,-0.0259246298963878,0.0228293014659636));
#1008=CARTESIAN_POINT('',(0.0162768860784103,-0.0200494667091164,0.035048209765952));
#1009=CARTESIAN_POINT('',(0.0149699395309905,-0.0184461340849882,0.025051473286891));
#1010=CARTESIAN_POINT('',(0.0237259388863869,-0.023401352239545,0.023192998127431));
#1011=CARTESIAN_POINT('',(0.0172624820084732,-0.0178702168776167,0.0347309730175357));
#1012=CARTESIAN_POINT('',(0.0161231113770848,-0.017135135996441,0.0252155933700092));
#1013=CARTESIAN_POINT('',(0.0248513668272352,-0.0207381309807537,0.0233602993411924));
#1014=CARTESIAN_POINT('',(0.0178597054470696,-0.0160500076593015,0.0343480498013546));
#1015=CARTESIAN_POINT('',(0.0169925255267188,-0.0158494937102428,0.0253997359315895));
#1016=CARTESIAN_POINT('',(0.0253717513074997,-0.0184718801570633,0.0234323687468267));
#1017=CARTESIAN_POINT('',(0.018334907082115,-0.0141965385042392,0.0339056410987336));
#1018=CARTESIAN_POINT('',(0.0178031181666414,-0.0143240638139067,0.0254982471813275));
#1019=CARTESIAN_POINT('',(0.0258086996549609,-0.0160439749079339,0.023455740947313));
#1020=CARTESIAN_POINT('',(0.018714845478884,-0.0118029642962815,0.0332649293771719));
#1021=CARTESIAN_POINT('',(0.0186199469858027,-0.0122526667434372,0.0256557013990042));
#1022=CARTESIAN_POINT('',(0.0259014860226085,-0.0129719978573864,0.0234602390727402));
#1023=CARTESIAN_POINT('',(0.0188256886036458,-0.00884728965835963,0.0323343703665066));
#1024=CARTESIAN_POINT('',(0.019209949524568,-0.00952656521615086,0.0259434372652748));
#1025=CARTESIAN_POINT('',(0.0251719730071299,-0.00944982381493144,0.0234926089916815));
#1026=CARTESIAN_POINT('',(0.0186229754404666,-0.00593532960412309,0.0312259987740539));
#1027=CARTESIAN_POINT('',(0.0193398946395178,-0.00667321507224125,0.0262447916998544));
#1028=CARTESIAN_POINT('',(0.0237034497995156,-0.00629692380272914,0.0236529887616072));
#1029=CARTESIAN_POINT('',(0.0182142302613026,-0.00348659191766792,0.0301301175956999));
#1030=CARTESIAN_POINT('',(0.0190324700541188,-0.00409787873871537,0.0263463866701491));
#1031=CARTESIAN_POINT('',(0.0220911729770198,-0.00379390950852472,0.0239151559725857));
#1032=CARTESIAN_POINT('',(0.017754345713656,-0.00154694050190312,0.0291635610157693));
#1033=CARTESIAN_POINT('',(0.0185358057786611,-0.00201073861823477,0.0262942085179114));
#1034=CARTESIAN_POINT('',(0.0206757247105512,-0.0018236968600523,0.024185781458797));
#1035=CARTESIAN_POINT('',(0.0173458649064248,-0.00010771168091498,0.028402600183678));
#1036=CARTESIAN_POINT('',(0.0180478456008166,-0.000459107866095669,0.0261939502000977));
#1037=CARTESIAN_POINT('',(0.0195703567524156,-0.000359246063360068,0.0244143803345083));
#1038=CARTESIAN_POINT('',(0.0168786932363585,0.00130614133098944,0.0276123682705067));
#1039=CARTESIAN_POINT('',(0.0174499104390486,0.00106946195550028,0.0260372931656161));
#1040=CARTESIAN_POINT('',(0.0184378291884304,0.00109329526996003,0.0246636242411619));
#1041=CARTESIAN_POINT('',(0.0164398924906635,0.00246628580933183,0.0269325577521242));
#1042=CARTESIAN_POINT('',(0.0168620064807128,0.00231978042083445,0.0258655444760766));
#1043=CARTESIAN_POINT('',(0.0174763686281638,0.00230086820061458,0.0248856157310187));
#1044=CARTESIAN_POINT('',(0.0161071296035632,0.00326804796964446,0.0264465620870119));
#1045=CARTESIAN_POINT('',(0.0164059647919114,0.00317673210747593,0.0257271117090386));
#1046=CARTESIAN_POINT('',(0.016795973306962,0.00314701816615759,0.0250472227708373));
#1047=CARTESIAN_POINT('',(0.0159093229460414,0.0037236998175567,0.026166128424625));
#1048=CARTESIAN_POINT('',(0.0161328949353588,0.00366059948189896,0.0256433749480053));
#1049=CARTESIAN_POINT('',(0.0164051899617764,0.00363115232614117,0.0251411529839497));
#1050=CARTESIAN_POINT('',(0.0157574544981647,0.00406362185810762,0.0259545875148745));
#1051=CARTESIAN_POINT('',(0.0159221110465244,0.00402021056574016,0.025578374486748));
#1052=CARTESIAN_POINT('',(0.0161114220906145,0.00399429161810973,0.0252122828631492));
#1053=CARTESIAN_POINT('',(0.0156269263747525,0.00434704368242905,0.0257769358531957));
#1054=CARTESIAN_POINT('',(0.0157404628801407,0.00431853786342565,0.0255223664180545));
#1055=CARTESIAN_POINT('',(0.0158651968633774,0.00429807958370618,0.0252723038945809));
#1056=CARTESIAN_POINT('',(0.0155224741233178,0.00457027162568915,0.025634614759326));
#1057=CARTESIAN_POINT('',(0.0155943523288478,0.00455259793958354,0.0254763957463607));
#1058=CARTESIAN_POINT('',(0.0156705147827603,0.0045380390945569,0.0253198727902731));
#1059=CARTESIAN_POINT('',(0.0154537200757469,0.00471477428938542,0.0255423185526547));
#1060=CARTESIAN_POINT('',(0.0154979895308677,0.00470384945356684,0.0254463383286593));
#1061=CARTESIAN_POINT('',(0.0155438136521435,0.00469406143262325,0.0253509671284443));
#1062=CARTESIAN_POINT('',(0.0154058200806375,0.0048180176902873,0.0254718156962757));
#1063=CARTESIAN_POINT('',(0.0154303216805473,0.00481055836028402,0.0254220018043141));
#1064=CARTESIAN_POINT('',(0.0154551891027732,0.00480336929366796,0.0253723294591878));
#1065=CARTESIAN_POINT('',(0.0153534082115129,0.00492924089367171,0.025396622842001));
#1066=CARTESIAN_POINT('',(0.0153562732606547,0.00492562106897438,0.0253961813724978));
#1067=CARTESIAN_POINT('',(0.0153589964460115,0.00492189792353768,0.0253956855931617));
#1068=CARTESIAN_POINT('',(0.0154196869980312,0.0048945127719704,0.0252899701002754));
#1069=CARTESIAN_POINT('',(0.0154361289002821,0.00485354886372583,0.0253249279867649));
#1070=CARTESIAN_POINT('',(0.015452945373905,0.00481286140747381,0.0253600304538033));
#1071=CARTESIAN_POINT('',(0.015479299623928,0.004865260500588,0.0251885474982178));
#1072=CARTESIAN_POINT('',(0.0155076176778965,0.00478955250916962,0.0252576500352762));
#1073=CARTESIAN_POINT('',(0.0155374969970584,0.0047149905304772,0.0253273386119281));
#1074=CARTESIAN_POINT('',(0.0155641329873436,0.00481828946638292,0.0250520402286462));
#1075=CARTESIAN_POINT('',(0.0156098900186075,0.00469402076911515,0.0251655144654354));
#1076=CARTESIAN_POINT('',(0.0156599366935435,0.00457289357648999,0.025280563900801));
#1077=CARTESIAN_POINT('',(0.0156281943511099,0.00478249983762203,0.0249463945868052));
#1078=CARTESIAN_POINT('',(0.0156869640516125,0.00462065058244213,0.0250940021742057));
#1079=CARTESIAN_POINT('',(0.0157535023988983,0.00446443963149223,0.0252443615337477));
#1080=CARTESIAN_POINT('',(0.0156604551690739,0.00476417416817853,0.0248930656873271));
#1081=CARTESIAN_POINT('',(0.0157257773957581,0.00458326817119284,0.0250577723134407));
#1082=CARTESIAN_POINT('',(0.0158009400747331,0.00440947784171127,0.0252259083857097));
#1083=CARTESIAN_POINT('',(-0.015378025919307,0.00489379327755102,0.0254));
#1084=CARTESIAN_POINT('',(-0.0165856872357041,0.00324426965751907,0.0254));
#1085=CARTESIAN_POINT('',(-0.0182762497270065,0.000699275302056624,0.0254));
#1086=CARTESIAN_POINT('',(-0.020143600735562,-0.0028995692620446,0.0254));
#1087=CARTESIAN_POINT('',(-0.0212935321935425,-0.00576791882502758,0.0254));
#1088=CARTESIAN_POINT('',(-0.0220503255555122,-0.0087276960540082,0.0254));
#1089=CARTESIAN_POINT('',(-0.0223235342871966,-0.0118086486673886,0.0254));
#1090=CARTESIAN_POINT('',(-0.0220702072225306,-0.0148594519340608,0.0254));
#1091=CARTESIAN_POINT('',(-0.0213345703315157,-0.0178471679650201,0.0254));
#1092=CARTESIAN_POINT('',(-0.0199892261632326,-0.0206375245814589,0.0254));
#1093=CARTESIAN_POINT('',(-0.0179700130851667,-0.0229975999672982,0.0254));
#1094=CARTESIAN_POINT('',(-0.0152908833520821,-0.0245946082263502,0.0254));
#1095=CARTESIAN_POINT('',(-0.012310472154091,-0.0253989672742488,0.0254));
#1096=CARTESIAN_POINT('',(-0.00926467467614571,-0.0258209020865279,0.0254));
#1097=CARTESIAN_POINT('',(-0.00622692282210979,-0.0261422856492212,0.0254));
#1098=CARTESIAN_POINT('',(-0.00318074877943996,-0.0263549281771324,0.0254));
#1099=CARTESIAN_POINT('',(-0.000129176343893521,-0.0264368776611813,0.0254));
#1100=CARTESIAN_POINT('',(0.00292885942673195,-0.0263674315898597,0.0254));
#1101=CARTESIAN_POINT('',(0.00599624695353976,-0.0261628349013449,0.0254));
#1102=CARTESIAN_POINT('',(0.00905697694794729,-0.0258448946256602,0.0254));
#1103=CARTESIAN_POINT('',(0.012088736201554,-0.0254389589986865,0.0254));
#1104=CARTESIAN_POINT('',(0.01510439033224,-0.0246667540926599,0.0254));
#1105=CARTESIAN_POINT('',(0.0178141204224046,-0.0231298691926477,0.0254));
#1106=CARTESIAN_POINT('',(0.0198953064002783,-0.0207865078925918,0.0254));
#1107=CARTESIAN_POINT('',(0.0212835673831785,-0.017996438206655,0.0254));
#1108=CARTESIAN_POINT('',(0.0220498359311584,-0.0149885165600145,0.0254));
#1109=CARTESIAN_POINT('',(0.0223239656200349,-0.0119237909830833,0.0254));
#1110=CARTESIAN_POINT('',(0.0220695713433408,-0.00883177160277048,0.0254));
#1111=CARTESIAN_POINT('',(0.0210683242196007,-0.00485060023003023,0.0254));
#1112=CARTESIAN_POINT('',(0.0188650880297921,-0.000188437906183239,0.0254));
#1113=CARTESIAN_POINT('',(0.0165927739174491,0.00323486387979037,0.0254));
#1114=CARTESIAN_POINT('',(0.0153767975449207,0.00489545992319777,0.0254));
#1115=CARTESIAN_POINT('',(6.93889390390723E-18,-0.0673455667709203,0.182509382180727));
#1116=CARTESIAN_POINT('',(-0.037812155717499,-0.0673455667709203,0.214259382180727));
#1117=CARTESIAN_POINT('',(-0.0374180356309846,-0.0673455667709203,0.218495758661173));
#1118=CARTESIAN_POINT('',(-0.0367428224193138,-0.0673455667709203,0.22271229472616));
#1119=CARTESIAN_POINT('',(-0.0365004522391811,-0.0673455667709203,0.226959382180726));
#1120=CARTESIAN_POINT('',(-0.037812155717499,-0.0673455667709203,0.214259382180727));
#1121=CARTESIAN_POINT('',(-0.0365004522391811,-0.0673455667709203,0.226959382180726));
#1122=CARTESIAN_POINT('',(6.93889390390723E-18,-0.0673455667709203,0.226959382180726));
#1123=CARTESIAN_POINT('',(0.0365004522391815,-0.0673455667709203,0.22695938218072));
#1124=CARTESIAN_POINT('',(0.0365004522391814,-0.0673455667709203,0.22695938218072));
#1125=CARTESIAN_POINT('',(0.0367428224193144,-0.0673455667709203,0.222712294726157));
#1126=CARTESIAN_POINT('',(0.0374180356309848,-0.0673455667709203,0.218495758661171));
#1127=CARTESIAN_POINT('',(0.037812155717499,-0.0673455667709203,0.214259382180727));
#1128=CARTESIAN_POINT('',(0.0378121557174982,-0.0673455667709203,0.214259382180727));
#1129=CARTESIAN_POINT('',(0.00616961483694742,-0.0673455667709203,0.214259382180727));
#1130=CARTESIAN_POINT('',(0.0381,-0.0990955667709203,0.182509382180727));
#1131=CARTESIAN_POINT('',(0.0381,-0.0990955667709203,0.214259382180727));
#1132=CARTESIAN_POINT('',(0.0381,-0.130155993350846,0.207678166436426));
#1133=CARTESIAN_POINT('',(0.0381,-0.0680351401909962,0.207678166436417));
#1134=CARTESIAN_POINT('',(0.0381,-0.0680351401909962,0.207678166436417));
#1135=CARTESIAN_POINT('',(0.0381,-0.0689058403122229,0.206403197870491));
#1136=CARTESIAN_POINT('',(0.0381,-0.0707814169589844,0.203968546408416));
#1137=CARTESIAN_POINT('',(0.0381,-0.0751035436789552,0.199538851787208));
#1138=CARTESIAN_POINT('',(0.0381,-0.0800611518952628,0.195978734036043));
#1139=CARTESIAN_POINT('',(0.0381,-0.0856616056492422,0.19333982069667));
#1140=CARTESIAN_POINT('',(0.0381,-0.0914399763075346,0.191446014552071));
#1141=CARTESIAN_POINT('',(0.0381,-0.0976199863118245,0.190654590710343));
#1142=CARTESIAN_POINT('',(0.0381,-0.103686388652098,0.19104729764045));
#1143=CARTESIAN_POINT('',(0.0381,-0.109770793826981,0.19223032357293));
#1144=CARTESIAN_POINT('',(0.0381,-0.115422693972216,0.194494915090717));
#1145=CARTESIAN_POINT('',(0.0381,-0.12066028643379,0.197798635986213));
#1146=CARTESIAN_POINT('',(0.0381,-0.124197746053705,0.200675757340977));
#1147=CARTESIAN_POINT('',(0.0381,-0.127393316626984,0.20395095742534));
#1148=CARTESIAN_POINT('',(0.0381,-0.129285442424963,0.206403416337649));
#1149=CARTESIAN_POINT('',(0.0381,-0.130155993350846,0.207678166436426));
#1150=CARTESIAN_POINT('',(-0.0381,-0.0990955667709203,0.182509382180727));
#1151=CARTESIAN_POINT('',(-0.0381,-0.0990955667709203,0.214259382180727));
#1152=CARTESIAN_POINT('',(-0.0381,-0.0680351401909962,0.207678166436417));
#1153=CARTESIAN_POINT('',(-0.0381,-0.130155993350846,0.207678166436426));
#1154=CARTESIAN_POINT('',(-0.0381,-0.130155993350846,0.207678166436426));
#1155=CARTESIAN_POINT('',(-0.0381,-0.129285442424962,0.206403416337647));
#1156=CARTESIAN_POINT('',(-0.0381,-0.127393316626997,0.203950957425362));
#1157=CARTESIAN_POINT('',(-0.0381,-0.124197746053814,0.200675757341077));
#1158=CARTESIAN_POINT('',(-0.0381,-0.120660286433833,0.197798635986239));
#1159=CARTESIAN_POINT('',(-0.0381,-0.115422693972221,0.19449491509072));
#1160=CARTESIAN_POINT('',(-0.0381,-0.109770793827017,0.192230323572943));
#1161=CARTESIAN_POINT('',(-0.0381,-0.103686388652152,0.191047297640458));
#1162=CARTESIAN_POINT('',(-0.0381,-0.0976199863119178,0.190654590710341));
#1163=CARTESIAN_POINT('',(-0.0381,-0.0914399763075941,0.191446014552057));
#1164=CARTESIAN_POINT('',(-0.0381,-0.0856616056492898,0.193339820696649));
#1165=CARTESIAN_POINT('',(-0.0381,-0.0800611518952257,0.195978734036061));
#1166=CARTESIAN_POINT('',(-0.0381,-0.0751035436789664,0.199538851787197));
#1167=CARTESIAN_POINT('',(-0.0381,-0.0707814169589594,0.203968546408444));
#1168=CARTESIAN_POINT('',(-0.0381,-0.0689058403122241,0.206403197870489));
#1169=CARTESIAN_POINT('',(-0.0381,-0.0680351401909963,0.207678166436417));
#1170=CARTESIAN_POINT('',(-6.93889390390723E-18,-0.13084556677092,0.182509382180727));
#1171=CARTESIAN_POINT('',(0.037812155717499,-0.13084556677092,0.214259382180727));
#1172=CARTESIAN_POINT('',(0.0374180356309852,-0.13084556677092,0.218495758661173));
#1173=CARTESIAN_POINT('',(0.0367428224193159,-0.13084556677092,0.22271229472616));
#1174=CARTESIAN_POINT('',(0.0365004522391834,-0.13084556677092,0.226959382180726));
#1175=CARTESIAN_POINT('',(0.037812155717499,-0.13084556677092,0.214259382180727));
#1176=CARTESIAN_POINT('',(0.0365004522391834,-0.13084556677092,0.226959382180726));
#1177=CARTESIAN_POINT('',(-0.0364675482522826,-0.13084556677092,0.226959382180726));
#1178=CARTESIAN_POINT('',(-0.0365004522391838,-0.13084556677092,0.226959382180721));
#1179=CARTESIAN_POINT('',(-0.0365004522391837,-0.13084556677092,0.226959382180721));
#1180=CARTESIAN_POINT('',(-0.0367428224193164,-0.13084556677092,0.222712294726157));
#1181=CARTESIAN_POINT('',(-0.0374180356309862,-0.13084556677092,0.218495758661172));
#1182=CARTESIAN_POINT('',(-0.0378121557174998,-0.13084556677092,0.214259382180727));
#1183=CARTESIAN_POINT('',(-0.0378121557174999,-0.13084556677092,0.214259382180727));
#1184=CARTESIAN_POINT('',(-6.93889390390723E-18,-0.13084556677092,0.214259382180727));
#1185=CARTESIAN_POINT('',(2.77555756156289E-17,-0.13845153005921,0.233309382180726));
#1186=CARTESIAN_POINT('',(-2.69964382023946E-10,-0.0736955667709182,0.233309382180726));
#1187=CARTESIAN_POINT('',(-0.00836992169849452,-0.0736955667709182,0.233309382180726));
#1188=CARTESIAN_POINT('',(-0.0167409009316857,-0.0736484681624195,0.233309382180726));
#1189=CARTESIAN_POINT('',(-0.0251076610109691,-0.0738421792182484,0.233309382180726));
#1190=CARTESIAN_POINT('',(-0.0251076610109691,-0.0738421792182484,0.233309382180726));
#1191=CARTESIAN_POINT('',(2.77555756156289E-17,-0.0736955667709203,0.233309382180726));
#1192=CARTESIAN_POINT('',(-0.0273408175094257,-0.0736955667709233,0.233309382180726));
#1193=CARTESIAN_POINT('',(-0.0273408175094256,-0.0736955667709227,0.233309382180726));
#1194=CARTESIAN_POINT('',(-0.0266085691364244,-0.0738094196699957,0.233309382180726));
#1195=CARTESIAN_POINT('',(-0.0258579077235742,-0.0738595492732582,0.233309382180726));
#1196=CARTESIAN_POINT('',(-0.0251076610109691,-0.0738421792182484,0.233309382180726));
#1197=CARTESIAN_POINT('',(0.,-0.0990955667709203,0.214259382180727));
#1198=CARTESIAN_POINT('',(0.014695770541428,-0.0718364764676472,0.197980423496646));
#1199=CARTESIAN_POINT('',(0.0124414656954873,-0.0712040450618665,0.199039428875022));
#1200=CARTESIAN_POINT('',(0.00883281317041255,-0.0705631407550628,0.200311724615608));
#1201=CARTESIAN_POINT('',(0.0038215949337696,-0.0701568966245578,0.201194526919404));
#1202=CARTESIAN_POINT('',(-3.50665072960435E-5,-0.0700583046627062,0.201418754100077));
#1203=CARTESIAN_POINT('',(-0.00383628056518142,-0.0701578807465825,0.201192178647903));
#1204=CARTESIAN_POINT('',(-0.00888838874393577,-0.0705698183739198,0.200298075162922));
#1205=CARTESIAN_POINT('',(-0.0124414537541933,-0.0712040270055116,0.199039452477343));
#1206=CARTESIAN_POINT('',(-0.0146959206521876,-0.0718365213489284,0.197980348343247));
#1207=CARTESIAN_POINT('',(0.014695770541428,-0.0718364764676472,0.197980423496646));
#1208=CARTESIAN_POINT('',(-0.0146959206521877,-0.0718365213489283,0.197980348343248));
#1209=CARTESIAN_POINT('',(-0.0146959206521862,-0.0718365213489281,0.197980348343248));
#1210=CARTESIAN_POINT('',(-0.0166813327896444,-0.072393531943056,0.197047640835085));
#1211=CARTESIAN_POINT('',(-0.019418013963051,-0.0734341884290127,0.195450851177411));
#1212=CARTESIAN_POINT('',(-0.0225572917201776,-0.0755395195980672,0.192917661633859));
#1213=CARTESIAN_POINT('',(-0.0244419658040792,-0.0774913061054209,0.190929327726166));
#1214=CARTESIAN_POINT('',(-0.0257285076581538,-0.0799288968957874,0.188874283940102));
#1215=CARTESIAN_POINT('',(-0.0260552739065647,-0.0822839369898613,0.187282380177001));
#1216=CARTESIAN_POINT('',(-0.0257976159139137,-0.0842782017726425,0.186162425038042));
#1217=CARTESIAN_POINT('',(-0.0252268779380685,-0.0862248363642066,0.185200162226937));
#1218=CARTESIAN_POINT('',(-0.0239384901721548,-0.0886247928373989,0.184239836480883));
#1219=CARTESIAN_POINT('',(-0.0217974826166831,-0.0911317128263529,0.183492994145686));
#1220=CARTESIAN_POINT('',(-0.0183446141807518,-0.0940444286958542,0.182860178644521));
#1221=CARTESIAN_POINT('',(-0.0133607408409814,-0.0967621084241038,0.182562343263729));
#1222=CARTESIAN_POINT('',(-0.00683245175402718,-0.0987040735812072,0.182504190390545));
#1223=CARTESIAN_POINT('',(-7.30976619871655E-5,-0.0993553044755893,0.182511961427025));
#1224=CARTESIAN_POINT('',(0.00670663945620956,-0.0987297546118306,0.18250446518575));
#1225=CARTESIAN_POINT('',(0.0121663258869143,-0.0971250510432234,0.182549522070124));
#1226=CARTESIAN_POINT('',(0.0162282681459171,-0.0951962467591951,0.182735383634161));
#1227=CARTESIAN_POINT('',(0.0191169780846621,-0.0933808263940158,0.183006900388612));
#1228=CARTESIAN_POINT('',(0.0216687654322328,-0.091257094223434,0.183461210784657));
#1229=CARTESIAN_POINT('',(0.0238665585033178,-0.088726753351516,0.184205392626658));
#1230=CARTESIAN_POINT('',(0.0254342764721189,-0.085885114593689,0.185326360898391));
#1231=CARTESIAN_POINT('',(0.0260004256282858,-0.0833652499564119,0.186639154464081));
#1232=CARTESIAN_POINT('',(0.0259399886625084,-0.0814579516650663,0.18784073338778));
#1233=CARTESIAN_POINT('',(0.0255446896180996,-0.0795980743903043,0.189157248364614));
#1234=CARTESIAN_POINT('',(0.0245120840376474,-0.077586436591029,0.190840986384904));
#1235=CARTESIAN_POINT('',(0.022604342468702,-0.0755761304927656,0.192875801093051));
#1236=CARTESIAN_POINT('',(0.0202829670863532,-0.0740032837907822,0.194761238462119));
#1237=CARTESIAN_POINT('',(0.017613750273601,-0.0727516160756,0.19650125508806));
#1238=CARTESIAN_POINT('',(0.0156934913520368,-0.0721163809250971,0.197511723929924));
#1239=CARTESIAN_POINT('',(0.0146957705414286,-0.0718364764676473,0.197980423496646));
#1240=CARTESIAN_POINT('',(0.0381,-0.130155993350846,0.207678166436426));
#1241=CARTESIAN_POINT('',(0.0381,-0.130616578825971,0.209851926101773));
#1242=CARTESIAN_POINT('',(0.0380180376855427,-0.13084556677092,0.212046367526031));
#1243=CARTESIAN_POINT('',(0.0378121557174998,-0.13084556677092,0.214259382180727));
#1244=CARTESIAN_POINT('',(-0.0378121557174999,-0.13084556677092,0.214259382180727));
#1245=CARTESIAN_POINT('',(-0.0380180376855427,-0.13084556677092,0.212046367526031));
#1246=CARTESIAN_POINT('',(-0.0381,-0.130616578825971,0.209851926101773));
#1247=CARTESIAN_POINT('',(-0.0381,-0.130155993350846,0.207678166436426));
#1248=CARTESIAN_POINT('',(-0.0381,-0.0680351401909962,0.207678166436417));
#1249=CARTESIAN_POINT('',(-0.0381,-0.0675745547158698,0.209851926101767));
#1250=CARTESIAN_POINT('',(-0.0380180376855425,-0.0673455667709203,0.212046367526028));
#1251=CARTESIAN_POINT('',(-0.037812155717499,-0.0673455667709203,0.214259382180727));
#1252=CARTESIAN_POINT('',(0.0378121557174982,-0.0673455667709203,0.214259382180727));
#1253=CARTESIAN_POINT('',(0.0380180376855417,-0.0673455667709203,0.212046367526028));
#1254=CARTESIAN_POINT('',(0.0381,-0.0675745547158698,0.209851926101767));
#1255=CARTESIAN_POINT('',(0.0381,-0.0680351401909962,0.207678166436417));
#1256=CARTESIAN_POINT('',(0.,-0.0990955667709182,0.119009382180726));
#1257=CARTESIAN_POINT('',(0.0251076610109691,-0.124348954323588,0.233309382180726));
#1258=CARTESIAN_POINT('',(0.025291351475586,-0.124540344651028,0.231453169564922));
#1259=CARTESIAN_POINT('',(0.0256859016115047,-0.124541714094838,0.227707838628136));
#1260=CARTESIAN_POINT('',(0.0262281786640047,-0.123660086952937,0.223200916515838));
#1261=CARTESIAN_POINT('',(0.0266964916104378,-0.122429380821601,0.219683373675153));
#1262=CARTESIAN_POINT('',(0.0270524127140781,-0.121273896447838,0.217182222629496));
#1263=CARTESIAN_POINT('',(0.0274130356773529,-0.119891684289982,0.21480382770523));
#1264=CARTESIAN_POINT('',(0.0279007157963793,-0.117718947016666,0.211781999952866));
#1265=CARTESIAN_POINT('',(0.028483721071651,-0.114529568483601,0.208484554748278));
#1266=CARTESIAN_POINT('',(0.0291007493913105,-0.10987945935434,0.205329570487705));
#1267=CARTESIAN_POINT('',(0.0294551616331698,-0.10557934050005,0.203649421601667));
#1268=CARTESIAN_POINT('',(0.0296076266100374,-0.101883281593085,0.202942818069499));
#1269=CARTESIAN_POINT('',(0.0296592019142098,-0.0982084179698155,0.202706957119889));
#1270=CARTESIAN_POINT('',(0.0295550447714684,-0.0944485046456417,0.203181462265589));
#1271=CARTESIAN_POINT('',(0.029316574318101,-0.0909380900776901,0.204306977112012));
#1272=CARTESIAN_POINT('',(0.0290795520476582,-0.0883992085077002,0.205458167887155));
#1273=CARTESIAN_POINT('',(0.0287941769253806,-0.0859981215565246,0.206896299163402));
#1274=CARTESIAN_POINT('',(0.0283736680003659,-0.083065737671117,0.209108584876243));
#1275=CARTESIAN_POINT('',(0.0277798402358209,-0.0798123894704316,0.212466721531242));
#1276=CARTESIAN_POINT('',(0.0271752894551485,-0.0773160395440263,0.216318228500606));
#1277=CARTESIAN_POINT('',(0.0266939463211366,-0.0757544425403275,0.219702084413036));
#1278=CARTESIAN_POINT('',(0.0262326649748576,-0.0745420097060434,0.223166519933035));
#1279=CARTESIAN_POINT('',(0.0256829746637449,-0.0736443730699844,0.227731870189851));
#1280=CARTESIAN_POINT('',(0.0252914059054624,-0.0736507321793625,0.231452619544955));
#1281=CARTESIAN_POINT('',(0.0251076610109694,-0.0738421792182482,0.233309382180725));
#1282=CARTESIAN_POINT('',(-0.0251076610109691,-0.0738421792182484,0.233309382180726));
#1283=CARTESIAN_POINT('',(-0.0252914059054623,-0.0736507321793624,0.231452619544955));
#1284=CARTESIAN_POINT('',(-0.0256829746637323,-0.0736443730699716,0.227731870189962));
#1285=CARTESIAN_POINT('',(-0.0262326649748627,-0.0745420097060533,0.223166519932993));
#1286=CARTESIAN_POINT('',(-0.0266939463211344,-0.0757544425403228,0.219702084413053));
#1287=CARTESIAN_POINT('',(-0.0271752894551433,-0.0773160395440063,0.216318228500639));
#1288=CARTESIAN_POINT('',(-0.027779840235823,-0.0798123894704411,0.212466721531228));
#1289=CARTESIAN_POINT('',(-0.0283736680003674,-0.0830657376711227,0.209108584876234));
#1290=CARTESIAN_POINT('',(-0.0287941769253839,-0.0859981215565545,0.206896299163385));
#1291=CARTESIAN_POINT('',(-0.0290795520476514,-0.088399208507634,0.205458167887188));
#1292=CARTESIAN_POINT('',(-0.029316574318106,-0.0909380900777468,0.204306977111988));
#1293=CARTESIAN_POINT('',(-0.0295550447714672,-0.0944485046456372,0.203181462265595));
#1294=CARTESIAN_POINT('',(-0.0296592019142109,-0.098208417969866,0.202706957119884));
#1295=CARTESIAN_POINT('',(-0.0296076266100358,-0.101883281593123,0.202942818069506));
#1296=CARTESIAN_POINT('',(-0.0294551616331721,-0.105579340500004,0.203649421601657));
#1297=CARTESIAN_POINT('',(-0.0291007493913082,-0.109879459354379,0.205329570487715));
#1298=CARTESIAN_POINT('',(-0.0284837210716427,-0.114529568483645,0.208484554748325));
#1299=CARTESIAN_POINT('',(-0.0279007157963853,-0.117718947016638,0.211781999952831));
#1300=CARTESIAN_POINT('',(-0.0274130356773492,-0.119891684289999,0.214803827705253));
#1301=CARTESIAN_POINT('',(-0.0270524127140696,-0.121273896447868,0.217182222629555));
#1302=CARTESIAN_POINT('',(-0.026696491610436,-0.122429380821605,0.219683373675168));
#1303=CARTESIAN_POINT('',(-0.0262281786640051,-0.123660086952938,0.223200916515833));
#1304=CARTESIAN_POINT('',(-0.0256859016114959,-0.124541714094845,0.227707838628215));
#1305=CARTESIAN_POINT('',(-0.0252913514755863,-0.124540344651028,0.231453169564919));
#1306=CARTESIAN_POINT('',(-0.0251076610109693,-0.124348954323588,0.233309382180725));
#1307=CARTESIAN_POINT('',(0.0381,-0.136886290783569,0.235415142459977));
#1308=CARTESIAN_POINT('',(0.0381,-0.123938387823692,0.233793401844971));
#1309=CARTESIAN_POINT('',(0.0250557252590861,-0.124289382779352,0.233837364390645));
#1310=CARTESIAN_POINT('',(0.0381,-0.137226365096623,0.232700004686644));
#1311=CARTESIAN_POINT('',(0.0381000000000113,-0.124348454464464,0.232004793733468));
#1312=CARTESIAN_POINT('',(0.0252365678760694,-0.124516098987941,0.231987812273975));
#1313=CARTESIAN_POINT('',(0.0381,-0.137339132021657,0.227120462071496));
#1314=CARTESIAN_POINT('',(0.0380999999999947,-0.124832321466924,0.228246958444542));
#1315=CARTESIAN_POINT('',(0.0256326860106834,-0.124591276938131,0.228178840031377));
#1316=CARTESIAN_POINT('',(0.0381,-0.136091692789784,0.220409159717173));
#1317=CARTESIAN_POINT('',(0.0381000000000007,-0.124493633726921,0.2234387063432));
#1318=CARTESIAN_POINT('',(0.0261813667985995,-0.123759650783489,0.223571193352667));
#1319=CARTESIAN_POINT('',(0.0381,-0.134260327987573,0.215164167902749));
#1320=CARTESIAN_POINT('',(0.0380999999999999,-0.123606462108944,0.219539832719072));
#1321=CARTESIAN_POINT('',(0.026659580582959,-0.122538740915356,0.219950831253071));
#1322=CARTESIAN_POINT('',(0.0381,-0.132515120802175,0.211446022968878));
#1323=CARTESIAN_POINT('',(0.0381,-0.122650017106317,0.216720715447839));
#1324=CARTESIAN_POINT('',(0.0270241178771187,-0.121375269458423,0.217373898155291));
#1325=CARTESIAN_POINT('',(0.0381,-0.130412019160249,0.207930634532837));
#1326=CARTESIAN_POINT('',(0.0381,-0.121403062504315,0.213995308600695));
#1327=CARTESIAN_POINT('',(0.0273936279689082,-0.119973201697139,0.214926846107515));
#1328=CARTESIAN_POINT('',(0.0381,-0.127922713304239,0.20459979064386));
#1329=CARTESIAN_POINT('',(0.0381,-0.119839023093971,0.211355791196348));
#1330=CARTESIAN_POINT('',(0.0277686695620308,-0.118313664459799,0.212597121349611));
#1331=CARTESIAN_POINT('',(0.0381,-0.125121497228031,0.201570857212164));
#1332=CARTESIAN_POINT('',(0.0381,-0.117997328669041,0.208905102218891));
#1333=CARTESIAN_POINT('',(0.0281330269019502,-0.11644618707566,0.210467704344822));
#1334=CARTESIAN_POINT('',(0.0381,-0.121027861919002,0.19796986942997));
#1335=CARTESIAN_POINT('',(0.0381,-0.115221192602484,0.205948754059034));
#1336=CARTESIAN_POINT('',(0.0285930599517467,-0.113717096869641,0.207923114769878));
#1337=CARTESIAN_POINT('',(0.0381,-0.116304380752763,0.194995137994781));
#1338=CARTESIAN_POINT('',(0.0381,-0.111866593286516,0.203424019842765));
#1339=CARTESIAN_POINT('',(0.0290082942632384,-0.110568109425482,0.20580327085955));
#1340=CARTESIAN_POINT('',(0.0381,-0.1112652132353,0.192884923576));
#1341=CARTESIAN_POINT('',(0.0381,-0.108175487622474,0.201603217331737));
#1342=CARTESIAN_POINT('',(0.0293201281468822,-0.107208664413839,0.204290185033145));
#1343=CARTESIAN_POINT('',(0.0381,-0.107308034169683,0.191719333755175));
#1344=CARTESIAN_POINT('',(0.0381,-0.10524577299076,0.200590915900152));
#1345=CARTESIAN_POINT('',(0.0294978006567788,-0.104570545036762,0.203451446938799));
#1346=CARTESIAN_POINT('',(0.0381,-0.103204718754004,0.191007817903727));
#1347=CARTESIAN_POINT('',(0.0381,-0.102179690800152,0.199968886180212));
#1348=CARTESIAN_POINT('',(0.0296086912728764,-0.101835001426309,0.202938090572554));
#1349=CARTESIAN_POINT('',(0.0381,-0.0991159456419983,0.190773710410705));
#1350=CARTESIAN_POINT('',(0.0381,-0.0991108710312752,0.199763571538699));
#1351=CARTESIAN_POINT('',(0.0296455812480912,-0.0991091526849716,0.202768954364653));
#1352=CARTESIAN_POINT('',(0.0381,-0.0949917952938402,0.191005944866524));
#1353=CARTESIAN_POINT('',(0.0381,-0.0960154048826873,0.199967262296802));
#1354=CARTESIAN_POINT('',(0.0296089809821659,-0.0963597191195328,0.202936740484516));
#1355=CARTESIAN_POINT('',(0.0381,-0.090891471302006,0.191718706224768));
#1356=CARTESIAN_POINT('',(0.0381,-0.0929517547890782,0.200590319043533));
#1357=CARTESIAN_POINT('',(0.0294979107663243,-0.0936261697916434,0.203450986995535));
#1358=CARTESIAN_POINT('',(0.0381,-0.0869606451330135,0.192872168047891));
#1359=CARTESIAN_POINT('',(0.0381,-0.0900410626442662,0.201592230669446));
#1360=CARTESIAN_POINT('',(0.0293220331026982,-0.091005619012315,0.204281029512965));
#1361=CARTESIAN_POINT('',(0.0381,-0.0831460074331631,0.194467137644498));
#1362=CARTESIAN_POINT('',(0.0381,-0.0872536369044077,0.2029651991574));
#1363=CARTESIAN_POINT('',(0.0290863234994921,-0.0884625272124148,0.205424670817436));
#1364=CARTESIAN_POINT('',(0.0381,-0.0795122521002117,0.196487430166472));
#1365=CARTESIAN_POINT('',(0.0381,-0.0846474168380787,0.204682818670874));
#1366=CARTESIAN_POINT('',(0.0287998781665118,-0.0860400236571139,0.206866784836527));
#1367=CARTESIAN_POINT('',(0.0381,-0.0750486514477392,0.199638329183743));
#1368=CARTESIAN_POINT('',(0.0381,-0.0815079053425739,0.207332916586724));
#1369=CARTESIAN_POINT('',(0.0283741307718375,-0.0830642898887989,0.209105017299504));
#1370=CARTESIAN_POINT('',(0.0381,-0.0700662421680053,0.204510343915902));
#1371=CARTESIAN_POINT('',(0.0381,-0.0781626959690378,0.211341722135722));
#1372=CARTESIAN_POINT('',(0.0277668511687714,-0.0797426837023095,0.212540119901367));
#1373=CARTESIAN_POINT('',(0.0381,-0.0662578301960279,0.210197641088819));
#1374=CARTESIAN_POINT('',(0.0381,-0.0758534602656451,0.215791799464193));
#1375=CARTESIAN_POINT('',(0.0271462225365751,-0.0772037423876583,0.216508805205364));
#1376=CARTESIAN_POINT('',(0.0381,-0.0639055566259919,0.21522692273948));
#1377=CARTESIAN_POINT('',(0.0381,-0.074571647022382,0.219586710408559));
#1378=CARTESIAN_POINT('',(0.0266536731669797,-0.0756355600076336,0.219994222880297));
#1379=CARTESIAN_POINT('',(0.0381,-0.0625583272018924,0.219098693735283));
#1380=CARTESIAN_POINT('',(0.0381000000000001,-0.0739230969041709,0.222451259021035));
#1381=CARTESIAN_POINT('',(0.0263009441445257,-0.0747374070582358,0.22266660594584));
#1382=CARTESIAN_POINT('',(0.0381,-0.0616027745046739,0.223091824895465));
#1383=CARTESIAN_POINT('',(0.0380999999999995,-0.073565233724558,0.225336635050522));
#1384=CARTESIAN_POINT('',(0.0259620754907267,-0.0741003719267499,0.225412961301538));
#1385=CARTESIAN_POINT('',(0.0381,-0.0608721691614226,0.228600290105178));
#1386=CARTESIAN_POINT('',(0.0381000000000025,-0.0734790858697248,0.22923519505158));
#1387=CARTESIAN_POINT('',(0.0255271610339127,-0.0736133016979501,0.229189242028946));
#1388=CARTESIAN_POINT('',(0.0381,-0.0609642044820397,0.232695956533122));
#1389=CARTESIAN_POINT('',(0.0380999999999888,-0.073842038571526,0.23200216258399));
#1390=CARTESIAN_POINT('',(0.0252368351447395,-0.0736746585782045,0.231985055462596));
#1391=CARTESIAN_POINT('',(0.0381,-0.061304944690926,0.235415956217667));
#1392=CARTESIAN_POINT('',(0.0381,-0.0742528695245238,0.233793941832926));
#1393=CARTESIAN_POINT('',(0.0250556710588488,-0.0739018187175901,0.233837918722345));
#1394=CARTESIAN_POINT('',(0.0365004522391804,-0.0673455667709203,0.226959382180726));
#1395=CARTESIAN_POINT('',(0.0364295567676972,-0.0673455667709203,0.228201693703362));
#1396=CARTESIAN_POINT('',(0.036085732042207,-0.0679171076430184,0.23000822998568));
#1397=CARTESIAN_POINT('',(0.0349922027088284,-0.0693830238813967,0.231709826018982));
#1398=CARTESIAN_POINT('',(0.0334710272990523,-0.0710044365709382,0.232838761097301));
#1399=CARTESIAN_POINT('',(0.0309178561655213,-0.0727791281428458,0.233309230358699));
#1400=CARTESIAN_POINT('',(0.0285624565021323,-0.0735056214653822,0.233309382180726));
#1401=CARTESIAN_POINT('',(0.027340817509445,-0.0736955667709203,0.233309382180726));
#1402=CARTESIAN_POINT('',(0.0273408175094944,-0.12449556677092,0.233309382180726));
#1403=CARTESIAN_POINT('',(0.028562980645858,-0.124685593572414,0.233309382180726));
#1404=CARTESIAN_POINT('',(0.0309048807815286,-0.125406875564763,0.233307384341262));
#1405=CARTESIAN_POINT('',(0.0339916405325951,-0.127542692554044,0.23275404661844));
#1406=CARTESIAN_POINT('',(0.0359695935154191,-0.13006977198104,0.230642526303495));
#1407=CARTESIAN_POINT('',(0.0364294657873688,-0.13084556677092,0.228203287964768));
#1408=CARTESIAN_POINT('',(0.0365004522391834,-0.13084556677092,0.226959382180726));
#1409=CARTESIAN_POINT('',(-0.0250557048915215,-0.124289357244368,0.233837572698633));
#1410=CARTESIAN_POINT('',(-0.0381,-0.123938341300713,0.233793604763107));
#1411=CARTESIAN_POINT('',(-0.0381,-0.136886252481093,0.235415448255594));
#1412=CARTESIAN_POINT('',(-0.0252365463988627,-0.124516087409884,0.231988023172672));
#1413=CARTESIAN_POINT('',(-0.0380999999999702,-0.124348420701856,0.232005001988762));
#1414=CARTESIAN_POINT('',(-0.0381,-0.137226347729484,0.232700313849646));
#1415=CARTESIAN_POINT('',(-0.0256326624104,-0.124591294108968,0.228179052355711));
#1416=CARTESIAN_POINT('',(-0.038100000000014,-0.12483231523174,0.228247174316751));
#1417=CARTESIAN_POINT('',(-0.0381,-0.137339157777937,0.227120772283321));
#1418=CARTESIAN_POINT('',(-0.0261813409626369,-0.123759702154528,0.223571400585051));
#1419=CARTESIAN_POINT('',(-0.0380999999999983,-0.124493663899567,0.223438924811065));
#1420=CARTESIAN_POINT('',(-0.0381,-0.136091769846339,0.220409460884496));
#1421=CARTESIAN_POINT('',(-0.0266595533292502,-0.122538819378681,0.219951030537977));
#1422=CARTESIAN_POINT('',(-0.0381000000000003,-0.123606523140719,0.219540048621274));
#1423=CARTESIAN_POINT('',(-0.0381,-0.134260445682562,0.215164456040567));
#1424=CARTESIAN_POINT('',(-0.0270240903058243,-0.12137536579574,0.217374086691597));
#1425=CARTESIAN_POINT('',(-0.0380999999999999,-0.122650099779395,0.216720923635312));
#1426=CARTESIAN_POINT('',(-0.0381,-0.132515265308151,0.211446294416075));
#1427=CARTESIAN_POINT('',(-0.0273936000328247,-0.119973316214422,0.214927025243854));
#1428=CARTESIAN_POINT('',(-0.0381,-0.121403167493994,0.213995509859134));
#1429=CARTESIAN_POINT('',(-0.0381,-0.130412190936174,0.207930891276438));
#1430=CARTESIAN_POINT('',(-0.0277686414696065,-0.118313798240945,0.212597290434382));
#1431=CARTESIAN_POINT('',(-0.0381,-0.119839152237983,0.211355984356081));
#1432=CARTESIAN_POINT('',(-0.0381,-0.127922913975958,0.204600031767651));
#1433=CARTESIAN_POINT('',(-0.028133000279997,-0.116446333752347,0.210467855489065));
#1434=CARTESIAN_POINT('',(-0.0381,-0.117997476029956,0.208905277407603));
#1435=CARTESIAN_POINT('',(-0.0381,-0.125121717243061,0.201571071639893));
#1436=CARTESIAN_POINT('',(-0.028593035241127,-0.113717263231967,0.2079232452947));
#1437=CARTESIAN_POINT('',(-0.0381,-0.115221366602843,0.205948908078952));
#1438=CARTESIAN_POINT('',(-0.0381,-0.121028111462492,0.197970053283645));
#1439=CARTESIAN_POINT('',(-0.0290082732695261,-0.110568292890428,0.205803375188305));
#1440=CARTESIAN_POINT('',(-0.0381,-0.111866791705447,0.203424144649686));
#1441=CARTESIAN_POINT('',(-0.0381,-0.116304655950183,0.1949952839295));
#1442=CARTESIAN_POINT('',(-0.0293201126356713,-0.1072088573614,0.204290259130042));
#1443=CARTESIAN_POINT('',(-0.0381,-0.108175700617558,0.201603306555));
#1444=CARTESIAN_POINT('',(-0.0381,-0.111265502656642,0.192885026709003));
#1445=CARTESIAN_POINT('',(-0.0294977896089608,-0.104570748893987,0.203451498466257));
#1446=CARTESIAN_POINT('',(-0.0381,-0.105246000595738,0.200590978242474));
#1447=CARTESIAN_POINT('',(-0.0381,-0.107308339955521,0.191719405246105));
#1448=CARTESIAN_POINT('',(-0.0296086857649891,-0.101835206244744,0.20293811588355));
#1449=CARTESIAN_POINT('',(-0.0380999999999999,-0.102179921061798,0.199968916893536));
#1450=CARTESIAN_POINT('',(-0.0381,-0.103205025981657,0.191007852948916));
#1451=CARTESIAN_POINT('',(-0.029645581189595,-0.0991093577674111,0.202768954633845));
#1452=CARTESIAN_POINT('',(-0.0381,-0.0991111020844395,0.199763571864351));
#1453=CARTESIAN_POINT('',(-0.0381,-0.0991162532656576,0.190773710783502));
#1454=CARTESIAN_POINT('',(-0.0296089866055815,-0.0963599273494607,0.2029367146412));
#1455=CARTESIAN_POINT('',(-0.0380999999999999,-0.0960156389734082,0.19996723093916));
#1456=CARTESIAN_POINT('',(-0.0381,-0.0949921076387319,0.191005909084));
#1457=CARTESIAN_POINT('',(-0.0294979216512366,-0.093626370396882,0.20345093622179));
#1458=CARTESIAN_POINT('',(-0.0381,-0.0929519787469407,0.200590257618392));
#1459=CARTESIAN_POINT('',(-0.0381,-0.0908917722098639,0.191718635778475));
#1460=CARTESIAN_POINT('',(-0.0293220485625751,-0.0910058124788322,0.204280955703658));
#1461=CARTESIAN_POINT('',(-0.0381,-0.0900412762892957,0.201592141769715));
#1462=CARTESIAN_POINT('',(-0.0381,-0.0869609353327892,0.192872065322733));
#1463=CARTESIAN_POINT('',(-0.0290863434339742,-0.0884627159033095,0.205424572493959));
#1464=CARTESIAN_POINT('',(-0.0381,-0.0872538419603183,0.202965081526396));
#1465=CARTESIAN_POINT('',(-0.0381,-0.083146290469505,0.194467000237653));
#1466=CARTESIAN_POINT('',(-0.0287999009629348,-0.0860401977163315,0.206866667715969));
#1467=CARTESIAN_POINT('',(-0.0381,-0.0846476020519735,0.204682679777097));
#1468=CARTESIAN_POINT('',(-0.0381,-0.0795125131890382,0.196487265704927));
#1469=CARTESIAN_POINT('',(-0.0283741568036316,-0.0830644478609484,0.209104875269566));
#1470=CARTESIAN_POINT('',(-0.0381,-0.0815080676339186,0.207332750212173));
#1471=CARTESIAN_POINT('',(-0.0381,-0.0750488884059635,0.199638128455269));
#1472=CARTESIAN_POINT('',(-0.0277668791149299,-0.0797428156895465,0.212539952452574));
#1473=CARTESIAN_POINT('',(-0.0381,-0.0781628229522763,0.211341530198201));
#1474=CARTESIAN_POINT('',(-0.0381,-0.0700664401488606,0.204510105187192));
#1475=CARTESIAN_POINT('',(-0.0271462508105203,-0.0772038467664676,0.216508616170737));
#1476=CARTESIAN_POINT('',(-0.0381,-0.0758535517858099,0.215791589325799));
#1477=CARTESIAN_POINT('',(-0.0381,-0.0662579867642423,0.210197369328229));
#1478=CARTESIAN_POINT('',(-0.0266537002818709,-0.0756356376891321,0.219994024310894));
#1479=CARTESIAN_POINT('',(-0.0380999999999999,-0.0745717072699781,0.219586495408875));
#1480=CARTESIAN_POINT('',(-0.0381,-0.0639056731482393,0.215226635610505));
#1481=CARTESIAN_POINT('',(-0.0263009701028961,-0.07473746472611,0.22266640255117));
#1482=CARTESIAN_POINT('',(-0.0381000000000003,-0.0739231346141426,0.222451043132919));
#1483=CARTESIAN_POINT('',(-0.0381,-0.0625584137037048,0.219098398514562));
#1484=CARTESIAN_POINT('',(-0.0259621005186732,-0.074100409848172,0.225412751376966));
#1485=CARTESIAN_POINT('',(-0.0380999999999989,-0.073565249689456,0.225336416828798));
#1486=CARTESIAN_POINT('',(-0.0381,-0.0616028313868029,0.223091519160385));
#1487=CARTESIAN_POINT('',(-0.0255271841927311,-0.0736133111848859,0.229189028868448));
#1488=CARTESIAN_POINT('',(-0.0381000000000056,-0.0734790721939094,0.229234979965444));
#1489=CARTESIAN_POINT('',(-0.0381,-0.0608721833918481,0.228599978389532));
#1490=CARTESIAN_POINT('',(-0.0252368565092081,-0.0736746472012359,0.231984845751051));
#1491=CARTESIAN_POINT('',(-0.0380999999999748,-0.0738420051202243,0.232001955451009));
#1492=CARTESIAN_POINT('',(-0.0381,-0.060964187416491,0.23269564911428));
#1493=CARTESIAN_POINT('',(-0.0250556914726715,-0.0739017931217359,0.233837709939616));
#1494=CARTESIAN_POINT('',(-0.0381,-0.074252822893003,0.233793738452877));
#1495=CARTESIAN_POINT('',(-0.0381,-0.0613049062971448,0.235415649725049));
#1496=CARTESIAN_POINT('',(-0.0273408175094257,-0.0736955667709203,0.233309382180726));
#1497=CARTESIAN_POINT('',(-0.028562980645795,-0.0735055399694328,0.233309382180726));
#1498=CARTESIAN_POINT('',(-0.0309048807814808,-0.0727842579771005,0.233307384341264));
#1499=CARTESIAN_POINT('',(-0.0339916405325725,-0.0706484409878185,0.232754046618453));
#1500=CARTESIAN_POINT('',(-0.035969593515403,-0.0681213615608058,0.230642526303507));
#1501=CARTESIAN_POINT('',(-0.0364294657873661,-0.0673455667709203,0.228203287964774));
#1502=CARTESIAN_POINT('',(-0.0365004522391811,-0.0673455667709203,0.226959382180727));
#1503=CARTESIAN_POINT('',(-0.0365004522391827,-0.13084556677092,0.226959382180726));
#1504=CARTESIAN_POINT('',(-0.0364295567676997,-0.13084556677092,0.22820169370336));
#1505=CARTESIAN_POINT('',(-0.0360857320422103,-0.130274025898824,0.230008229985675));
#1506=CARTESIAN_POINT('',(-0.0349922027088371,-0.128808109660449,0.231709826018977));
#1507=CARTESIAN_POINT('',(-0.0334710272990648,-0.12718669697091,0.232838761097298));
#1508=CARTESIAN_POINT('',(-0.030917856165542,-0.125412005399001,0.233309230358699));
#1509=CARTESIAN_POINT('',(-0.0285624565021569,-0.124685512076461,0.233309382180726));
#1510=CARTESIAN_POINT('',(-0.0273408175094717,-0.12449556677092,0.233309382180726));
#1511=CARTESIAN_POINT('',(2.77555756156289E-17,-0.0736955667709203,0.226959382180726));
#1512=CARTESIAN_POINT('',(-6.93889390390723E-18,-0.12449556677092,0.226959382180726));
#1513=CARTESIAN_POINT('',(0.,0.,0.0254));
#1514=CARTESIAN_POINT('',(0.,-0.00685588790314393,0.0254));
#1515=CARTESIAN_POINT('',(0.0127,-0.00685588790314393,0.0254));
#1516=CARTESIAN_POINT('',(0.012038734769092,-0.00105123105890038,0.00381747188117203));
#1517=CARTESIAN_POINT('',(0.012038734769092,-0.0118424951183144,0.0254));
#1518=CARTESIAN_POINT('',(0.013030632615454,0.00393537615627006,0.00381747188117203));
#1519=CARTESIAN_POINT('',(0.013030632615454,-0.00685588790314393,0.0254));
#1520=CARTESIAN_POINT('',(0.012038734769092,0.00892198337144049,0.00381747188117203));
#1521=CARTESIAN_POINT('',(0.012038734769092,-0.00186928068797351,0.0254));
#1522=CARTESIAN_POINT('',(0.00921404868553813,0.0131494248418082,0.00381747188117203));
#1523=CARTESIAN_POINT('',(0.00921404868553813,0.00235816078239419,0.0254));
#1524=CARTESIAN_POINT('',(0.00498660721517042,0.015974110925362,0.00381747188117203));
#1525=CARTESIAN_POINT('',(0.00498660721517042,0.00518284686594805,0.0254));
#1526=CARTESIAN_POINT('',(6.05797963876276E-18,0.0169660087717241,0.00381747188117203));
#1527=CARTESIAN_POINT('',(3.69957219317988E-18,0.00617474471231007,0.0254));
#1528=CARTESIAN_POINT('',(-0.00498660721517043,0.015974110925362,0.00381747188117203));
#1529=CARTESIAN_POINT('',(-0.00498660721517043,0.00518284686594805,0.0254));
#1530=CARTESIAN_POINT('',(-0.00921404868553814,0.0131494248418082,0.00381747188117203));
#1531=CARTESIAN_POINT('',(-0.00921404868553814,0.00235816078239417,0.0254));
#1532=CARTESIAN_POINT('',(-0.012038734769092,0.00892198337144052,0.00381747188117203));
#1533=CARTESIAN_POINT('',(-0.012038734769092,-0.00186928068797347,0.0254));
#1534=CARTESIAN_POINT('',(-0.013030632615454,0.00393537615627005,0.00381747188117203));
#1535=CARTESIAN_POINT('',(-0.013030632615454,-0.00685588790314395,0.0254));
#1536=CARTESIAN_POINT('',(-0.012038734769092,-0.00105123105890033,0.00381747188117203));
#1537=CARTESIAN_POINT('',(-0.012038734769092,-0.0118424951183143,0.0254));
#1538=CARTESIAN_POINT('',(-0.0092140486855381,-0.00527867252926809,0.00381747188117203));
#1539=CARTESIAN_POINT('',(-0.00921404868553811,-0.0160699365886821,0.0254));
#1540=CARTESIAN_POINT('',(-0.00498660721517046,-0.0081033586128219,0.00381747188117203));
#1541=CARTESIAN_POINT('',(-0.00498660721517047,-0.0188946226722359,0.0254));
#1542=CARTESIAN_POINT('',(5.15673658288418E-17,-0.00909525645918396,0.00381747188117203));
#1543=CARTESIAN_POINT('',(4.92089583832589E-17,-0.019886520518598,0.0254));
#1544=CARTESIAN_POINT('',(0.00498660721517039,-0.00810335861282192,0.00381747188117203));
#1545=CARTESIAN_POINT('',(0.00498660721517039,-0.0188946226722359,0.0254));
#1546=CARTESIAN_POINT('',(0.0092140486855381,-0.0052786725292681,0.00381747188117203));
#1547=CARTESIAN_POINT('',(0.0092140486855381,-0.0160699365886821,0.0254));
#1548=CARTESIAN_POINT('',(0.012038734769092,-0.00105123105890038,0.00381747188117203));
#1549=CARTESIAN_POINT('',(0.012038734769092,-0.0118424951183144,0.0254));
#1550=CARTESIAN_POINT('',(0.013030632615454,0.00393537615627006,0.00381747188117203));
#1551=CARTESIAN_POINT('',(0.013030632615454,-0.00685588790314393,0.0254));
#1552=CARTESIAN_POINT('',(0.012038734769092,0.00892198337144049,0.00381747188117203));
#1553=CARTESIAN_POINT('',(0.012038734769092,-0.00186928068797351,0.0254));
#1554=CARTESIAN_POINT('',(2.35840744558287E-18,0.00393537615627006,0.00381747188117203));
#1555=CARTESIAN_POINT('',(0.0127,0.00393537615627006,0.00381747188117203));
#1556=CARTESIAN_POINT('',(-9.69509594182215E-5,0.00263387439630804,0.00381747188117203));
#1557=CARTESIAN_POINT('',(-0.0112309528604438,-0.0717223825524341,0.181969625202023));
#1558=CARTESIAN_POINT('',(-0.0130354314261223,-0.0785894067527308,0.18937998435549));
#1559=CARTESIAN_POINT('',(-0.0216320035456877,-0.0749494290691086,0.19364321051659));
#1560=CARTESIAN_POINT('',(-0.0107910546223765,-0.0714294069179785,0.182756894798662));
#1561=CARTESIAN_POINT('',(-0.0127988483578536,-0.0779796488148076,0.189824664285951));
#1562=CARTESIAN_POINT('',(-0.0207137027525275,-0.0742948320866476,0.194409105422817));
#1563=CARTESIAN_POINT('',(-0.00979139929154056,-0.0709400986331228,0.184333068714499));
#1564=CARTESIAN_POINT('',(-0.0120709961527224,-0.0767473430786588,0.190837240650488));
#1565=CARTESIAN_POINT('',(-0.0186553978201109,-0.0731492702531884,0.195898823402158));
#1566=CARTESIAN_POINT('',(-0.00826281059137905,-0.0705112477517232,0.186199242240433));
#1567=CARTESIAN_POINT('',(-0.0104977526819579,-0.0753438399216591,0.192260988893854));
#1568=CARTESIAN_POINT('',(-0.0156134028608336,-0.072055026337672,0.197591955528068));
#1569=CARTESIAN_POINT('',(-0.00684400614682432,-0.0702545358595203,0.187569805130269));
#1570=CARTESIAN_POINT('',(-0.00884846572412239,-0.0743824583198197,0.1933705297311));
#1571=CARTESIAN_POINT('',(-0.0128604789823201,-0.0713532656653633,0.198807892058684));
#1572=CARTESIAN_POINT('',(-0.00572088015480631,-0.0701088686715021,0.188477844909601));
#1573=CARTESIAN_POINT('',(-0.00747715730864707,-0.0737771744313839,0.194124689515154));
#1574=CARTESIAN_POINT('',(-0.0107006688272853,-0.0709262043720866,0.199604141091053));
#1575=CARTESIAN_POINT('',(-0.00452432337927656,-0.0699975425709929,0.189254973211767));
#1576=CARTESIAN_POINT('',(-0.00596547185765373,-0.0732813657182377,0.194784287917797));
#1577=CARTESIAN_POINT('',(-0.00843665575941186,-0.0705870658572565,0.200277899745223));
#1578=CARTESIAN_POINT('',(-0.00282000256149132,-0.069892756190123,0.190086339231653));
#1579=CARTESIAN_POINT('',(-0.00376108797042095,-0.0727725030885545,0.19549964646966));
#1580=CARTESIAN_POINT('',(-0.00523581644501233,-0.0702463194985316,0.200993276221311));
#1581=CARTESIAN_POINT('',(-0.000618109480054194,-0.0698354317814554,0.190626709102555));
#1582=CARTESIAN_POINT('',(-0.000828752855736717,-0.0724570480789203,0.195977200726453));
#1583=CARTESIAN_POINT('',(-0.00114193995633266,-0.0700432343019155,0.201453371222275));
#1584=CARTESIAN_POINT('',(0.00212704626968194,-0.0698617139971651,0.190367745385861));
#1585=CARTESIAN_POINT('',(0.00284990413269784,-0.0726066002165182,0.195747136756229));
#1586=CARTESIAN_POINT('',(0.00394251129678808,-0.0701387912040726,0.201233295314776));
#1587=CARTESIAN_POINT('',(0.00470057489894775,-0.0699925426175808,0.189251175113904));
#1588=CARTESIAN_POINT('',(0.0062296991034401,-0.0732794147184246,0.194769149270545));
#1589=CARTESIAN_POINT('',(0.00875654977239177,-0.0705788170270569,0.200277325202714));
#1590=CARTESIAN_POINT('',(0.00703950542867959,-0.0702570870837774,0.187481828523794));
#1591=CARTESIAN_POINT('',(0.00913807855222933,-0.0744374943473364,0.193271506466821));
#1592=CARTESIAN_POINT('',(0.0132226499497196,-0.0713745078315863,0.198736174271751));
#1593=CARTESIAN_POINT('',(0.00904958027049275,-0.0706960212447483,0.185311840342178));
#1594=CARTESIAN_POINT('',(0.0113621013001574,-0.0759991810962997,0.191555641301076));
#1595=CARTESIAN_POINT('',(0.0171653301691113,-0.0725424181486313,0.196795640446944));
#1596=CARTESIAN_POINT('',(0.0106850938484111,-0.071324940724379,0.182995548316763));
#1597=CARTESIAN_POINT('',(0.012798919999956,-0.0778028757845947,0.189925278949291));
#1598=CARTESIAN_POINT('',(0.0204861230707029,-0.0740724366769982,0.194647124259706));
#1599=CARTESIAN_POINT('',(0.0117758678841055,-0.0720746833268879,0.180999583734261));
#1600=CARTESIAN_POINT('',(0.0133381107144977,-0.0793799331458373,0.188804296612065));
#1601=CARTESIAN_POINT('',(0.0227706716355513,-0.0757417549490137,0.19270317859577));
#1602=CARTESIAN_POINT('',(0.0124292685315973,-0.0728060994343983,0.179509564646491));
#1603=CARTESIAN_POINT('',(0.0134096898298323,-0.0804861406966584,0.188161632384097));
#1604=CARTESIAN_POINT('',(0.0241668235704615,-0.0772733281397032,0.1911776071933));
#1605=CARTESIAN_POINT('',(0.0128188677059809,-0.0734357302085832,0.178439076541431));
#1606=CARTESIAN_POINT('',(0.0133226671268785,-0.0812198624533469,0.187793214236132));
#1607=CARTESIAN_POINT('',(0.0250073137807045,-0.078542912983586,0.190038220722448));
#1608=CARTESIAN_POINT('',(0.0130938703690927,-0.0741482548679278,0.177451570078694));
#1609=CARTESIAN_POINT('',(0.0131441342281706,-0.0818067103095483,0.187533395001004));
#1610=CARTESIAN_POINT('',(0.0256004655622896,-0.0799127952155974,0.188939328499721));
#1611=CARTESIAN_POINT('',(0.0132987910740468,-0.075172403251423,0.176291601092693));
#1612=CARTESIAN_POINT('',(0.0128590681324735,-0.0823682219265692,0.187293254152733));
#1613=CARTESIAN_POINT('',(0.0260410533427224,-0.0818233648660429,0.187571844276884));
#1614=CARTESIAN_POINT('',(0.0132603842657212,-0.0763794417337197,0.175338240733992));
#1615=CARTESIAN_POINT('',(0.012630961987038,-0.0826704921417877,0.187079746771152));
#1616=CARTESIAN_POINT('',(0.0259336535705624,-0.0839218791045876,0.186325742760062));
#1617=CARTESIAN_POINT('',(0.0129647202248639,-0.0776723275976182,0.174667285804254));
#1618=CARTESIAN_POINT('',(0.012512721366091,-0.0829692996049005,0.186714925489178));
#1619=CARTESIAN_POINT('',(0.0252657844972195,-0.086021673036773,0.185308801076702));
#1620=CARTESIAN_POINT('',(0.0124954699586225,-0.0790320111023663,0.174159504663782));
#1621=CARTESIAN_POINT('',(0.012405974958048,-0.0833711664704052,0.18622976895709));
#1622=CARTESIAN_POINT('',(0.0242268598849098,-0.0881419560261017,0.184420857461793));
#1623=CARTESIAN_POINT('',(0.0116029253663471,-0.0807685140335316,0.173835135165931));
#1624=CARTESIAN_POINT('',(0.0121639688405099,-0.0841880805434541,0.185433209857593));
#1625=CARTESIAN_POINT('',(0.0222991950944205,-0.0906855827852035,0.183593447415662));
#1626=CARTESIAN_POINT('',(0.0103146340880865,-0.0824671011036623,0.173817937724699));
#1627=CARTESIAN_POINT('',(0.0113856270580896,-0.0854867724261497,0.184566601952807));
#1628=CARTESIAN_POINT('',(0.019635294388827,-0.0929921418316767,0.183081420436662));
#1629=CARTESIAN_POINT('',(0.00909373097326774,-0.0837061095599584,0.173917733742126));
#1630=CARTESIAN_POINT('',(0.0103715442503613,-0.0866235473976323,0.183967604397933));
#1631=CARTESIAN_POINT('',(0.0171917697254809,-0.0946007714899108,0.182821943355713));
#1632=CARTESIAN_POINT('',(0.00773495931557531,-0.0848644160456553,0.174074113492886));
#1633=CARTESIAN_POINT('',(0.00910498220435973,-0.0877674617957225,0.183442659172914));
#1634=CARTESIAN_POINT('',(0.0145080695272841,-0.0960704009213125,0.182640059726914));
#1635=CARTESIAN_POINT('',(0.00584849049464323,-0.0860787019911689,0.174319127074282));
#1636=CARTESIAN_POINT('',(0.00709519565071583,-0.0890910196485846,0.182952051181669));
#1637=CARTESIAN_POINT('',(0.0108865248972304,-0.0975488113402637,0.182535753733785));
#1638=CARTESIAN_POINT('',(0.00328282659988175,-0.0870872191143127,0.174581934537909));
#1639=CARTESIAN_POINT('',(0.00406284212757792,-0.0902657065500614,0.182603435985114));
#1640=CARTESIAN_POINT('',(0.00607054790798452,-0.0987409491401229,0.18250782683051));
#1641=CARTESIAN_POINT('',(0.000608675038279854,-0.0875205265374753,0.174708376538988));
#1642=CARTESIAN_POINT('',(0.000757704069824065,-0.0907844153621692,0.182470642416445));
#1643=CARTESIAN_POINT('',(0.00111972684072856,-0.0992431430279895,0.182510070831868));
#1644=CARTESIAN_POINT('',(-0.00214844550201207,-0.0873456965682907,0.174656519677032));
#1645=CARTESIAN_POINT('',(-0.00267034926702231,-0.0905744572690648,0.182523033709533));
#1646=CARTESIAN_POINT('',(-0.0039652413443343,-0.099041156599763,0.182508269176877));
#1647=CARTESIAN_POINT('',(-0.00475935715367217,-0.0865819973510232,0.174444319844251));
#1648=CARTESIAN_POINT('',(-0.00583418269040369,-0.0896706961769463,0.182771371213512));
#1649=CARTESIAN_POINT('',(-0.0088321601947236,-0.0981474581119655,0.182515866499936));
#1650=CARTESIAN_POINT('',(-0.00677362488338316,-0.0855108601605417,0.174197109513948));
#1651=CARTESIAN_POINT('',(-0.00809350562030621,-0.0884648416972501,0.183175098962361));
#1652=CARTESIAN_POINT('',(-0.012659236751032,-0.0968607913011799,0.182577688216317));
#1653=CARTESIAN_POINT('',(-0.00821513528113962,-0.0844644983152979,0.174017923780026));
#1654=CARTESIAN_POINT('',(-0.00955338558254849,-0.0873736349593938,0.183620361282625));
#1655=CARTESIAN_POINT('',(-0.0154533585223814,-0.0955650408272456,0.182700354615463));
#1656=CARTESIAN_POINT('',(-0.00955826108014971,-0.0832908876615636,0.173867574928088));
#1657=CARTESIAN_POINT('',(-0.0108029007376074,-0.0862120226689065,0.184162817080817));
#1658=CARTESIAN_POINT('',(-0.0181122352142274,-0.0940708952564237,0.182892748770292));
#1659=CARTESIAN_POINT('',(-0.0109723507456112,-0.0816882598646922,0.173787644350798));
#1660=CARTESIAN_POINT('',(-0.011846405120872,-0.0848224214395704,0.184966235703509));
#1661=CARTESIAN_POINT('',(-0.0209796665464674,-0.0919570735212942,0.183278622730891));
#1662=CARTESIAN_POINT('',(-0.012266920732812,-0.0795877218540886,0.174002797131458));
#1663=CARTESIAN_POINT('',(-0.0123815227468626,-0.083551712974089,0.186004570593977));
#1664=CARTESIAN_POINT('',(-0.0237217713093965,-0.0889866894063607,0.184104232840228));
#1665=CARTESIAN_POINT('',(-0.0129216758837238,-0.0779022882823066,0.174535139288227));
#1666=CARTESIAN_POINT('',(-0.012487136228218,-0.0830201283715716,0.186657371379163));
#1667=CARTESIAN_POINT('',(-0.0251686290875256,-0.0863979419531527,0.185117503213939));
#1668=CARTESIAN_POINT('',(-0.0132045729450614,-0.0765888928769601,0.175240311145377));
#1669=CARTESIAN_POINT('',(-0.0126158320776353,-0.0827204718476039,0.187014892769609));
#1670=CARTESIAN_POINT('',(-0.0258090147903955,-0.0842557100313888,0.186171582889631));
#1671=CARTESIAN_POINT('',(-0.0132828883500027,-0.0756787039948557,0.175892160546728));
#1672=CARTESIAN_POINT('',(-0.0127607982246981,-0.0824962979264049,0.187205810859657));
#1673=CARTESIAN_POINT('',(-0.0259967857167939,-0.0826975849186155,0.187052230383274));
#1674=CARTESIAN_POINT('',(-0.0132371364551204,-0.0748299261450678,0.176669543310287));
#1675=CARTESIAN_POINT('',(-0.0129548002267747,-0.082187083522745,0.187371341718948));
#1676=CARTESIAN_POINT('',(-0.0259087905470665,-0.0811891691843429,0.188019875458987));
#1677=CARTESIAN_POINT('',(-0.0130077334703488,-0.073791352589884,0.177875269923496));
#1678=CARTESIAN_POINT('',(-0.0132400874372606,-0.081594978401992,0.18762385799988));
#1679=CARTESIAN_POINT('',(-0.0254154798647932,-0.0792430821790277,0.189431565957508));
#1680=CARTESIAN_POINT('',(-0.0124307887199448,-0.072697952439856,0.179609451134661));
#1681=CARTESIAN_POINT('',(-0.013488921252514,-0.0804684288347696,0.188135337314809));
#1682=CARTESIAN_POINT('',(-0.0241652025790715,-0.0770768521479547,0.191303453964796));
#1683=CARTESIAN_POINT('',(-0.0116708510985112,-0.0720153581868896,0.181182355605383));
#1684=CARTESIAN_POINT('',(-0.0132799002595666,-0.079219489086426,0.188920482394291));
#1685=CARTESIAN_POINT('',(-0.0225503043388478,-0.0756040260515697,0.192877315610363));
#1686=CARTESIAN_POINT('',(-0.0112309528604438,-0.0717223825524341,0.181969625202023));
#1687=CARTESIAN_POINT('',(-0.0130354314261223,-0.0785894067527308,0.18937998435549));
#1688=CARTESIAN_POINT('',(-0.0216320035456877,-0.0749494290691086,0.19364321051659));
#1689=MECHANICAL_DESIGN_GEOMETRIC_PRESENTATION_REPRESENTATION('',(#353),
#1690);
#1690=(
GEOMETRIC_REPRESENTATION_CONTEXT(3)
GLOBAL_UNCERTAINTY_ASSIGNED_CONTEXT((#1691))
GLOBAL_UNIT_ASSIGNED_CONTEXT((#1694,#1693,#1692))
REPRESENTATION_CONTEXT('Perch_Desk_UpperLarge',
'TOP_LEVEL_ASSEMBLY_PART')
);
#1691=UNCERTAINTY_MEASURE_WITH_UNIT(LENGTH_MEASURE(4.57189108418934E-5),
#1694,'DISTANCE_ACCURACY_VALUE','Maximum Tolerance applied to model');
#1692=(
NAMED_UNIT(*)
SI_UNIT($,.STERADIAN.)
SOLID_ANGLE_UNIT()
);
#1693=(
NAMED_UNIT(*)
PLANE_ANGLE_UNIT()
SI_UNIT($,.RADIAN.)
);
#1694=(
LENGTH_UNIT()
NAMED_UNIT(*)
SI_UNIT($,.METRE.)
);
#1695=PRODUCT_DEFINITION_SHAPE('','',#1696);
#1696=PRODUCT_DEFINITION('','',#1698,#1697);
#1697=PRODUCT_DEFINITION_CONTEXT('',#1704,'design');
#1698=PRODUCT_DEFINITION_FORMATION_WITH_SPECIFIED_SOURCE('','',#1700,
 .NOT_KNOWN.);
#1699=PRODUCT_RELATED_PRODUCT_CATEGORY('','',(#1700));
#1700=PRODUCT('Perch_Desk_UpperLarge','Perch_Desk_UpperLarge',
'Perch_Desk_UpperLarge',(#1702));
#1701=PRODUCT_CATEGORY('','');
#1702=PRODUCT_CONTEXT('',#1704,'mechanical');
#1703=APPLICATION_PROTOCOL_DEFINITION('international standard',
'ap242_managed_model_based_3d_engineering',2020,#1704);
#1704=APPLICATION_CONTEXT('managed model based 3d engineering');
ENDSEC;
END-ISO-10303-21;
