ISO-10303-21;
HEADER;
/* Generated by software containing ST-Developer
 * from STEP Tools, Inc. (www.steptools.com) 
 */
/* OPTION: using custom renumber hook */

FILE_DESCRIPTION(
/* description */ ('STEP AP242 Edition 2',
'CAx-IF Rec.Pracs.---Representation and Presentation of Product Manufa
cturing Information (PMI)---4.0---2014-10-13',
'CAx-IF Rec.Pracs.---3D Tessellated Geometry---0.4---2014-09-14','2;1',
'CAx-IF Rec.Pracs.---User Defined Attributes---1.5---2016-08-15'),
/* implementation_level */ '2;1');

FILE_NAME(
/* name */ 'Under Desk - Perch_Under',
/* time_stamp */ '2026-08-19T01:22:51Z',
/* author */ (''),
/* organization */ (''),
/* preprocessor_version */ 'ST-DEVELOPER v20',
/* originating_system */ 'ONSHAPE BY PTC INC, 1.219',
/* authorisation */ '  ');

FILE_SCHEMA (('AP242_MANAGED_MODEL_BASED_3D_ENGINEERING_MIM_LF { 1 0 10303 442 3 1 4 }'));
ENDSEC;

DATA;
#10=SHAPE_REPRESENTATION_RELATIONSHIP('','',#1040,#11);
#11=ADVANCED_BREP_SHAPE_REPRESENTATION('',(#1038),#2186);
#12=SPHERICAL_SURFACE('',#1103,0.00635);
#13=SPHERICAL_SURFACE('',#1118,0.00635);
#14=SPHERICAL_SURFACE('',#1122,0.00635);
#15=SPHERICAL_SURFACE('',#1132,0.00635);
#16=SPHERICAL_SURFACE('',#1134,0.00635);
#17=SPHERICAL_SURFACE('',#1140,0.00635);
#18=(
BOUNDED_SURFACE()
B_SPLINE_SURFACE(3,2,((#1749,#1750,#1751),(#1752,#1753,#1754),(#1755,#1756,
#1757),(#1758,#1759,#1760),(#1761,#1762,#1763)),.UNSPECIFIED.,.F.,.F.,.F.)
B_SPLINE_SURFACE_WITH_KNOTS((4,1,4),(3,3),(0.904556894302386,1.23767661054864,
1.5707963267949),(0.,1.),.UNSPECIFIED.)
GEOMETRIC_REPRESENTATION_ITEM()
RATIONAL_B_SPLINE_SURFACE(((1.,0.79887208057674,1.),(1.,0.786655124103203,
1.),(1.,0.758431480388329,1.),(1.,0.72466373182518,1.),(1.,0.707106781186548,
1.)))
REPRESENTATION_ITEM('')
SURFACE()
);
#19=(
BOUNDED_SURFACE()
B_SPLINE_SURFACE(3,2,((#1793,#1794,#1795),(#1796,#1797,#1798),(#1799,#1800,
#1801),(#1802,#1803,#1804),(#1805,#1806,#1807)),.UNSPECIFIED.,.F.,.F.,.F.)
B_SPLINE_SURFACE_WITH_KNOTS((4,1,4),(3,3),(4.04614954789218,4.37926926413843,
4.71238898038469),(0.,1.),.UNSPECIFIED.)
GEOMETRIC_REPRESENTATION_ITEM()
RATIONAL_B_SPLINE_SURFACE(((1.,0.79887208057674,1.),(1.,0.786655124103558,
1.),(1.,0.758431480388075,1.),(1.,0.724663731825332,1.),(1.,0.707106781186548,
1.)))
REPRESENTATION_ITEM('')
SURFACE()
);
#20=(
BOUNDED_SURFACE()
B_SPLINE_SURFACE(3,2,((#1890,#1891,#1892),(#1893,#1894,#1895),(#1896,#1897,
#1898),(#1899,#1900,#1901),(#1902,#1903,#1904)),.UNSPECIFIED.,.F.,.F.,.F.)
B_SPLINE_SURFACE_WITH_KNOTS((4,1,4),(3,3),(0.0579863459134857,0.0742544183843542,
0.0905224908552228),(0.,1.),.UNSPECIFIED.)
GEOMETRIC_REPRESENTATION_ITEM()
RATIONAL_B_SPLINE_SURFACE(((1.,0.839291606530615,1.),(1.,0.849871148627445,
1.),(1.,0.860838273908551,1.),(1.,0.849902792981023,1.),(1.,0.839290452972119,
1.)))
REPRESENTATION_ITEM('')
SURFACE()
);
#21=(
BOUNDED_SURFACE()
B_SPLINE_SURFACE(3,2,((#1927,#1928,#1929),(#1930,#1931,#1932),(#1933,#1934,
#1935),(#1936,#1937,#1938),(#1939,#1940,#1941),(#1942,#1943,#1944),(#1945,
#1946,#1947),(#1948,#1949,#1950),(#1951,#1952,#1953)),.UNSPECIFIED.,.F.,
 .F.,.F.)
B_SPLINE_SURFACE_WITH_KNOTS((4,1,1,1,1,1,4),(3,3),(6.28318530717959,6.47953484802895,
6.67588438887831,6.87223392972767,7.06858347057703,7.46128255227576,7.85398163397448),
(0.,1.),.UNSPECIFIED.)
GEOMETRIC_REPRESENTATION_ITEM()
RATIONAL_B_SPLINE_SURFACE(((1.,0.707106781186548,1.),(1.,0.707106781186824,
1.),(1.,0.716400177601575,1.),(1.,0.754563896244202,1.),(1.,0.808034956513231,
1.),(1.,0.886299164406124,1.),(1.,0.973513794545301,1.),(1.,1.00000000000007,
1.),(1.,1.,1.)))
REPRESENTATION_ITEM('')
SURFACE()
);
#22=(
BOUNDED_SURFACE()
B_SPLINE_SURFACE(3,2,((#1962,#1963,#1964),(#1965,#1966,#1967),(#1968,#1969,
#1970),(#1971,#1972,#1973),(#1974,#1975,#1976),(#1977,#1978,#1979),(#1980,
#1981,#1982),(#1983,#1984,#1985),(#1986,#1987,#1988)),.UNSPECIFIED.,.F.,
 .F.,.F.)
B_SPLINE_SURFACE_WITH_KNOTS((4,1,1,1,1,1,4),(3,3),(1.5707963267949,1.96349540849362,
2.35619449019235,2.55254403104171,2.74889357189107,2.94524311274043,3.1415926535898),
(0.,1.),.UNSPECIFIED.)
GEOMETRIC_REPRESENTATION_ITEM()
RATIONAL_B_SPLINE_SURFACE(((1.,1.,1.),(1.,1.00000000000007,1.),(1.,0.973513794545301,
1.),(1.,0.886299164406125,1.),(1.,0.808034956513231,1.),(1.,0.754563896244202,
1.),(1.,0.716400177601575,1.),(1.,0.707106781186824,1.),(1.,0.707106781186548,
1.)))
REPRESENTATION_ITEM('')
SURFACE()
);
#23=(
BOUNDED_SURFACE()
B_SPLINE_SURFACE(3,2,((#2003,#2004,#2005),(#2006,#2007,#2008),(#2009,#2010,
#2011),(#2012,#2013,#2014),(#2015,#2016,#2017),(#2018,#2019,#2020),(#2021,
#2022,#2023),(#2024,#2025,#2026),(#2027,#2028,#2029),(#2030,#2031,#2032),
(#2033,#2034,#2035),(#2036,#2037,#2038),(#2039,#2040,#2041),(#2042,#2043,
#2044),(#2045,#2046,#2047),(#2048,#2049,#2050),(#2051,#2052,#2053),(#2054,
#2055,#2056)),.UNSPECIFIED.,.F.,.F.,.F.)
B_SPLINE_SURFACE_WITH_KNOTS((4,1,1,1,1,1,1,1,1,1,1,1,1,1,1,4),(3,3),(0.050199412317229,
0.0577521990302165,0.0615285923867102,0.065304985743204,0.0690813790996977,
0.0728577724561915,0.0766341658126853,0.080410559169179,0.0841869525256728,
0.0879633458821665,0.0917397392386603,0.0955161325951541,0.0992925259516478,
0.103068919308142,0.106845312664635,0.110621706021129),(0.,1.),
 .UNSPECIFIED.)
GEOMETRIC_REPRESENTATION_ITEM()
RATIONAL_B_SPLINE_SURFACE(((1.,0.744388054490515,1.),(1.,0.748783404383144,
1.),(1.,0.754553111726771,1.),(1.,0.75993185610866,1.),(1.,0.762475561736957,
1.),(1.,0.763463506018804,1.),(1.,0.762807487415836,1.),(1.,0.760515735599161,
1.),(1.,0.756810624040474,1.),(1.,0.751753572521712,1.),(1.,0.745767427047263,
1.),(1.,0.738954971275019,1.),(1.,0.731725216039214,1.),(1.,0.724261386324461,
1.),(1.,0.716760801286334,1.),(1.,0.709537704829918,1.),(1.,0.704861917781227,
1.),(1.,0.702635126293457,1.)))
REPRESENTATION_ITEM('')
SURFACE()
);
#24=(
BOUNDED_SURFACE()
B_SPLINE_SURFACE(3,2,((#2058,#2059,#2060),(#2061,#2062,#2063),(#2064,#2065,
#2066),(#2067,#2068,#2069)),.UNSPECIFIED.,.F.,.F.,.F.)
B_SPLINE_SURFACE_WITH_KNOTS((4,4),(3,3),(-3.46944695195361E-17,0.00869178020668628),
(0.,1.),.PIECEWISE_BEZIER_KNOTS.)
GEOMETRIC_REPRESENTATION_ITEM()
RATIONAL_B_SPLINE_SURFACE(((1.,0.814123251302194,1.),(1.,0.794567785910208,
1.),(1.,0.768241821755638,1.),(1.,0.744388054490515,1.)))
REPRESENTATION_ITEM('')
SURFACE()
);
#25=(
BOUNDED_SURFACE()
B_SPLINE_SURFACE(3,2,((#2071,#2072,#2073),(#2074,#2075,#2076),(#2077,#2078,
#2079),(#2080,#2081,#2082),(#2083,#2084,#2085),(#2086,#2087,#2088)),
 .UNSPECIFIED.,.F.,.F.,.F.)
B_SPLINE_SURFACE_WITH_KNOTS((4,1,1,4),(3,3),(0.0065972201433801,0.00721536488401145,
0.00783350962464281,0.00906979910590552),(0.,1.),.UNSPECIFIED.)
GEOMETRIC_REPRESENTATION_ITEM()
RATIONAL_B_SPLINE_SURFACE(((1.,0.81412325130212,1.),(1.,0.810950906178481,
1.),(1.,0.802030000255181,1.),(1.,0.77311322502735,1.),(1.,0.7367563708962,
1.),(1.,0.707106781186488,1.)))
REPRESENTATION_ITEM('')
SURFACE()
);
#26=(
BOUNDED_SURFACE()
B_SPLINE_SURFACE(3,2,((#2091,#2092,#2093),(#2094,#2095,#2096),(#2097,#2098,
#2099),(#2100,#2101,#2102),(#2103,#2104,#2105),(#2106,#2107,#2108),(#2109,
#2110,#2111),(#2112,#2113,#2114),(#2115,#2116,#2117),(#2118,#2119,#2120),
(#2121,#2122,#2123),(#2124,#2125,#2126),(#2127,#2128,#2129),(#2130,#2131,
#2132),(#2133,#2134,#2135),(#2136,#2137,#2138),(#2139,#2140,#2141),(#2142,
#2143,#2144)),.UNSPECIFIED.,.F.,.F.,.F.)
B_SPLINE_SURFACE_WITH_KNOTS((4,1,1,1,1,1,1,1,1,1,1,1,1,1,1,4),(3,3),(0.0540419345187324,
0.061596998885792,0.0653745310693218,0.0691520632528517,0.0729295954363815,
0.0767071276199113,0.0804846598034411,0.0842621919869709,0.0880397241705007,
0.0918172563540306,0.0955947885375604,0.0993723207210902,0.10314985290462,
0.10692738508815,0.11070491727168,0.114482449455209),(0.,1.),
 .UNSPECIFIED.)
GEOMETRIC_REPRESENTATION_ITEM()
RATIONAL_B_SPLINE_SURFACE(((1.,0.744388054490515,1.),(1.,0.748726926452553,
1.),(1.,0.754611664622072,1.),(1.,0.759908457158846,1.),(1.,0.762495298406167,
1.),(1.,0.763462883054924,1.),(1.,0.762788467557233,1.),(1.,0.760538841606323,
1.),(1.,0.756758212500803,1.),(1.,0.751780179349939,1.),(1.,0.745708738612522,
1.),(1.,0.738953747084449,1.),(1.,0.73169794060172,1.),(1.,0.724205039533266,
1.),(1.,0.71677829354126,1.),(1.,0.70943669497753,1.),(1.,0.704860956102848,
1.),(1.,0.702627234609032,1.)))
REPRESENTATION_ITEM('')
SURFACE()
);
#27=(
BOUNDED_SURFACE()
B_SPLINE_SURFACE(3,2,((#2146,#2147,#2148),(#2149,#2150,#2151),(#2152,#2153,
#2154),(#2155,#2156,#2157)),.UNSPECIFIED.,.F.,.F.,.F.)
B_SPLINE_SURFACE_WITH_KNOTS((4,4),(3,3),(3.55618312575245E-17,0.00869178020672503),
(0.,1.),.PIECEWISE_BEZIER_KNOTS.)
GEOMETRIC_REPRESENTATION_ITEM()
RATIONAL_B_SPLINE_SURFACE(((1.,0.744388054490218,1.),(1.,0.768241821757408,
1.),(1.,0.794567785911102,1.),(1.,0.814123251302211,1.)))
REPRESENTATION_ITEM('')
SURFACE()
);
#28=(
BOUNDED_SURFACE()
B_SPLINE_SURFACE(3,2,((#2161,#2162,#2163),(#2164,#2165,#2166),(#2167,#2168,
#2169),(#2170,#2171,#2172),(#2173,#2174,#2175),(#2176,#2177,#2178),(#2179,
#2180,#2181),(#2182,#2183,#2184)),.UNSPECIFIED.,.F.,.F.,.F.)
B_SPLINE_SURFACE_WITH_KNOTS((4,1,1,1,1,4),(3,3),(0.00529692479347633,0.00591042082187026,
0.00621716883606722,0.00652391685026419,0.00713741287865812,0.00775090890705205),
(0.,1.),.UNSPECIFIED.)
GEOMETRIC_REPRESENTATION_ITEM()
RATIONAL_B_SPLINE_SURFACE(((1.,0.70710678118654,1.),(1.,0.7219760642757,
1.),(1.,0.742387721346664,1.),(1.,0.764540365795982,1.),(1.,0.784026350274807,
1.),(1.,0.802079379134949,1.),(1.,0.810933994291194,1.),(1.,0.814123251302196,
1.)))
REPRESENTATION_ITEM('')
SURFACE()
);
#29=TOROIDAL_SURFACE('',#1075,0.113955958069823,0.01397);
#30=TOROIDAL_SURFACE('',#1091,0.0127,0.00635);
#31=TOROIDAL_SURFACE('',#1101,0.0127,0.00635);
#32=TOROIDAL_SURFACE('',#1105,0.0127,0.00635);
#33=TOROIDAL_SURFACE('',#1120,0.0127,0.00635);
#34=TOROIDAL_SURFACE('',#1154,0.017018,0.010668);
#35=TOROIDAL_SURFACE('',#1157,0.017018,0.010668);
#36=ELLIPSE('',#1069,0.0141990316571237,0.0127);
#37=ELLIPSE('',#1071,0.0141990316571237,0.0127);
#38=ELLIPSE('',#1078,0.00898025612106915,0.00635);
#39=ELLIPSE('',#1088,0.00898025612106916,0.00635);
#40=ELLIPSE('',#1090,0.00898025612106915,0.00635);
#41=ELLIPSE('',#1098,0.00898025612106916,0.00635);
#42=ELLIPSE('',#1145,0.0141990316571237,0.0127);
#43=ELLIPSE('',#1146,0.0141990316571237,0.0127);
#44=ELLIPSE('',#1148,0.0141990316571237,0.0127);
#45=ELLIPSE('',#1149,0.0141990316571237,0.0127);
#46=CYLINDRICAL_SURFACE('',#1065,0.0033782);
#47=CYLINDRICAL_SURFACE('',#1066,0.0033782);
#48=CYLINDRICAL_SURFACE('',#1067,0.0033782);
#49=CYLINDRICAL_SURFACE('',#1076,0.00635);
#50=CYLINDRICAL_SURFACE('',#1079,0.00635);
#51=CYLINDRICAL_SURFACE('',#1081,0.00635);
#52=CYLINDRICAL_SURFACE('',#1084,0.00635);
#53=CYLINDRICAL_SURFACE('',#1089,0.00635);
#54=CYLINDRICAL_SURFACE('',#1094,0.00635);
#55=CYLINDRICAL_SURFACE('',#1096,0.00635);
#56=CYLINDRICAL_SURFACE('',#1099,0.00635);
#57=CYLINDRICAL_SURFACE('',#1108,0.00635);
#58=CYLINDRICAL_SURFACE('',#1111,0.00635);
#59=CYLINDRICAL_SURFACE('',#1114,0.00635);
#60=CYLINDRICAL_SURFACE('',#1116,0.00635);
#61=CYLINDRICAL_SURFACE('',#1124,0.00635);
#62=CYLINDRICAL_SURFACE('',#1126,0.00635);
#63=CYLINDRICAL_SURFACE('',#1128,0.00635);
#64=CYLINDRICAL_SURFACE('',#1130,0.00635);
#65=CYLINDRICAL_SURFACE('',#1136,0.00635);
#66=CYLINDRICAL_SURFACE('',#1138,0.00635);
#67=CYLINDRICAL_SURFACE('',#1142,0.00635);
#68=CYLINDRICAL_SURFACE('',#1143,0.00635);
#69=CYLINDRICAL_SURFACE('',#1144,0.0127);
#70=CYLINDRICAL_SURFACE('',#1147,0.0127);
#71=CYLINDRICAL_SURFACE('',#1150,0.0127);
#72=LINE('',#1460,#126);
#73=LINE('',#1462,#127);
#74=LINE('',#1464,#128);
#75=LINE('',#1468,#129);
#76=LINE('',#1471,#130);
#77=LINE('',#1473,#131);
#78=LINE('',#1475,#132);
#79=LINE('',#1477,#133);
#80=LINE('',#1481,#134);
#81=LINE('',#1483,#135);
#82=LINE('',#1491,#136);
#83=LINE('',#1493,#137);
#84=LINE('',#1495,#138);
#85=LINE('',#1500,#139);
#86=LINE('',#1502,#140);
#87=LINE('',#1503,#141);
#88=LINE('',#1505,#142);
#89=LINE('',#1507,#143);
#90=LINE('',#1509,#144);
#91=LINE('',#1514,#145);
#92=LINE('',#1518,#146);
#93=LINE('',#1522,#147);
#94=LINE('',#1524,#148);
#95=LINE('',#1526,#149);
#96=LINE('',#1528,#150);
#97=LINE('',#1530,#151);
#98=LINE('',#1534,#152);
#99=LINE('',#1538,#153);
#100=LINE('',#1541,#154);
#101=LINE('',#1542,#155);
#102=LINE('',#1544,#156);
#103=LINE('',#1547,#157);
#104=LINE('',#1549,#158);
#105=LINE('',#1553,#159);
#106=LINE('',#1555,#160);
#107=LINE('',#1557,#161);
#108=LINE('',#1559,#162);
#109=LINE('',#1561,#163);
#110=LINE('',#1603,#164);
#111=LINE('',#1611,#165);
#112=LINE('',#1615,#166);
#113=LINE('',#1617,#167);
#114=LINE('',#1619,#168);
#115=LINE('',#1627,#169);
#116=LINE('',#1629,#170);
#117=LINE('',#1631,#171);
#118=LINE('',#1635,#172);
#119=LINE('',#1643,#173);
#120=LINE('',#1645,#174);
#121=LINE('',#1653,#175);
#122=LINE('',#1655,#176);
#123=LINE('',#1658,#177);
#124=LINE('',#1660,#178);
#125=LINE('',#1662,#179);
#126=VECTOR('',#1165,1.);
#127=VECTOR('',#1166,1.);
#128=VECTOR('',#1167,1.);
#129=VECTOR('',#1172,1.);
#130=VECTOR('',#1173,1.);
#131=VECTOR('',#1174,1.);
#132=VECTOR('',#1175,1.);
#133=VECTOR('',#1176,1.);
#134=VECTOR('',#1179,1.);
#135=VECTOR('',#1180,1.);
#136=VECTOR('',#1189,1.);
#137=VECTOR('',#1190,1.);
#138=VECTOR('',#1191,1.);
#139=VECTOR('',#1196,1.);
#140=VECTOR('',#1197,1.);
#141=VECTOR('',#1198,1.);
#142=VECTOR('',#1199,1.);
#143=VECTOR('',#1200,1.);
#144=VECTOR('',#1201,1.);
#145=VECTOR('',#1206,1.);
#146=VECTOR('',#1209,1.);
#147=VECTOR('',#1212,1.);
#148=VECTOR('',#1213,1.);
#149=VECTOR('',#1214,1.);
#150=VECTOR('',#1215,1.);
#151=VECTOR('',#1218,1.);
#152=VECTOR('',#1223,1.);
#153=VECTOR('',#1228,1.);
#154=VECTOR('',#1229,1.);
#155=VECTOR('',#1230,1.);
#156=VECTOR('',#1233,1.);
#157=VECTOR('',#1234,1.);
#158=VECTOR('',#1235,1.);
#159=VECTOR('',#1238,1.);
#160=VECTOR('',#1239,1.);
#161=VECTOR('',#1240,1.);
#162=VECTOR('',#1241,1.);
#163=VECTOR('',#1242,1.);
#164=VECTOR('',#1253,1.);
#165=VECTOR('',#1254,1.);
#166=VECTOR('',#1257,1.);
#167=VECTOR('',#1258,1.);
#168=VECTOR('',#1261,1.);
#169=VECTOR('',#1262,1.);
#170=VECTOR('',#1263,1.);
#171=VECTOR('',#1264,1.);
#172=VECTOR('',#1269,1.);
#173=VECTOR('',#1270,1.);
#174=VECTOR('',#1273,1.);
#175=VECTOR('',#1274,1.);
#176=VECTOR('',#1277,1.);
#177=VECTOR('',#1278,1.);
#178=VECTOR('',#1279,1.);
#179=VECTOR('',#1280,1.);
#180=CIRCLE('',#1043,0.017018);
#181=CIRCLE('',#1044,0.017018);
#182=CIRCLE('',#1046,0.0127);
#183=CIRCLE('',#1048,0.0033782);
#184=CIRCLE('',#1049,0.0033782);
#185=CIRCLE('',#1050,0.0033782);
#186=CIRCLE('',#1052,0.0127);
#187=CIRCLE('',#1054,0.0033782);
#188=CIRCLE('',#1055,0.0033782);
#189=CIRCLE('',#1056,0.0033782);
#190=CIRCLE('',#1059,0.00635);
#191=CIRCLE('',#1060,0.00635);
#192=CIRCLE('',#1063,0.0127);
#193=CIRCLE('',#1064,0.0127);
#194=CIRCLE('',#1077,0.00635);
#195=CIRCLE('',#1080,0.00635);
#196=CIRCLE('',#1082,0.00635);
#197=CIRCLE('',#1083,0.00635);
#198=CIRCLE('',#1085,0.00635);
#199=CIRCLE('',#1086,0.00635);
#200=CIRCLE('',#1087,0.00635);
#201=CIRCLE('',#1092,0.00635);
#202=CIRCLE('',#1093,0.00635);
#203=CIRCLE('',#1095,0.00635);
#204=CIRCLE('',#1097,0.00635);
#205=CIRCLE('',#1100,0.00635);
#206=CIRCLE('',#1102,0.00635);
#207=CIRCLE('',#1104,0.00635);
#208=CIRCLE('',#1106,0.00635);
#209=CIRCLE('',#1107,0.00635);
#210=CIRCLE('',#1109,0.00635);
#211=CIRCLE('',#1110,0.00635);
#212=CIRCLE('',#1112,0.00635);
#213=CIRCLE('',#1113,0.00635);
#214=CIRCLE('',#1115,0.00635);
#215=CIRCLE('',#1117,0.00635);
#216=CIRCLE('',#1119,0.00635);
#217=CIRCLE('',#1121,0.00635);
#218=CIRCLE('',#1123,0.00635);
#219=CIRCLE('',#1125,0.00635);
#220=CIRCLE('',#1127,0.00635);
#221=CIRCLE('',#1129,0.00635);
#222=CIRCLE('',#1131,0.00635);
#223=CIRCLE('',#1133,0.00635);
#224=CIRCLE('',#1135,0.00635);
#225=CIRCLE('',#1137,0.00635);
#226=CIRCLE('',#1139,0.00635);
#227=CIRCLE('',#1141,0.00635);
#228=CIRCLE('',#1151,0.010668);
#229=CIRCLE('',#1152,0.010668);
#230=CIRCLE('',#1153,0.010668);
#231=CIRCLE('',#1155,0.010668);
#232=CIRCLE('',#1156,0.010668);
#233=CIRCLE('',#1158,0.010668);
#234=ORIENTED_EDGE('',*,*,#536,.T.);
#235=ORIENTED_EDGE('',*,*,#537,.T.);
#236=ORIENTED_EDGE('',*,*,#538,.T.);
#237=ORIENTED_EDGE('',*,*,#539,.T.);
#238=ORIENTED_EDGE('',*,*,#540,.T.);
#239=ORIENTED_EDGE('',*,*,#541,.T.);
#240=ORIENTED_EDGE('',*,*,#542,.T.);
#241=ORIENTED_EDGE('',*,*,#543,.F.);
#242=ORIENTED_EDGE('',*,*,#544,.F.);
#243=ORIENTED_EDGE('',*,*,#545,.T.);
#244=ORIENTED_EDGE('',*,*,#546,.T.);
#245=ORIENTED_EDGE('',*,*,#547,.T.);
#246=ORIENTED_EDGE('',*,*,#548,.T.);
#247=ORIENTED_EDGE('',*,*,#549,.T.);
#248=ORIENTED_EDGE('',*,*,#550,.T.);
#249=ORIENTED_EDGE('',*,*,#551,.T.);
#250=ORIENTED_EDGE('',*,*,#552,.T.);
#251=ORIENTED_EDGE('',*,*,#553,.T.);
#252=ORIENTED_EDGE('',*,*,#554,.F.);
#253=ORIENTED_EDGE('',*,*,#555,.F.);
#254=ORIENTED_EDGE('',*,*,#544,.T.);
#255=ORIENTED_EDGE('',*,*,#556,.T.);
#256=ORIENTED_EDGE('',*,*,#557,.T.);
#257=ORIENTED_EDGE('',*,*,#558,.F.);
#258=ORIENTED_EDGE('',*,*,#554,.T.);
#259=ORIENTED_EDGE('',*,*,#559,.T.);
#260=ORIENTED_EDGE('',*,*,#560,.T.);
#261=ORIENTED_EDGE('',*,*,#561,.T.);
#262=ORIENTED_EDGE('',*,*,#562,.T.);
#263=ORIENTED_EDGE('',*,*,#563,.F.);
#264=ORIENTED_EDGE('',*,*,#564,.T.);
#265=ORIENTED_EDGE('',*,*,#565,.F.);
#266=ORIENTED_EDGE('',*,*,#566,.T.);
#267=ORIENTED_EDGE('',*,*,#567,.F.);
#268=ORIENTED_EDGE('',*,*,#568,.T.);
#269=ORIENTED_EDGE('',*,*,#569,.T.);
#270=ORIENTED_EDGE('',*,*,#570,.T.);
#271=ORIENTED_EDGE('',*,*,#571,.T.);
#272=ORIENTED_EDGE('',*,*,#558,.T.);
#273=ORIENTED_EDGE('',*,*,#572,.T.);
#274=ORIENTED_EDGE('',*,*,#545,.F.);
#275=ORIENTED_EDGE('',*,*,#555,.T.);
#276=ORIENTED_EDGE('',*,*,#543,.T.);
#277=ORIENTED_EDGE('',*,*,#573,.T.);
#278=ORIENTED_EDGE('',*,*,#574,.T.);
#279=ORIENTED_EDGE('',*,*,#575,.T.);
#280=ORIENTED_EDGE('',*,*,#559,.F.);
#281=ORIENTED_EDGE('',*,*,#553,.F.);
#282=ORIENTED_EDGE('',*,*,#576,.T.);
#283=ORIENTED_EDGE('',*,*,#577,.T.);
#284=ORIENTED_EDGE('',*,*,#574,.F.);
#285=ORIENTED_EDGE('',*,*,#578,.T.);
#286=ORIENTED_EDGE('',*,*,#579,.T.);
#287=ORIENTED_EDGE('',*,*,#580,.T.);
#288=ORIENTED_EDGE('',*,*,#581,.T.);
#289=ORIENTED_EDGE('',*,*,#582,.F.);
#290=ORIENTED_EDGE('',*,*,#583,.T.);
#291=ORIENTED_EDGE('',*,*,#584,.T.);
#292=ORIENTED_EDGE('',*,*,#585,.T.);
#293=ORIENTED_EDGE('',*,*,#586,.T.);
#294=ORIENTED_EDGE('',*,*,#587,.T.);
#295=ORIENTED_EDGE('',*,*,#588,.F.);
#296=ORIENTED_EDGE('',*,*,#563,.T.);
#297=ORIENTED_EDGE('',*,*,#589,.T.);
#298=ORIENTED_EDGE('',*,*,#590,.T.);
#299=ORIENTED_EDGE('',*,*,#552,.F.);
#300=ORIENTED_EDGE('',*,*,#565,.T.);
#301=ORIENTED_EDGE('',*,*,#591,.T.);
#302=ORIENTED_EDGE('',*,*,#551,.F.);
#303=ORIENTED_EDGE('',*,*,#567,.T.);
#304=ORIENTED_EDGE('',*,*,#592,.T.);
#305=ORIENTED_EDGE('',*,*,#550,.F.);
#306=ORIENTED_EDGE('',*,*,#593,.T.);
#307=ORIENTED_EDGE('',*,*,#594,.T.);
#308=ORIENTED_EDGE('',*,*,#595,.T.);
#309=ORIENTED_EDGE('',*,*,#596,.T.);
#310=ORIENTED_EDGE('',*,*,#597,.T.);
#311=ORIENTED_EDGE('',*,*,#598,.T.);
#312=ORIENTED_EDGE('',*,*,#599,.T.);
#313=ORIENTED_EDGE('',*,*,#600,.T.);
#314=ORIENTED_EDGE('',*,*,#601,.T.);
#315=ORIENTED_EDGE('',*,*,#602,.T.);
#316=ORIENTED_EDGE('',*,*,#603,.T.);
#317=ORIENTED_EDGE('',*,*,#604,.T.);
#318=ORIENTED_EDGE('',*,*,#605,.T.);
#319=ORIENTED_EDGE('',*,*,#606,.T.);
#320=ORIENTED_EDGE('',*,*,#607,.T.);
#321=ORIENTED_EDGE('',*,*,#608,.T.);
#322=ORIENTED_EDGE('',*,*,#609,.T.);
#323=ORIENTED_EDGE('',*,*,#610,.T.);
#324=ORIENTED_EDGE('',*,*,#611,.T.);
#325=ORIENTED_EDGE('',*,*,#612,.T.);
#326=ORIENTED_EDGE('',*,*,#613,.T.);
#327=ORIENTED_EDGE('',*,*,#614,.T.);
#328=ORIENTED_EDGE('',*,*,#615,.T.);
#329=ORIENTED_EDGE('',*,*,#616,.T.);
#330=ORIENTED_EDGE('',*,*,#617,.T.);
#331=ORIENTED_EDGE('',*,*,#618,.T.);
#332=ORIENTED_EDGE('',*,*,#619,.T.);
#333=ORIENTED_EDGE('',*,*,#620,.T.);
#334=ORIENTED_EDGE('',*,*,#621,.F.);
#335=ORIENTED_EDGE('',*,*,#546,.F.);
#336=ORIENTED_EDGE('',*,*,#622,.F.);
#337=ORIENTED_EDGE('',*,*,#589,.F.);
#338=ORIENTED_EDGE('',*,*,#571,.F.);
#339=ORIENTED_EDGE('',*,*,#538,.F.);
#340=ORIENTED_EDGE('',*,*,#623,.T.);
#341=ORIENTED_EDGE('',*,*,#599,.F.);
#342=ORIENTED_EDGE('',*,*,#624,.F.);
#343=ORIENTED_EDGE('',*,*,#607,.F.);
#344=ORIENTED_EDGE('',*,*,#625,.T.);
#345=ORIENTED_EDGE('',*,*,#626,.T.);
#346=ORIENTED_EDGE('',*,*,#579,.F.);
#347=ORIENTED_EDGE('',*,*,#627,.F.);
#348=ORIENTED_EDGE('',*,*,#601,.F.);
#349=ORIENTED_EDGE('',*,*,#628,.T.);
#350=ORIENTED_EDGE('',*,*,#629,.T.);
#351=ORIENTED_EDGE('',*,*,#630,.T.);
#352=ORIENTED_EDGE('',*,*,#605,.F.);
#353=ORIENTED_EDGE('',*,*,#631,.F.);
#354=ORIENTED_EDGE('',*,*,#632,.F.);
#355=ORIENTED_EDGE('',*,*,#633,.F.);
#356=ORIENTED_EDGE('',*,*,#624,.T.);
#357=ORIENTED_EDGE('',*,*,#604,.F.);
#358=ORIENTED_EDGE('',*,*,#622,.T.);
#359=ORIENTED_EDGE('',*,*,#572,.F.);
#360=ORIENTED_EDGE('',*,*,#634,.F.);
#361=ORIENTED_EDGE('',*,*,#568,.F.);
#362=ORIENTED_EDGE('',*,*,#592,.F.);
#363=ORIENTED_EDGE('',*,*,#566,.F.);
#364=ORIENTED_EDGE('',*,*,#591,.F.);
#365=ORIENTED_EDGE('',*,*,#564,.F.);
#366=ORIENTED_EDGE('',*,*,#590,.F.);
#367=ORIENTED_EDGE('',*,*,#547,.F.);
#368=ORIENTED_EDGE('',*,*,#621,.T.);
#369=ORIENTED_EDGE('',*,*,#635,.F.);
#370=ORIENTED_EDGE('',*,*,#636,.F.);
#371=ORIENTED_EDGE('',*,*,#634,.T.);
#372=ORIENTED_EDGE('',*,*,#557,.F.);
#373=ORIENTED_EDGE('',*,*,#637,.F.);
#374=ORIENTED_EDGE('',*,*,#569,.F.);
#375=ORIENTED_EDGE('',*,*,#635,.T.);
#376=ORIENTED_EDGE('',*,*,#570,.F.);
#377=ORIENTED_EDGE('',*,*,#638,.F.);
#378=ORIENTED_EDGE('',*,*,#639,.F.);
#379=ORIENTED_EDGE('',*,*,#539,.F.);
#380=ORIENTED_EDGE('',*,*,#633,.T.);
#381=ORIENTED_EDGE('',*,*,#595,.F.);
#382=ORIENTED_EDGE('',*,*,#640,.T.);
#383=ORIENTED_EDGE('',*,*,#540,.F.);
#384=ORIENTED_EDGE('',*,*,#641,.F.);
#385=ORIENTED_EDGE('',*,*,#627,.T.);
#386=ORIENTED_EDGE('',*,*,#588,.T.);
#387=ORIENTED_EDGE('',*,*,#642,.F.);
#388=ORIENTED_EDGE('',*,*,#631,.T.);
#389=ORIENTED_EDGE('',*,*,#636,.T.);
#390=ORIENTED_EDGE('',*,*,#632,.T.);
#391=ORIENTED_EDGE('',*,*,#643,.F.);
#392=ORIENTED_EDGE('',*,*,#637,.T.);
#393=ORIENTED_EDGE('',*,*,#556,.F.);
#394=ORIENTED_EDGE('',*,*,#644,.F.);
#395=ORIENTED_EDGE('',*,*,#638,.T.);
#396=ORIENTED_EDGE('',*,*,#641,.T.);
#397=ORIENTED_EDGE('',*,*,#639,.T.);
#398=ORIENTED_EDGE('',*,*,#645,.F.);
#399=ORIENTED_EDGE('',*,*,#596,.F.);
#400=ORIENTED_EDGE('',*,*,#646,.T.);
#401=ORIENTED_EDGE('',*,*,#647,.T.);
#402=ORIENTED_EDGE('',*,*,#593,.F.);
#403=ORIENTED_EDGE('',*,*,#648,.F.);
#404=ORIENTED_EDGE('',*,*,#610,.F.);
#405=ORIENTED_EDGE('',*,*,#649,.T.);
#406=ORIENTED_EDGE('',*,*,#650,.T.);
#407=ORIENTED_EDGE('',*,*,#651,.T.);
#408=ORIENTED_EDGE('',*,*,#608,.F.);
#409=ORIENTED_EDGE('',*,*,#652,.F.);
#410=ORIENTED_EDGE('',*,*,#581,.F.);
#411=ORIENTED_EDGE('',*,*,#642,.T.);
#412=ORIENTED_EDGE('',*,*,#587,.F.);
#413=ORIENTED_EDGE('',*,*,#653,.F.);
#414=ORIENTED_EDGE('',*,*,#602,.F.);
#415=ORIENTED_EDGE('',*,*,#643,.T.);
#416=ORIENTED_EDGE('',*,*,#603,.F.);
#417=ORIENTED_EDGE('',*,*,#654,.F.);
#418=ORIENTED_EDGE('',*,*,#548,.F.);
#419=ORIENTED_EDGE('',*,*,#645,.T.);
#420=ORIENTED_EDGE('',*,*,#644,.T.);
#421=ORIENTED_EDGE('',*,*,#655,.F.);
#422=ORIENTED_EDGE('',*,*,#652,.T.);
#423=ORIENTED_EDGE('',*,*,#648,.T.);
#424=ORIENTED_EDGE('',*,*,#656,.F.);
#425=ORIENTED_EDGE('',*,*,#582,.T.);
#426=ORIENTED_EDGE('',*,*,#654,.T.);
#427=ORIENTED_EDGE('',*,*,#653,.T.);
#428=ORIENTED_EDGE('',*,*,#657,.F.);
#429=ORIENTED_EDGE('',*,*,#655,.T.);
#430=ORIENTED_EDGE('',*,*,#562,.F.);
#431=ORIENTED_EDGE('',*,*,#658,.F.);
#432=ORIENTED_EDGE('',*,*,#597,.F.);
#433=ORIENTED_EDGE('',*,*,#656,.T.);
#434=ORIENTED_EDGE('',*,*,#598,.F.);
#435=ORIENTED_EDGE('',*,*,#659,.F.);
#436=ORIENTED_EDGE('',*,*,#583,.F.);
#437=ORIENTED_EDGE('',*,*,#657,.T.);
#438=ORIENTED_EDGE('',*,*,#586,.F.);
#439=ORIENTED_EDGE('',*,*,#660,.F.);
#440=ORIENTED_EDGE('',*,*,#549,.F.);
#441=ORIENTED_EDGE('',*,*,#573,.F.);
#442=ORIENTED_EDGE('',*,*,#542,.F.);
#443=ORIENTED_EDGE('',*,*,#661,.F.);
#444=ORIENTED_EDGE('',*,*,#578,.F.);
#445=ORIENTED_EDGE('',*,*,#659,.T.);
#446=ORIENTED_EDGE('',*,*,#658,.T.);
#447=ORIENTED_EDGE('',*,*,#662,.F.);
#448=ORIENTED_EDGE('',*,*,#661,.T.);
#449=ORIENTED_EDGE('',*,*,#660,.T.);
#450=ORIENTED_EDGE('',*,*,#663,.F.);
#451=ORIENTED_EDGE('',*,*,#662,.T.);
#452=ORIENTED_EDGE('',*,*,#561,.F.);
#453=ORIENTED_EDGE('',*,*,#664,.F.);
#454=ORIENTED_EDGE('',*,*,#584,.F.);
#455=ORIENTED_EDGE('',*,*,#663,.T.);
#456=ORIENTED_EDGE('',*,*,#585,.F.);
#457=ORIENTED_EDGE('',*,*,#665,.F.);
#458=ORIENTED_EDGE('',*,*,#576,.F.);
#459=ORIENTED_EDGE('',*,*,#665,.T.);
#460=ORIENTED_EDGE('',*,*,#664,.T.);
#461=ORIENTED_EDGE('',*,*,#666,.F.);
#462=ORIENTED_EDGE('',*,*,#666,.T.);
#463=ORIENTED_EDGE('',*,*,#560,.F.);
#464=ORIENTED_EDGE('',*,*,#575,.F.);
#465=ORIENTED_EDGE('',*,*,#577,.F.);
#466=ORIENTED_EDGE('',*,*,#667,.T.);
#467=ORIENTED_EDGE('',*,*,#668,.T.);
#468=ORIENTED_EDGE('',*,*,#615,.F.);
#469=ORIENTED_EDGE('',*,*,#669,.T.);
#470=ORIENTED_EDGE('',*,*,#670,.T.);
#471=ORIENTED_EDGE('',*,*,#611,.F.);
#472=ORIENTED_EDGE('',*,*,#618,.F.);
#473=ORIENTED_EDGE('',*,*,#671,.T.);
#474=ORIENTED_EDGE('',*,*,#536,.F.);
#475=ORIENTED_EDGE('',*,*,#672,.T.);
#476=ORIENTED_EDGE('',*,*,#673,.F.);
#477=ORIENTED_EDGE('',*,*,#674,.T.);
#478=ORIENTED_EDGE('',*,*,#667,.F.);
#479=ORIENTED_EDGE('',*,*,#614,.F.);
#480=ORIENTED_EDGE('',*,*,#626,.F.);
#481=ORIENTED_EDGE('',*,*,#675,.T.);
#482=ORIENTED_EDGE('',*,*,#673,.T.);
#483=ORIENTED_EDGE('',*,*,#676,.F.);
#484=ORIENTED_EDGE('',*,*,#676,.T.);
#485=ORIENTED_EDGE('',*,*,#613,.F.);
#486=ORIENTED_EDGE('',*,*,#677,.F.);
#487=ORIENTED_EDGE('',*,*,#580,.F.);
#488=ORIENTED_EDGE('',*,*,#678,.F.);
#489=ORIENTED_EDGE('',*,*,#679,.T.);
#490=ORIENTED_EDGE('',*,*,#650,.F.);
#491=ORIENTED_EDGE('',*,*,#677,.T.);
#492=ORIENTED_EDGE('',*,*,#670,.F.);
#493=ORIENTED_EDGE('',*,*,#680,.T.);
#494=ORIENTED_EDGE('',*,*,#678,.T.);
#495=ORIENTED_EDGE('',*,*,#612,.F.);
#496=ORIENTED_EDGE('',*,*,#625,.F.);
#497=ORIENTED_EDGE('',*,*,#606,.F.);
#498=ORIENTED_EDGE('',*,*,#681,.F.);
#499=ORIENTED_EDGE('',*,*,#616,.F.);
#500=ORIENTED_EDGE('',*,*,#668,.F.);
#501=ORIENTED_EDGE('',*,*,#674,.F.);
#502=ORIENTED_EDGE('',*,*,#675,.F.);
#503=ORIENTED_EDGE('',*,*,#681,.T.);
#504=ORIENTED_EDGE('',*,*,#630,.F.);
#505=ORIENTED_EDGE('',*,*,#682,.F.);
#506=ORIENTED_EDGE('',*,*,#617,.F.);
#507=ORIENTED_EDGE('',*,*,#682,.T.);
#508=ORIENTED_EDGE('',*,*,#629,.F.);
#509=ORIENTED_EDGE('',*,*,#683,.F.);
#510=ORIENTED_EDGE('',*,*,#671,.F.);
#511=ORIENTED_EDGE('',*,*,#623,.F.);
#512=ORIENTED_EDGE('',*,*,#537,.F.);
#513=ORIENTED_EDGE('',*,*,#683,.T.);
#514=ORIENTED_EDGE('',*,*,#628,.F.);
#515=ORIENTED_EDGE('',*,*,#600,.F.);
#516=ORIENTED_EDGE('',*,*,#669,.F.);
#517=ORIENTED_EDGE('',*,*,#620,.F.);
#518=ORIENTED_EDGE('',*,*,#684,.F.);
#519=ORIENTED_EDGE('',*,*,#609,.F.);
#520=ORIENTED_EDGE('',*,*,#651,.F.);
#521=ORIENTED_EDGE('',*,*,#679,.F.);
#522=ORIENTED_EDGE('',*,*,#680,.F.);
#523=ORIENTED_EDGE('',*,*,#684,.T.);
#524=ORIENTED_EDGE('',*,*,#619,.F.);
#525=ORIENTED_EDGE('',*,*,#685,.F.);
#526=ORIENTED_EDGE('',*,*,#649,.F.);
#527=ORIENTED_EDGE('',*,*,#594,.F.);
#528=ORIENTED_EDGE('',*,*,#647,.F.);
#529=ORIENTED_EDGE('',*,*,#686,.F.);
#530=ORIENTED_EDGE('',*,*,#541,.F.);
#531=ORIENTED_EDGE('',*,*,#640,.F.);
#532=ORIENTED_EDGE('',*,*,#685,.T.);
#533=ORIENTED_EDGE('',*,*,#672,.F.);
#534=ORIENTED_EDGE('',*,*,#686,.T.);
#535=ORIENTED_EDGE('',*,*,#646,.F.);
#536=EDGE_CURVE('',#687,#688,#776,.T.);
#537=EDGE_CURVE('',#688,#689,#180,.F.);
#538=EDGE_CURVE('',#689,#690,#72,.T.);
#539=EDGE_CURVE('',#690,#691,#73,.T.);
#540=EDGE_CURVE('',#691,#692,#74,.T.);
#541=EDGE_CURVE('',#692,#687,#181,.F.);
#542=EDGE_CURVE('',#693,#694,#75,.T.);
#543=EDGE_CURVE('',#695,#694,#76,.T.);
#544=EDGE_CURVE('',#696,#695,#77,.T.);
#545=EDGE_CURVE('',#696,#697,#78,.T.);
#546=EDGE_CURVE('',#697,#698,#79,.T.);
#547=EDGE_CURVE('',#698,#699,#182,.F.);
#548=EDGE_CURVE('',#699,#700,#80,.T.);
#549=EDGE_CURVE('',#700,#693,#81,.F.);
#550=EDGE_CURVE('',#701,#701,#183,.T.);
#551=EDGE_CURVE('',#702,#702,#184,.T.);
#552=EDGE_CURVE('',#703,#703,#185,.T.);
#553=EDGE_CURVE('',#695,#704,#82,.T.);
#554=EDGE_CURVE('',#705,#704,#83,.T.);
#555=EDGE_CURVE('',#696,#705,#84,.T.);
#556=EDGE_CURVE('',#706,#707,#186,.T.);
#557=EDGE_CURVE('',#707,#708,#85,.F.);
#558=EDGE_CURVE('',#705,#708,#86,.T.);
#559=EDGE_CURVE('',#704,#709,#87,.T.);
#560=EDGE_CURVE('',#709,#710,#88,.F.);
#561=EDGE_CURVE('',#710,#711,#89,.T.);
#562=EDGE_CURVE('',#711,#706,#90,.F.);
#563=EDGE_CURVE('',#712,#713,#187,.T.);
#564=EDGE_CURVE('',#712,#714,#91,.T.);
#565=EDGE_CURVE('',#715,#714,#188,.T.);
#566=EDGE_CURVE('',#715,#716,#92,.T.);
#567=EDGE_CURVE('',#717,#716,#189,.T.);
#568=EDGE_CURVE('',#717,#718,#93,.T.);
#569=EDGE_CURVE('',#718,#719,#94,.T.);
#570=EDGE_CURVE('',#719,#720,#95,.F.);
#571=EDGE_CURVE('',#720,#713,#96,.F.);
#572=EDGE_CURVE('',#708,#697,#97,.F.);
#573=EDGE_CURVE('',#694,#721,#190,.T.);
#574=EDGE_CURVE('',#721,#722,#98,.T.);
#575=EDGE_CURVE('',#722,#709,#191,.T.);
#576=EDGE_CURVE('',#723,#724,#99,.T.);
#577=EDGE_CURVE('',#724,#722,#100,.T.);
#578=EDGE_CURVE('',#721,#723,#101,.F.);
#579=EDGE_CURVE('',#725,#726,#102,.F.);
#580=EDGE_CURVE('',#726,#727,#103,.F.);
#581=EDGE_CURVE('',#727,#728,#104,.T.);
#582=EDGE_CURVE('',#729,#728,#192,.T.);
#583=EDGE_CURVE('',#729,#730,#105,.F.);
#584=EDGE_CURVE('',#730,#731,#106,.F.);
#585=EDGE_CURVE('',#731,#732,#107,.F.);
#586=EDGE_CURVE('',#732,#733,#108,.T.);
#587=EDGE_CURVE('',#733,#734,#109,.F.);
#588=EDGE_CURVE('',#725,#734,#193,.T.);
#589=EDGE_CURVE('',#713,#735,#777,.T.);
#590=EDGE_CURVE('',#735,#712,#778,.T.);
#591=EDGE_CURVE('',#714,#715,#779,.T.);
#592=EDGE_CURVE('',#716,#717,#780,.T.);
#593=EDGE_CURVE('',#736,#737,#110,.F.);
#594=EDGE_CURVE('',#737,#738,#781,.F.);
#595=EDGE_CURVE('',#738,#739,#111,.F.);
#596=EDGE_CURVE('',#739,#740,#36,.F.);
#597=EDGE_CURVE('',#740,#741,#112,.T.);
#598=EDGE_CURVE('',#741,#736,#113,.T.);
#599=EDGE_CURVE('',#742,#743,#114,.T.);
#600=EDGE_CURVE('',#743,#744,#782,.T.);
#601=EDGE_CURVE('',#744,#745,#115,.F.);
#602=EDGE_CURVE('',#745,#746,#116,.F.);
#603=EDGE_CURVE('',#746,#747,#117,.T.);
#604=EDGE_CURVE('',#747,#742,#37,.T.);
#605=EDGE_CURVE('',#748,#749,#118,.F.);
#606=EDGE_CURVE('',#749,#750,#783,.T.);
#607=EDGE_CURVE('',#750,#748,#119,.T.);
#608=EDGE_CURVE('',#751,#752,#120,.F.);
#609=EDGE_CURVE('',#752,#753,#784,.T.);
#610=EDGE_CURVE('',#753,#751,#121,.T.);
#611=EDGE_CURVE('',#754,#755,#122,.T.);
#612=EDGE_CURVE('',#755,#756,#123,.T.);
#613=EDGE_CURVE('',#756,#757,#124,.T.);
#614=EDGE_CURVE('',#757,#754,#125,.T.);
#615=EDGE_CURVE('',#758,#759,#785,.T.);
#616=EDGE_CURVE('',#759,#760,#786,.T.);
#617=EDGE_CURVE('',#760,#761,#787,.T.);
#618=EDGE_CURVE('',#761,#762,#788,.T.);
#619=EDGE_CURVE('',#762,#763,#789,.T.);
#620=EDGE_CURVE('',#763,#758,#790,.T.);
#621=EDGE_CURVE('',#698,#720,#194,.T.);
#622=EDGE_CURVE('',#735,#697,#38,.T.);
#623=EDGE_CURVE('',#689,#743,#791,.F.);
#624=EDGE_CURVE('',#690,#742,#195,.T.);
#625=EDGE_CURVE('',#750,#764,#792,.F.);
#626=EDGE_CURVE('',#764,#726,#196,.T.);
#627=EDGE_CURVE('',#748,#725,#197,.T.);
#628=EDGE_CURVE('',#744,#765,#198,.T.);
#629=EDGE_CURVE('',#765,#766,#793,.T.);
#630=EDGE_CURVE('',#766,#749,#794,.T.);
#631=EDGE_CURVE('',#745,#748,#199,.F.);
#632=EDGE_CURVE('',#767,#747,#200,.T.);
#633=EDGE_CURVE('',#690,#767,#39,.T.);
#634=EDGE_CURVE('',#718,#708,#40,.T.);
#635=EDGE_CURVE('',#767,#720,#201,.T.);
#636=EDGE_CURVE('',#699,#767,#202,.T.);
#637=EDGE_CURVE('',#719,#707,#203,.T.);
#638=EDGE_CURVE('',#768,#719,#204,.T.);
#639=EDGE_CURVE('',#691,#768,#41,.T.);
#640=EDGE_CURVE('',#738,#692,#795,.T.);
#641=EDGE_CURVE('',#739,#691,#205,.T.);
#642=EDGE_CURVE('',#745,#734,#206,.F.);
#643=EDGE_CURVE('',#699,#747,#207,.T.);
#644=EDGE_CURVE('',#768,#706,#208,.T.);
#645=EDGE_CURVE('',#740,#768,#209,.T.);
#646=EDGE_CURVE('',#769,#770,#796,.T.);
#647=EDGE_CURVE('',#770,#737,#210,.T.);
#648=EDGE_CURVE('',#751,#736,#211,.F.);
#649=EDGE_CURVE('',#753,#769,#797,.T.);
#650=EDGE_CURVE('',#727,#771,#212,.T.);
#651=EDGE_CURVE('',#771,#752,#798,.T.);
#652=EDGE_CURVE('',#728,#751,#213,.T.);
#653=EDGE_CURVE('',#746,#733,#214,.T.);
#654=EDGE_CURVE('',#700,#746,#215,.T.);
#655=EDGE_CURVE('',#740,#706,#216,.F.);
#656=EDGE_CURVE('',#729,#736,#217,.F.);
#657=EDGE_CURVE('',#700,#733,#218,.F.);
#658=EDGE_CURVE('',#741,#711,#219,.T.);
#659=EDGE_CURVE('',#730,#741,#220,.T.);
#660=EDGE_CURVE('',#693,#732,#221,.T.);
#661=EDGE_CURVE('',#723,#693,#222,.T.);
#662=EDGE_CURVE('',#730,#711,#223,.F.);
#663=EDGE_CURVE('',#723,#732,#224,.F.);
#664=EDGE_CURVE('',#731,#710,#225,.T.);
#665=EDGE_CURVE('',#724,#731,#226,.T.);
#666=EDGE_CURVE('',#724,#710,#227,.F.);
#667=EDGE_CURVE('',#754,#772,#799,.F.);
#668=EDGE_CURVE('',#772,#759,#800,.T.);
#669=EDGE_CURVE('',#758,#773,#801,.T.);
#670=EDGE_CURVE('',#773,#755,#802,.T.);
#671=EDGE_CURVE('',#761,#688,#803,.T.);
#672=EDGE_CURVE('',#687,#762,#804,.T.);
#673=EDGE_CURVE('',#774,#757,#42,.F.);
#674=EDGE_CURVE('',#774,#772,#805,.T.);
#675=EDGE_CURVE('',#764,#774,#806,.T.);
#676=EDGE_CURVE('',#726,#757,#43,.F.);
#677=EDGE_CURVE('',#727,#756,#44,.T.);
#678=EDGE_CURVE('',#775,#756,#45,.T.);
#679=EDGE_CURVE('',#775,#771,#807,.T.);
#680=EDGE_CURVE('',#773,#775,#808,.T.);
#681=EDGE_CURVE('',#760,#749,#228,.T.);
#682=EDGE_CURVE('',#761,#766,#229,.T.);
#683=EDGE_CURVE('',#688,#765,#230,.T.);
#684=EDGE_CURVE('',#753,#763,#231,.T.);
#685=EDGE_CURVE('',#769,#762,#232,.T.);
#686=EDGE_CURVE('',#687,#770,#233,.T.);
#687=VERTEX_POINT('',#1456);
#688=VERTEX_POINT('',#1457);
#689=VERTEX_POINT('',#1459);
#690=VERTEX_POINT('',#1461);
#691=VERTEX_POINT('',#1463);
#692=VERTEX_POINT('',#1465);
#693=VERTEX_POINT('',#1469);
#694=VERTEX_POINT('',#1470);
#695=VERTEX_POINT('',#1472);
#696=VERTEX_POINT('',#1474);
#697=VERTEX_POINT('',#1476);
#698=VERTEX_POINT('',#1478);
#699=VERTEX_POINT('',#1480);
#700=VERTEX_POINT('',#1482);
#701=VERTEX_POINT('',#1486);
#702=VERTEX_POINT('',#1488);
#703=VERTEX_POINT('',#1490);
#704=VERTEX_POINT('',#1492);
#705=VERTEX_POINT('',#1494);
#706=VERTEX_POINT('',#1498);
#707=VERTEX_POINT('',#1499);
#708=VERTEX_POINT('',#1501);
#709=VERTEX_POINT('',#1504);
#710=VERTEX_POINT('',#1506);
#711=VERTEX_POINT('',#1508);
#712=VERTEX_POINT('',#1512);
#713=VERTEX_POINT('',#1513);
#714=VERTEX_POINT('',#1515);
#715=VERTEX_POINT('',#1517);
#716=VERTEX_POINT('',#1519);
#717=VERTEX_POINT('',#1521);
#718=VERTEX_POINT('',#1523);
#719=VERTEX_POINT('',#1525);
#720=VERTEX_POINT('',#1527);
#721=VERTEX_POINT('',#1533);
#722=VERTEX_POINT('',#1535);
#723=VERTEX_POINT('',#1539);
#724=VERTEX_POINT('',#1540);
#725=VERTEX_POINT('',#1545);
#726=VERTEX_POINT('',#1546);
#727=VERTEX_POINT('',#1548);
#728=VERTEX_POINT('',#1550);
#729=VERTEX_POINT('',#1552);
#730=VERTEX_POINT('',#1554);
#731=VERTEX_POINT('',#1556);
#732=VERTEX_POINT('',#1558);
#733=VERTEX_POINT('',#1560);
#734=VERTEX_POINT('',#1562);
#735=VERTEX_POINT('',#1573);
#736=VERTEX_POINT('',#1604);
#737=VERTEX_POINT('',#1605);
#738=VERTEX_POINT('',#1610);
#739=VERTEX_POINT('',#1612);
#740=VERTEX_POINT('',#1614);
#741=VERTEX_POINT('',#1616);
#742=VERTEX_POINT('',#1620);
#743=VERTEX_POINT('',#1621);
#744=VERTEX_POINT('',#1626);
#745=VERTEX_POINT('',#1628);
#746=VERTEX_POINT('',#1630);
#747=VERTEX_POINT('',#1632);
#748=VERTEX_POINT('',#1636);
#749=VERTEX_POINT('',#1637);
#750=VERTEX_POINT('',#1642);
#751=VERTEX_POINT('',#1646);
#752=VERTEX_POINT('',#1647);
#753=VERTEX_POINT('',#1652);
#754=VERTEX_POINT('',#1656);
#755=VERTEX_POINT('',#1657);
#756=VERTEX_POINT('',#1659);
#757=VERTEX_POINT('',#1661);
#758=VERTEX_POINT('',#1669);
#759=VERTEX_POINT('',#1670);
#760=VERTEX_POINT('',#1684);
#761=VERTEX_POINT('',#1689);
#762=VERTEX_POINT('',#1695);
#763=VERTEX_POINT('',#1700);
#764=VERTEX_POINT('',#1731);
#765=VERTEX_POINT('',#1736);
#766=VERTEX_POINT('',#1743);
#767=VERTEX_POINT('',#1765);
#768=VERTEX_POINT('',#1776);
#769=VERTEX_POINT('',#1816);
#770=VERTEX_POINT('',#1817);
#771=VERTEX_POINT('',#1826);
#772=VERTEX_POINT('',#1872);
#773=VERTEX_POINT('',#1883);
#774=VERTEX_POINT('',#1920);
#775=VERTEX_POINT('',#1990);
#776=B_SPLINE_CURVE_WITH_KNOTS('',3,(#1451,#1452,#1453,#1454,#1455),
 .UNSPECIFIED.,.F.,.F.,(4,1,4),(0.0050134860540588,0.0212012751817481,0.0373890643094374),
 .UNSPECIFIED.);
#777=B_SPLINE_CURVE_WITH_KNOTS('',3,(#1565,#1566,#1567,#1568,#1569,#1570,
#1571,#1572),.UNSPECIFIED.,.F.,.F.,(4,1,1,1,1,4),(0.,0.00201963611731846,
0.00403927223463692,0.00504909029329615,0.00605890835195538,0.00807854446927384),
 .UNSPECIFIED.);
#778=B_SPLINE_CURVE_WITH_KNOTS('',3,(#1574,#1575,#1576,#1577,#1578,#1579,
#1580,#1581),.UNSPECIFIED.,.F.,.F.,(4,1,1,1,1,4),(0.,0.00202148937199798,
0.00303223405799697,0.00404297874399596,0.00606446811599395,0.00808595748799193),
 .UNSPECIFIED.);
#779=B_SPLINE_CURVE_WITH_KNOTS('',3,(#1583,#1584,#1585,#1586,#1587,#1588,
#1589,#1590,#1591),.UNSPECIFIED.,.F.,.F.,(4,1,1,1,1,1,4),(0.,0.00269207175920125,
0.00403810763880188,0.0053841435184025,0.00673017939800313,0.00807621527760376,
0.010768287036805),.UNSPECIFIED.);
#780=B_SPLINE_CURVE_WITH_KNOTS('',3,(#1593,#1594,#1595,#1596,#1597,#1598,
#1599,#1600,#1601),.UNSPECIFIED.,.F.,.F.,(4,1,1,1,1,1,4),(0.,0.00269207175920124,
0.00403810763880185,0.00538414351840247,0.00673017939800309,0.00807621527760371,
0.0107682870368049),.UNSPECIFIED.);
#781=B_SPLINE_CURVE_WITH_KNOTS('',3,(#1606,#1607,#1608,#1609),
 .UNSPECIFIED.,.F.,.F.,(4,4),(0.,0.0055747335567722),.UNSPECIFIED.);
#782=B_SPLINE_CURVE_WITH_KNOTS('',3,(#1622,#1623,#1624,#1625),
 .UNSPECIFIED.,.F.,.F.,(4,4),(0.,0.0055747335567722),.UNSPECIFIED.);
#783=B_SPLINE_CURVE_WITH_KNOTS('',3,(#1638,#1639,#1640,#1641),
 .UNSPECIFIED.,.F.,.F.,(4,4),(0.00877650324730605,0.00893177262664705),
 .UNSPECIFIED.);
#784=B_SPLINE_CURVE_WITH_KNOTS('',3,(#1648,#1649,#1650,#1651),
 .UNSPECIFIED.,.F.,.F.,(4,4),(0.,0.000154655843621581),.UNSPECIFIED.);
#785=B_SPLINE_CURVE_WITH_KNOTS('',3,(#1664,#1665,#1666,#1667,#1668),
 .UNSPECIFIED.,.F.,.F.,(4,1,4),(-0.0146169160630291,-7.47039409498829E-12,
0.0146169160480883),.UNSPECIFIED.);
#786=B_SPLINE_CURVE_WITH_KNOTS('',3,(#1671,#1672,#1673,#1674,#1675,#1676,
#1677,#1678,#1679,#1680,#1681,#1682,#1683),.UNSPECIFIED.,.F.,.F.,(4,1,1,
1,1,1,1,1,1,1,4),(4.17776736080521E-17,0.00871458632850304,0.0130718794927545,
0.017429172657006,0.0196078192391318,0.0217864658212575,0.0239651124033833,
0.026143758985509,0.0283224055676348,0.0305010521497605,0.034858345314012),
 .UNSPECIFIED.);
#787=B_SPLINE_CURVE_WITH_KNOTS('',3,(#1685,#1686,#1687,#1688),
 .UNSPECIFIED.,.F.,.F.,(4,4),(0.,0.00493863145191858),.UNSPECIFIED.);
#788=B_SPLINE_CURVE_WITH_KNOTS('',3,(#1690,#1691,#1692,#1693,#1694),
 .UNSPECIFIED.,.F.,.F.,(4,1,4),(0.00930084858772359,0.0254796246545587,
0.0416584007213937),.UNSPECIFIED.);
#789=B_SPLINE_CURVE_WITH_KNOTS('',3,(#1696,#1697,#1698,#1699),
 .UNSPECIFIED.,.F.,.F.,(4,4),(1.47263208766774E-15,0.00494141362349968),
 .UNSPECIFIED.);
#790=B_SPLINE_CURVE_WITH_KNOTS('',3,(#1701,#1702,#1703,#1704,#1705,#1706,
#1707,#1708,#1709),.UNSPECIFIED.,.F.,.F.,(4,1,1,1,1,1,4),(0.00502215164380465,
0.00936615647284068,0.0137101613018767,0.0180541661309128,0.0223981709599488,
0.0310861806180209,0.0397741902760929),.UNSPECIFIED.);
#791=B_SPLINE_CURVE_WITH_KNOTS('',3,(#1714,#1715,#1716,#1717,#1718,#1719,
#1720),.UNSPECIFIED.,.F.,.F.,(4,1,1,1,4),(0.,0.00315162240052342,0.00630324480104684,
0.00945486720157026,0.0126064896020937),.UNSPECIFIED.);
#792=B_SPLINE_CURVE_WITH_KNOTS('',3,(#1723,#1724,#1725,#1726,#1727,#1728,
#1729,#1730),.UNSPECIFIED.,.F.,.F.,(4,1,1,1,1,4),(0.,0.00601792865210838,
0.0120358573042168,0.0180537859563251,0.0210627502823793,0.0240717146084335),
 .UNSPECIFIED.);
#793=B_SPLINE_CURVE_WITH_KNOTS('',3,(#1737,#1738,#1739,#1740,#1741,#1742),
 .UNSPECIFIED.,.F.,.F.,(4,1,1,4),(0.000329373401845618,0.000704044848085699,
0.00107871629432578,0.00182805918680594),.UNSPECIFIED.);
#794=B_SPLINE_CURVE_WITH_KNOTS('',3,(#1744,#1745,#1746,#1747),
 .UNSPECIFIED.,.F.,.F.,(4,4),(0.,0.00732919089655927),.UNSPECIFIED.);
#795=B_SPLINE_CURVE_WITH_KNOTS('',3,(#1779,#1780,#1781,#1782,#1783,#1784,
#1785),.UNSPECIFIED.,.F.,.F.,(4,1,1,1,4),(0.,0.00315162240052342,0.00630324480104685,
0.00945486720157027,0.0126064896020937),.UNSPECIFIED.);
#796=B_SPLINE_CURVE_WITH_KNOTS('',3,(#1810,#1811,#1812,#1813,#1814,#1815),
 .UNSPECIFIED.,.F.,.F.,(4,1,1,4),(0.,0.000744186848354137,0.00111628027253121,
0.00148837369670827),.UNSPECIFIED.);
#797=B_SPLINE_CURVE_WITH_KNOTS('',3,(#1820,#1821,#1822,#1823),
 .UNSPECIFIED.,.F.,.F.,(4,4),(0.,0.00732919089655895),.UNSPECIFIED.);
#798=B_SPLINE_CURVE_WITH_KNOTS('',3,(#1827,#1828,#1829,#1830,#1831,#1832,
#1833,#1834),.UNSPECIFIED.,.F.,.F.,(4,1,1,1,1,4),(0.,0.00601792865210828,
0.0120358573042166,0.0180537859563248,0.021062750282379,0.0240717146084331),
 .UNSPECIFIED.);
#799=B_SPLINE_CURVE_WITH_KNOTS('',3,(#1866,#1867,#1868,#1869,#1870,#1871),
 .UNSPECIFIED.,.F.,.F.,(4,1,1,4),(0.00322794693891648,0.00590272502250544,
0.0085775031060944,0.0139270592732723),.UNSPECIFIED.);
#800=B_SPLINE_CURVE_WITH_KNOTS('',3,(#1873,#1874,#1875,#1876,#1877),
 .UNSPECIFIED.,.F.,.F.,(4,1,4),(0.,0.00347605070557955,0.00695210141115911),
 .UNSPECIFIED.);
#801=B_SPLINE_CURVE_WITH_KNOTS('',3,(#1878,#1879,#1880,#1881,#1882),
 .UNSPECIFIED.,.F.,.F.,(4,1,4),(9.99086272045336E-17,0.0034870368486778,
0.00697407369735551),.UNSPECIFIED.);
#802=B_SPLINE_CURVE_WITH_KNOTS('',3,(#1884,#1885,#1886,#1887,#1888,#1889),
 .UNSPECIFIED.,.F.,.F.,(4,1,1,4),(0.00322794693892911,0.00590272502251936,
0.00857750310610961,0.0139270592732901),.UNSPECIFIED.);
#803=B_SPLINE_CURVE_WITH_KNOTS('',3,(#1905,#1906,#1907,#1908,#1909),
 .UNSPECIFIED.,.F.,.F.,(4,1,4),(0.,0.00731729008259718,0.0146345801651944),
 .UNSPECIFIED.);
#804=B_SPLINE_CURVE_WITH_KNOTS('',3,(#1910,#1911,#1912,#1913,#1914,#1915,
#1916,#1917),.UNSPECIFIED.,.F.,.F.,(4,1,1,1,1,4),(1.04213431605629E-16,
0.00366563698440935,0.00549845547661397,0.00733127396881859,0.0109969109532278,
0.0146625479376371),.UNSPECIFIED.);
#805=B_SPLINE_CURVE_WITH_KNOTS('',3,(#1921,#1922,#1923,#1924,#1925,#1926),
 .UNSPECIFIED.,.F.,.F.,(4,1,1,4),(0.,0.00943667144793933,0.014155007171909,
0.0188733428958787),.UNSPECIFIED.);
#806=B_SPLINE_CURVE_WITH_KNOTS('',3,(#1954,#1955,#1956,#1957,#1958),
 .UNSPECIFIED.,.F.,.F.,(4,1,4),(0.,0.00287793003951095,0.00575586007902189),
 .UNSPECIFIED.);
#807=B_SPLINE_CURVE_WITH_KNOTS('',3,(#1991,#1992,#1993,#1994,#1995),
 .UNSPECIFIED.,.F.,.F.,(4,1,4),(0.,0.00287729158097861,0.00575458316195722),
 .UNSPECIFIED.);
#808=B_SPLINE_CURVE_WITH_KNOTS('',3,(#1997,#1998,#1999,#2000,#2001,#2002),
 .UNSPECIFIED.,.F.,.F.,(4,1,1,4),(5.07832705342619E-17,0.00473815990500245,
0.00947631981000485,0.0189526396200096),.UNSPECIFIED.);
#809=EDGE_LOOP('',(#234,#235,#236,#237,#238,#239));
#810=EDGE_LOOP('',(#240,#241,#242,#243,#244,#245,#246,#247));
#811=EDGE_LOOP('',(#248));
#812=EDGE_LOOP('',(#249));
#813=EDGE_LOOP('',(#250));
#814=EDGE_LOOP('',(#251,#252,#253,#254));
#815=EDGE_LOOP('',(#255,#256,#257,#258,#259,#260,#261,#262));
#816=EDGE_LOOP('',(#263,#264,#265,#266,#267,#268,#269,#270,#271));
#817=EDGE_LOOP('',(#272,#273,#274,#275));
#818=EDGE_LOOP('',(#276,#277,#278,#279,#280,#281));
#819=EDGE_LOOP('',(#282,#283,#284,#285));
#820=EDGE_LOOP('',(#286,#287,#288,#289,#290,#291,#292,#293,#294,#295));
#821=EDGE_LOOP('',(#296,#297,#298));
#822=EDGE_LOOP('',(#299));
#823=EDGE_LOOP('',(#300,#301));
#824=EDGE_LOOP('',(#302));
#825=EDGE_LOOP('',(#303,#304));
#826=EDGE_LOOP('',(#305));
#827=EDGE_LOOP('',(#306,#307,#308,#309,#310,#311));
#828=EDGE_LOOP('',(#312,#313,#314,#315,#316,#317));
#829=EDGE_LOOP('',(#318,#319,#320));
#830=EDGE_LOOP('',(#321,#322,#323));
#831=EDGE_LOOP('',(#324,#325,#326,#327));
#832=EDGE_LOOP('',(#328,#329,#330,#331,#332,#333));
#833=EDGE_LOOP('',(#334,#335,#336,#337,#338));
#834=EDGE_LOOP('',(#339,#340,#341,#342));
#835=EDGE_LOOP('',(#343,#344,#345,#346,#347));
#836=EDGE_LOOP('',(#348,#349,#350,#351,#352,#353));
#837=EDGE_LOOP('',(#354,#355,#356,#357));
#838=EDGE_LOOP('',(#358,#359,#360,#361,#362,#363,#364,#365,#366));
#839=EDGE_LOOP('',(#367,#368,#369,#370));
#840=EDGE_LOOP('',(#371,#372,#373,#374));
#841=EDGE_LOOP('',(#375,#376,#377,#378,#379,#380));
#842=EDGE_LOOP('',(#381,#382,#383,#384));
#843=EDGE_LOOP('',(#385,#386,#387,#388));
#844=EDGE_LOOP('',(#389,#390,#391));
#845=EDGE_LOOP('',(#392,#393,#394,#395));
#846=EDGE_LOOP('',(#396,#397,#398,#399));
#847=EDGE_LOOP('',(#400,#401,#402,#403,#404,#405));
#848=EDGE_LOOP('',(#406,#407,#408,#409,#410));
#849=EDGE_LOOP('',(#411,#412,#413,#414));
#850=EDGE_LOOP('',(#415,#416,#417,#418));
#851=EDGE_LOOP('',(#419,#420,#421));
#852=EDGE_LOOP('',(#422,#423,#424,#425));
#853=EDGE_LOOP('',(#426,#427,#428));
#854=EDGE_LOOP('',(#429,#430,#431,#432));
#855=EDGE_LOOP('',(#433,#434,#435,#436));
#856=EDGE_LOOP('',(#437,#438,#439,#440));
#857=EDGE_LOOP('',(#441,#442,#443,#444));
#858=EDGE_LOOP('',(#445,#446,#447));
#859=EDGE_LOOP('',(#448,#449,#450));
#860=EDGE_LOOP('',(#451,#452,#453,#454));
#861=EDGE_LOOP('',(#455,#456,#457,#458));
#862=EDGE_LOOP('',(#459,#460,#461));
#863=EDGE_LOOP('',(#462,#463,#464,#465));
#864=EDGE_LOOP('',(#466,#467,#468,#469,#470,#471));
#865=EDGE_LOOP('',(#472,#473,#474,#475));
#866=EDGE_LOOP('',(#476,#477,#478,#479));
#867=EDGE_LOOP('',(#480,#481,#482,#483));
#868=EDGE_LOOP('',(#484,#485,#486,#487));
#869=EDGE_LOOP('',(#488,#489,#490,#491));
#870=EDGE_LOOP('',(#492,#493,#494,#495));
#871=EDGE_LOOP('',(#496,#497,#498,#499,#500,#501,#502));
#872=EDGE_LOOP('',(#503,#504,#505,#506));
#873=EDGE_LOOP('',(#507,#508,#509,#510));
#874=EDGE_LOOP('',(#511,#512,#513,#514,#515));
#875=EDGE_LOOP('',(#516,#517,#518,#519,#520,#521,#522));
#876=EDGE_LOOP('',(#523,#524,#525,#526));
#877=EDGE_LOOP('',(#527,#528,#529,#530,#531));
#878=EDGE_LOOP('',(#532,#533,#534,#535));
#879=FACE_BOUND('',#809,.T.);
#880=FACE_BOUND('',#810,.T.);
#881=FACE_BOUND('',#811,.T.);
#882=FACE_BOUND('',#812,.T.);
#883=FACE_BOUND('',#813,.T.);
#884=FACE_BOUND('',#814,.T.);
#885=FACE_BOUND('',#815,.T.);
#886=FACE_BOUND('',#816,.T.);
#887=FACE_BOUND('',#817,.T.);
#888=FACE_BOUND('',#818,.T.);
#889=FACE_BOUND('',#819,.T.);
#890=FACE_BOUND('',#820,.T.);
#891=FACE_BOUND('',#821,.T.);
#892=FACE_BOUND('',#822,.T.);
#893=FACE_BOUND('',#823,.T.);
#894=FACE_BOUND('',#824,.T.);
#895=FACE_BOUND('',#825,.T.);
#896=FACE_BOUND('',#826,.T.);
#897=FACE_BOUND('',#827,.T.);
#898=FACE_BOUND('',#828,.T.);
#899=FACE_BOUND('',#829,.T.);
#900=FACE_BOUND('',#830,.T.);
#901=FACE_BOUND('',#831,.T.);
#902=FACE_BOUND('',#832,.T.);
#903=FACE_BOUND('',#833,.T.);
#904=FACE_BOUND('',#834,.T.);
#905=FACE_BOUND('',#835,.T.);
#906=FACE_BOUND('',#836,.T.);
#907=FACE_BOUND('',#837,.T.);
#908=FACE_BOUND('',#838,.T.);
#909=FACE_BOUND('',#839,.T.);
#910=FACE_BOUND('',#840,.T.);
#911=FACE_BOUND('',#841,.T.);
#912=FACE_BOUND('',#842,.T.);
#913=FACE_BOUND('',#843,.T.);
#914=FACE_BOUND('',#844,.T.);
#915=FACE_BOUND('',#845,.T.);
#916=FACE_BOUND('',#846,.T.);
#917=FACE_BOUND('',#847,.T.);
#918=FACE_BOUND('',#848,.T.);
#919=FACE_BOUND('',#849,.T.);
#920=FACE_BOUND('',#850,.T.);
#921=FACE_BOUND('',#851,.T.);
#922=FACE_BOUND('',#852,.T.);
#923=FACE_BOUND('',#853,.T.);
#924=FACE_BOUND('',#854,.T.);
#925=FACE_BOUND('',#855,.T.);
#926=FACE_BOUND('',#856,.T.);
#927=FACE_BOUND('',#857,.T.);
#928=FACE_BOUND('',#858,.T.);
#929=FACE_BOUND('',#859,.T.);
#930=FACE_BOUND('',#860,.T.);
#931=FACE_BOUND('',#861,.T.);
#932=FACE_BOUND('',#862,.T.);
#933=FACE_BOUND('',#863,.T.);
#934=FACE_BOUND('',#864,.T.);
#935=FACE_BOUND('',#865,.T.);
#936=FACE_BOUND('',#866,.T.);
#937=FACE_BOUND('',#867,.T.);
#938=FACE_BOUND('',#868,.T.);
#939=FACE_BOUND('',#869,.T.);
#940=FACE_BOUND('',#870,.T.);
#941=FACE_BOUND('',#871,.T.);
#942=FACE_BOUND('',#872,.T.);
#943=FACE_BOUND('',#873,.T.);
#944=FACE_BOUND('',#874,.T.);
#945=FACE_BOUND('',#875,.T.);
#946=FACE_BOUND('',#876,.T.);
#947=FACE_BOUND('',#877,.T.);
#948=FACE_BOUND('',#878,.T.);
#949=PLANE('',#1042);
#950=PLANE('',#1045);
#951=PLANE('',#1047);
#952=PLANE('',#1051);
#953=PLANE('',#1053);
#954=PLANE('',#1057);
#955=PLANE('',#1058);
#956=PLANE('',#1061);
#957=PLANE('',#1062);
#958=PLANE('',#1068);
#959=PLANE('',#1070);
#960=PLANE('',#1072);
#961=PLANE('',#1073);
#962=PLANE('',#1074);
#963=ADVANCED_FACE('',(#879),#949,.T.);
#964=ADVANCED_FACE('',(#880),#950,.T.);
#965=ADVANCED_FACE('',(#881,#882,#883,#884),#951,.F.);
#966=ADVANCED_FACE('',(#885),#952,.F.);
#967=ADVANCED_FACE('',(#886),#953,.T.);
#968=ADVANCED_FACE('',(#887),#954,.T.);
#969=ADVANCED_FACE('',(#888),#955,.F.);
#970=ADVANCED_FACE('',(#889),#956,.T.);
#971=ADVANCED_FACE('',(#890),#957,.T.);
#972=ADVANCED_FACE('',(#891,#892),#46,.F.);
#973=ADVANCED_FACE('',(#893,#894),#47,.F.);
#974=ADVANCED_FACE('',(#895,#896),#48,.F.);
#975=ADVANCED_FACE('',(#897),#958,.T.);
#976=ADVANCED_FACE('',(#898),#959,.F.);
#977=ADVANCED_FACE('',(#899),#960,.F.);
#978=ADVANCED_FACE('',(#900),#961,.F.);
#979=ADVANCED_FACE('',(#901),#962,.T.);
#980=ADVANCED_FACE('',(#902),#29,.F.);
#981=ADVANCED_FACE('',(#903),#49,.T.);
#982=ADVANCED_FACE('',(#904),#50,.T.);
#983=ADVANCED_FACE('',(#905),#51,.T.);
#984=ADVANCED_FACE('',(#906),#52,.F.);
#985=ADVANCED_FACE('',(#907),#18,.T.);
#986=ADVANCED_FACE('',(#908),#53,.T.);
#987=ADVANCED_FACE('',(#909),#30,.T.);
#988=ADVANCED_FACE('',(#910),#54,.T.);
#989=ADVANCED_FACE('',(#911),#55,.F.);
#990=ADVANCED_FACE('',(#912),#56,.T.);
#991=ADVANCED_FACE('',(#913),#31,.T.);
#992=ADVANCED_FACE('',(#914),#12,.T.);
#993=ADVANCED_FACE('',(#915),#32,.T.);
#994=ADVANCED_FACE('',(#916),#19,.T.);
#995=ADVANCED_FACE('',(#917),#57,.F.);
#996=ADVANCED_FACE('',(#918),#58,.T.);
#997=ADVANCED_FACE('',(#919),#59,.T.);
#998=ADVANCED_FACE('',(#920),#60,.T.);
#999=ADVANCED_FACE('',(#921),#13,.T.);
#1000=ADVANCED_FACE('',(#922),#33,.T.);
#1001=ADVANCED_FACE('',(#923),#14,.T.);
#1002=ADVANCED_FACE('',(#924),#61,.T.);
#1003=ADVANCED_FACE('',(#925),#62,.T.);
#1004=ADVANCED_FACE('',(#926),#63,.T.);
#1005=ADVANCED_FACE('',(#927),#64,.T.);
#1006=ADVANCED_FACE('',(#928),#15,.T.);
#1007=ADVANCED_FACE('',(#929),#16,.T.);
#1008=ADVANCED_FACE('',(#930),#65,.T.);
#1009=ADVANCED_FACE('',(#931),#66,.T.);
#1010=ADVANCED_FACE('',(#932),#17,.T.);
#1011=ADVANCED_FACE('',(#933),#67,.T.);
#1012=ADVANCED_FACE('',(#934),#68,.T.);
#1013=ADVANCED_FACE('',(#935),#20,.T.);
#1014=ADVANCED_FACE('',(#936),#69,.T.);
#1015=ADVANCED_FACE('',(#937),#21,.T.);
#1016=ADVANCED_FACE('',(#938),#70,.T.);
#1017=ADVANCED_FACE('',(#939),#22,.T.);
#1018=ADVANCED_FACE('',(#940),#71,.T.);
#1019=ADVANCED_FACE('',(#941),#23,.T.);
#1020=ADVANCED_FACE('',(#942),#24,.T.);
#1021=ADVANCED_FACE('',(#943),#25,.T.);
#1022=ADVANCED_FACE('',(#944),#34,.T.);
#1023=ADVANCED_FACE('',(#945),#26,.T.);
#1024=ADVANCED_FACE('',(#946),#27,.T.);
#1025=ADVANCED_FACE('',(#947),#35,.T.);
#1026=ADVANCED_FACE('',(#948),#28,.T.);
#1027=CLOSED_SHELL('',(#963,#964,#965,#966,#967,#968,#969,#970,#971,#972,
#973,#974,#975,#976,#977,#978,#979,#980,#981,#982,#983,#984,#985,#986,#987,
#988,#989,#990,#991,#992,#993,#994,#995,#996,#997,#998,#999,#1000,#1001,
#1002,#1003,#1004,#1005,#1006,#1007,#1008,#1009,#1010,#1011,#1012,#1013,
#1014,#1015,#1016,#1017,#1018,#1019,#1020,#1021,#1022,#1023,#1024,#1025,
#1026));
#1028=STYLED_ITEM('',(#1029),#1038);
#1029=PRESENTATION_STYLE_ASSIGNMENT((#1030));
#1030=SURFACE_STYLE_USAGE(.BOTH.,#1031);
#1031=SURFACE_SIDE_STYLE('',(#1034,#1032));
#1032=SURFACE_STYLE_RENDERING_WITH_PROPERTIES(.CONSTANT_SHADING.,#1037,
(#1033));
#1033=SURFACE_STYLE_TRANSPARENT(0.501960784313726);
#1034=SURFACE_STYLE_FILL_AREA(#1035);
#1035=FILL_AREA_STYLE('',(#1036));
#1036=FILL_AREA_STYLE_COLOUR('',#1037);
#1037=COLOUR_RGB('',0.917647058823529,0.917647058823529,0.917647058823529);
#1038=MANIFOLD_SOLID_BREP('Perch_Under',#1027);
#1039=SHAPE_DEFINITION_REPRESENTATION(#2191,#1040);
#1040=SHAPE_REPRESENTATION('Perch_Under',(#1041),#2186);
#1041=AXIS2_PLACEMENT_3D('',#1449,#1159,#1160);
#1042=AXIS2_PLACEMENT_3D('',#1450,#1161,#1162);
#1043=AXIS2_PLACEMENT_3D('',#1458,#1163,#1164);
#1044=AXIS2_PLACEMENT_3D('',#1466,#1168,#1169);
#1045=AXIS2_PLACEMENT_3D('',#1467,#1170,#1171);
#1046=AXIS2_PLACEMENT_3D('',#1479,#1177,#1178);
#1047=AXIS2_PLACEMENT_3D('',#1484,#1181,#1182);
#1048=AXIS2_PLACEMENT_3D('',#1485,#1183,#1184);
#1049=AXIS2_PLACEMENT_3D('',#1487,#1185,#1186);
#1050=AXIS2_PLACEMENT_3D('',#1489,#1187,#1188);
#1051=AXIS2_PLACEMENT_3D('',#1496,#1192,#1193);
#1052=AXIS2_PLACEMENT_3D('',#1497,#1194,#1195);
#1053=AXIS2_PLACEMENT_3D('',#1510,#1202,#1203);
#1054=AXIS2_PLACEMENT_3D('',#1511,#1204,#1205);
#1055=AXIS2_PLACEMENT_3D('',#1516,#1207,#1208);
#1056=AXIS2_PLACEMENT_3D('',#1520,#1210,#1211);
#1057=AXIS2_PLACEMENT_3D('',#1529,#1216,#1217);
#1058=AXIS2_PLACEMENT_3D('',#1531,#1219,#1220);
#1059=AXIS2_PLACEMENT_3D('',#1532,#1221,#1222);
#1060=AXIS2_PLACEMENT_3D('',#1536,#1224,#1225);
#1061=AXIS2_PLACEMENT_3D('',#1537,#1226,#1227);
#1062=AXIS2_PLACEMENT_3D('',#1543,#1231,#1232);
#1063=AXIS2_PLACEMENT_3D('',#1551,#1236,#1237);
#1064=AXIS2_PLACEMENT_3D('',#1563,#1243,#1244);
#1065=AXIS2_PLACEMENT_3D('',#1564,#1245,#1246);
#1066=AXIS2_PLACEMENT_3D('',#1582,#1247,#1248);
#1067=AXIS2_PLACEMENT_3D('',#1592,#1249,#1250);
#1068=AXIS2_PLACEMENT_3D('',#1602,#1251,#1252);
#1069=AXIS2_PLACEMENT_3D('',#1613,#1255,#1256);
#1070=AXIS2_PLACEMENT_3D('',#1618,#1259,#1260);
#1071=AXIS2_PLACEMENT_3D('',#1633,#1265,#1266);
#1072=AXIS2_PLACEMENT_3D('',#1634,#1267,#1268);
#1073=AXIS2_PLACEMENT_3D('',#1644,#1271,#1272);
#1074=AXIS2_PLACEMENT_3D('',#1654,#1275,#1276);
#1075=AXIS2_PLACEMENT_3D('',#1663,#1281,#1282);
#1076=AXIS2_PLACEMENT_3D('',#1710,#1283,#1284);
#1077=AXIS2_PLACEMENT_3D('',#1711,#1285,#1286);
#1078=AXIS2_PLACEMENT_3D('',#1712,#1287,#1288);
#1079=AXIS2_PLACEMENT_3D('',#1713,#1289,#1290);
#1080=AXIS2_PLACEMENT_3D('',#1721,#1291,#1292);
#1081=AXIS2_PLACEMENT_3D('',#1722,#1293,#1294);
#1082=AXIS2_PLACEMENT_3D('',#1732,#1295,#1296);
#1083=AXIS2_PLACEMENT_3D('',#1733,#1297,#1298);
#1084=AXIS2_PLACEMENT_3D('',#1734,#1299,#1300);
#1085=AXIS2_PLACEMENT_3D('',#1735,#1301,#1302);
#1086=AXIS2_PLACEMENT_3D('',#1748,#1303,#1304);
#1087=AXIS2_PLACEMENT_3D('',#1764,#1305,#1306);
#1088=AXIS2_PLACEMENT_3D('',#1766,#1307,#1308);
#1089=AXIS2_PLACEMENT_3D('',#1767,#1309,#1310);
#1090=AXIS2_PLACEMENT_3D('',#1768,#1311,#1312);
#1091=AXIS2_PLACEMENT_3D('',#1769,#1313,#1314);
#1092=AXIS2_PLACEMENT_3D('',#1770,#1315,#1316);
#1093=AXIS2_PLACEMENT_3D('',#1771,#1317,#1318);
#1094=AXIS2_PLACEMENT_3D('',#1772,#1319,#1320);
#1095=AXIS2_PLACEMENT_3D('',#1773,#1321,#1322);
#1096=AXIS2_PLACEMENT_3D('',#1774,#1323,#1324);
#1097=AXIS2_PLACEMENT_3D('',#1775,#1325,#1326);
#1098=AXIS2_PLACEMENT_3D('',#1777,#1327,#1328);
#1099=AXIS2_PLACEMENT_3D('',#1778,#1329,#1330);
#1100=AXIS2_PLACEMENT_3D('',#1786,#1331,#1332);
#1101=AXIS2_PLACEMENT_3D('',#1787,#1333,#1334);
#1102=AXIS2_PLACEMENT_3D('',#1788,#1335,#1336);
#1103=AXIS2_PLACEMENT_3D('',#1789,#1337,#1338);
#1104=AXIS2_PLACEMENT_3D('',#1790,#1339,#1340);
#1105=AXIS2_PLACEMENT_3D('',#1791,#1341,#1342);
#1106=AXIS2_PLACEMENT_3D('',#1792,#1343,#1344);
#1107=AXIS2_PLACEMENT_3D('',#1808,#1345,#1346);
#1108=AXIS2_PLACEMENT_3D('',#1809,#1347,#1348);
#1109=AXIS2_PLACEMENT_3D('',#1818,#1349,#1350);
#1110=AXIS2_PLACEMENT_3D('',#1819,#1351,#1352);
#1111=AXIS2_PLACEMENT_3D('',#1824,#1353,#1354);
#1112=AXIS2_PLACEMENT_3D('',#1825,#1355,#1356);
#1113=AXIS2_PLACEMENT_3D('',#1835,#1357,#1358);
#1114=AXIS2_PLACEMENT_3D('',#1836,#1359,#1360);
#1115=AXIS2_PLACEMENT_3D('',#1837,#1361,#1362);
#1116=AXIS2_PLACEMENT_3D('',#1838,#1363,#1364);
#1117=AXIS2_PLACEMENT_3D('',#1839,#1365,#1366);
#1118=AXIS2_PLACEMENT_3D('',#1840,#1367,#1368);
#1119=AXIS2_PLACEMENT_3D('',#1841,#1369,#1370);
#1120=AXIS2_PLACEMENT_3D('',#1842,#1371,#1372);
#1121=AXIS2_PLACEMENT_3D('',#1843,#1373,#1374);
#1122=AXIS2_PLACEMENT_3D('',#1844,#1375,#1376);
#1123=AXIS2_PLACEMENT_3D('',#1845,#1377,#1378);
#1124=AXIS2_PLACEMENT_3D('',#1846,#1379,#1380);
#1125=AXIS2_PLACEMENT_3D('',#1847,#1381,#1382);
#1126=AXIS2_PLACEMENT_3D('',#1848,#1383,#1384);
#1127=AXIS2_PLACEMENT_3D('',#1849,#1385,#1386);
#1128=AXIS2_PLACEMENT_3D('',#1850,#1387,#1388);
#1129=AXIS2_PLACEMENT_3D('',#1851,#1389,#1390);
#1130=AXIS2_PLACEMENT_3D('',#1852,#1391,#1392);
#1131=AXIS2_PLACEMENT_3D('',#1853,#1393,#1394);
#1132=AXIS2_PLACEMENT_3D('',#1854,#1395,#1396);
#1133=AXIS2_PLACEMENT_3D('',#1855,#1397,#1398);
#1134=AXIS2_PLACEMENT_3D('',#1856,#1399,#1400);
#1135=AXIS2_PLACEMENT_3D('',#1857,#1401,#1402);
#1136=AXIS2_PLACEMENT_3D('',#1858,#1403,#1404);
#1137=AXIS2_PLACEMENT_3D('',#1859,#1405,#1406);
#1138=AXIS2_PLACEMENT_3D('',#1860,#1407,#1408);
#1139=AXIS2_PLACEMENT_3D('',#1861,#1409,#1410);
#1140=AXIS2_PLACEMENT_3D('',#1862,#1411,#1412);
#1141=AXIS2_PLACEMENT_3D('',#1863,#1413,#1414);
#1142=AXIS2_PLACEMENT_3D('',#1864,#1415,#1416);
#1143=AXIS2_PLACEMENT_3D('',#1865,#1417,#1418);
#1144=AXIS2_PLACEMENT_3D('',#1918,#1419,#1420);
#1145=AXIS2_PLACEMENT_3D('',#1919,#1421,#1422);
#1146=AXIS2_PLACEMENT_3D('',#1959,#1423,#1424);
#1147=AXIS2_PLACEMENT_3D('',#1960,#1425,#1426);
#1148=AXIS2_PLACEMENT_3D('',#1961,#1427,#1428);
#1149=AXIS2_PLACEMENT_3D('',#1989,#1429,#1430);
#1150=AXIS2_PLACEMENT_3D('',#1996,#1431,#1432);
#1151=AXIS2_PLACEMENT_3D('',#2057,#1433,#1434);
#1152=AXIS2_PLACEMENT_3D('',#2070,#1435,#1436);
#1153=AXIS2_PLACEMENT_3D('',#2089,#1437,#1438);
#1154=AXIS2_PLACEMENT_3D('',#2090,#1439,#1440);
#1155=AXIS2_PLACEMENT_3D('',#2145,#1441,#1442);
#1156=AXIS2_PLACEMENT_3D('',#2158,#1443,#1444);
#1157=AXIS2_PLACEMENT_3D('',#2159,#1445,#1446);
#1158=AXIS2_PLACEMENT_3D('',#2160,#1447,#1448);
#1159=DIRECTION('',(0.,0.,1.));
#1160=DIRECTION('',(1.,0.,0.));
#1161=DIRECTION('',(0.,-3.07332899287229E-16,1.));
#1162=DIRECTION('',(0.,-1.,-3.07332899287229E-16));
#1163=DIRECTION('',(0.,-3.07332899287229E-16,1.));
#1164=DIRECTION('',(0.,-1.,-3.07332899287229E-16));
#1165=DIRECTION('',(0.447213595499958,0.894427190999916,2.74886901811337E-16));
#1166=DIRECTION('',(-1.,0.,0.));
#1167=DIRECTION('',(0.447213595499958,-0.894427190999916,-2.74886901811337E-16));
#1168=DIRECTION('',(0.,-3.07332899287229E-16,1.));
#1169=DIRECTION('',(0.,-1.,-3.07332899287229E-16));
#1170=DIRECTION('',(1.,0.,0.));
#1171=DIRECTION('',(0.,0.,-1.));
#1172=DIRECTION('',(0.,0.,1.));
#1173=DIRECTION('',(0.,-1.,0.));
#1174=DIRECTION('',(0.,0.,-1.));
#1175=DIRECTION('',(0.,-1.,0.));
#1176=DIRECTION('',(0.,0.,-1.));
#1177=DIRECTION('',(1.,0.,0.));
#1178=DIRECTION('',(0.,0.,-1.));
#1179=DIRECTION('',(0.,0.,-1.));
#1180=DIRECTION('',(0.,-1.,0.));
#1181=DIRECTION('',(0.,-1.,0.));
#1182=DIRECTION('',(0.,0.,-1.));
#1183=DIRECTION('',(0.,-1.,0.));
#1184=DIRECTION('',(0.,0.,-1.));
#1185=DIRECTION('',(0.,-1.,0.));
#1186=DIRECTION('',(0.,0.,-1.));
#1187=DIRECTION('',(0.,-1.,0.));
#1188=DIRECTION('',(0.,0.,-1.));
#1189=DIRECTION('',(-1.,0.,0.));
#1190=DIRECTION('',(0.,0.,-1.));
#1191=DIRECTION('',(-1.,0.,0.));
#1192=DIRECTION('',(1.,0.,0.));
#1193=DIRECTION('',(0.,0.,-1.));
#1194=DIRECTION('',(1.,0.,0.));
#1195=DIRECTION('',(0.,0.,-1.));
#1196=DIRECTION('',(0.,0.,-1.));
#1197=DIRECTION('',(0.,-1.,0.));
#1198=DIRECTION('',(0.,-1.,0.));
#1199=DIRECTION('',(0.,0.,1.));
#1200=DIRECTION('',(0.,-1.,0.));
#1201=DIRECTION('',(0.,0.,-1.));
#1202=DIRECTION('',(0.,-1.,0.));
#1203=DIRECTION('',(0.,0.,-1.));
#1204=DIRECTION('',(0.,-1.,0.));
#1205=DIRECTION('',(0.,0.,-1.));
#1206=DIRECTION('',(-1.,0.,0.));
#1207=DIRECTION('',(0.,-1.,0.));
#1208=DIRECTION('',(0.,0.,-1.));
#1209=DIRECTION('',(-1.,0.,0.));
#1210=DIRECTION('',(0.,-1.,0.));
#1211=DIRECTION('',(0.,0.,-1.));
#1212=DIRECTION('',(-1.,0.,0.));
#1213=DIRECTION('',(0.,0.,-1.));
#1214=DIRECTION('',(-1.,0.,0.));
#1215=DIRECTION('',(0.,0.,-1.));
#1216=DIRECTION('',(0.,0.,1.));
#1217=DIRECTION('',(1.,0.,0.));
#1218=DIRECTION('',(-1.,0.,0.));
#1219=DIRECTION('',(0.,0.,1.));
#1220=DIRECTION('',(1.,0.,0.));
#1221=DIRECTION('',(0.,0.,1.));
#1222=DIRECTION('',(1.,0.,0.));
#1223=DIRECTION('',(-1.,0.,0.));
#1224=DIRECTION('',(0.,0.,1.));
#1225=DIRECTION('',(1.,0.,0.));
#1226=DIRECTION('',(0.,1.,0.));
#1227=DIRECTION('',(0.,0.,1.));
#1228=DIRECTION('',(-1.,0.,0.));
#1229=DIRECTION('',(0.,0.,1.));
#1230=DIRECTION('',(0.,0.,1.));
#1231=DIRECTION('',(0.,0.,-1.));
#1232=DIRECTION('',(1.,0.,0.));
#1233=DIRECTION('',(0.,1.,0.));
#1234=DIRECTION('',(1.,0.,0.));
#1235=DIRECTION('',(0.,1.,0.));
#1236=DIRECTION('',(0.,0.,-1.));
#1237=DIRECTION('',(-1.,0.,0.));
#1238=DIRECTION('',(0.447213595499958,-0.894427190999916,0.));
#1239=DIRECTION('',(0.,-1.,0.));
#1240=DIRECTION('',(-1.,0.,0.));
#1241=DIRECTION('',(0.,-1.,0.));
#1242=DIRECTION('',(0.447213595499958,0.894427190999916,0.));
#1243=DIRECTION('',(0.,0.,-1.));
#1244=DIRECTION('',(-1.,0.,0.));
#1245=DIRECTION('',(0.,-1.,0.));
#1246=DIRECTION('',(0.,0.,-1.));
#1247=DIRECTION('',(0.,-1.,0.));
#1248=DIRECTION('',(0.,0.,-1.));
#1249=DIRECTION('',(0.,-1.,0.));
#1250=DIRECTION('',(0.,0.,-1.));
#1251=DIRECTION('',(-0.894427190999916,-0.447213595499958,0.));
#1252=DIRECTION('',(0.447213595499958,-0.894427190999916,0.));
#1253=DIRECTION('',(0.,0.,-1.));
#1254=DIRECTION('',(0.447213595499958,-0.894427190999916,-2.74886901811337E-16));
#1255=DIRECTION('',(-0.894427190999916,-0.447213595499958,0.));
#1256=DIRECTION('',(0.447213595499958,-0.894427190999916,0.));
#1257=DIRECTION('',(0.,0.,-1.));
#1258=DIRECTION('',(0.447213595499958,-0.894427190999916,0.));
#1259=DIRECTION('',(-0.894427190999916,0.447213595499958,0.));
#1260=DIRECTION('',(-0.447213595499958,-0.894427190999916,0.));
#1261=DIRECTION('',(-0.447213595499958,-0.894427190999916,-2.74886901811337E-16));
#1262=DIRECTION('',(0.,0.,1.));
#1263=DIRECTION('',(-0.447213595499958,-0.894427190999916,0.));
#1264=DIRECTION('',(0.,0.,1.));
#1265=DIRECTION('',(-0.894427190999916,0.447213595499958,0.));
#1266=DIRECTION('',(0.447213595499958,0.894427190999916,0.));
#1267=DIRECTION('',(-1.,0.,0.));
#1268=DIRECTION('',(0.,0.,1.));
#1269=DIRECTION('',(0.,0.,-1.));
#1270=DIRECTION('',(0.,1.,0.));
#1271=DIRECTION('',(1.,0.,0.));
#1272=DIRECTION('',(0.,0.,-1.));
#1273=DIRECTION('',(0.,1.,0.));
#1274=DIRECTION('',(0.,0.,-1.));
#1275=DIRECTION('',(0.,-1.,0.));
#1276=DIRECTION('',(1.,0.,0.));
#1277=DIRECTION('',(-1.,0.,0.));
#1278=DIRECTION('',(0.,0.,-1.));
#1279=DIRECTION('',(1.,0.,0.));
#1280=DIRECTION('',(0.,0.,1.));
#1281=DIRECTION('',(0.,1.,0.));
#1282=DIRECTION('',(0.,0.,1.));
#1283=DIRECTION('',(0.,0.,-1.));
#1284=DIRECTION('',(-1.,0.,0.));
#1285=DIRECTION('',(0.,0.,-1.));
#1286=DIRECTION('',(-1.,0.,0.));
#1287=DIRECTION('',(-0.707106781186548,0.,0.707106781186548));
#1288=DIRECTION('',(-0.707106781186548,0.,-0.707106781186548));
#1289=DIRECTION('',(0.447213595499958,0.894427190999916,2.74886901811337E-16));
#1290=DIRECTION('',(-0.894427190999916,0.447213595499958,0.));
#1291=DIRECTION('',(0.447213595499958,0.894427190999916,4.88687825442377E-16));
#1292=DIRECTION('',(-0.894427190999916,0.447213595499958,0.));
#1293=DIRECTION('',(0.,-1.,0.));
#1294=DIRECTION('',(0.,0.,-1.));
#1295=DIRECTION('',(0.,1.,0.));
#1296=DIRECTION('',(0.,0.,1.));
#1297=DIRECTION('',(0.,1.,0.));
#1298=DIRECTION('',(0.,0.,1.));
#1299=DIRECTION('',(0.,0.,-1.));
#1300=DIRECTION('',(-1.,0.,0.));
#1301=DIRECTION('',(0.,-3.07332899287229E-16,1.));
#1302=DIRECTION('',(0.,-1.,-3.07332899287229E-16));
#1303=DIRECTION('',(0.,0.,-1.));
#1304=DIRECTION('',(-1.,0.,0.));
#1305=DIRECTION('',(0.365828568271533,0.731657136543064,0.575193265939375));
#1306=DIRECTION('',(0.,-0.618033988749891,0.786151377757426));
#1307=DIRECTION('',(0.707106781186548,-0.707106781186548,0.));
#1308=DIRECTION('',(0.707106781186548,0.707106781186548,0.));
#1309=DIRECTION('',(-1.,0.,0.));
#1310=DIRECTION('',(0.,0.,1.));
#1311=DIRECTION('',(-0.707106781186548,0.,-0.707106781186548));
#1312=DIRECTION('',(-0.707106781186548,0.,0.707106781186548));
#1313=DIRECTION('',(1.,0.,0.));
#1314=DIRECTION('',(0.,0.,-1.));
#1315=DIRECTION('',(1.,0.,0.));
#1316=DIRECTION('',(0.,0.,-1.));
#1317=DIRECTION('',(0.,-0.786151377757426,-0.618033988749891));
#1318=DIRECTION('',(0.,0.618033988749891,-0.786151377757426));
#1319=DIRECTION('',(0.,0.,1.));
#1320=DIRECTION('',(1.,0.,0.));
#1321=DIRECTION('',(0.,0.,-1.));
#1322=DIRECTION('',(-1.,0.,0.));
#1323=DIRECTION('',(1.,0.,0.));
#1324=DIRECTION('',(0.,0.,-1.));
#1325=DIRECTION('',(1.,0.,0.));
#1326=DIRECTION('',(0.,0.,-1.));
#1327=DIRECTION('',(0.707106781186548,0.707106781186548,0.));
#1328=DIRECTION('',(0.707106781186548,-0.707106781186548,0.));
#1329=DIRECTION('',(0.447213595499958,-0.894427190999916,-2.74886901811337E-16));
#1330=DIRECTION('',(0.894427190999916,0.447213595499958,0.));
#1331=DIRECTION('',(-0.447213595499959,0.894427190999916,4.88687825442376E-16));
#1332=DIRECTION('',(-0.894427190999916,-0.447213595499959,0.));
#1333=DIRECTION('',(0.,0.,-1.));
#1334=DIRECTION('',(-1.,0.,0.));
#1335=DIRECTION('',(-0.447213595499958,-0.894427190999916,0.));
#1336=DIRECTION('',(0.894427190999916,-0.447213595499958,0.));
#1337=DIRECTION('',(0.,0.618033988749891,-0.786151377757426));
#1338=DIRECTION('',(0.,0.786151377757426,0.618033988749891));
#1339=DIRECTION('',(0.,0.,-1.));
#1340=DIRECTION('',(-1.,0.,0.));
#1341=DIRECTION('',(1.,0.,0.));
#1342=DIRECTION('',(0.,0.,-1.));
#1343=DIRECTION('',(0.,-0.786151377757426,-0.618033988749891));
#1344=DIRECTION('',(0.,0.618033988749891,-0.786151377757426));
#1345=DIRECTION('',(-0.365828568271533,0.731657136543064,0.575193265939375));
#1346=DIRECTION('',(0.,-0.618033988749891,0.786151377757426));
#1347=DIRECTION('',(0.,0.,-1.));
#1348=DIRECTION('',(-1.,0.,0.));
#1349=DIRECTION('',(0.,-3.07332899287229E-16,1.));
#1350=DIRECTION('',(0.,-1.,-3.07332899287229E-16));
#1351=DIRECTION('',(0.,0.,-1.));
#1352=DIRECTION('',(-1.,0.,0.));
#1353=DIRECTION('',(0.,-1.,0.));
#1354=DIRECTION('',(0.,0.,-1.));
#1355=DIRECTION('',(0.,1.,0.));
#1356=DIRECTION('',(0.,0.,1.));
#1357=DIRECTION('',(0.,1.,0.));
#1358=DIRECTION('',(0.,0.,1.));
#1359=DIRECTION('',(0.447213595499958,0.894427190999916,0.));
#1360=DIRECTION('',(-0.894427190999916,0.447213595499958,0.));
#1361=DIRECTION('',(0.447213595499959,0.894427190999916,-2.44343912721188E-16));
#1362=DIRECTION('',(-0.894427190999916,0.447213595499959,0.));
#1363=DIRECTION('',(0.,0.,-1.));
#1364=DIRECTION('',(-1.,0.,0.));
#1365=DIRECTION('',(0.,0.,-1.));
#1366=DIRECTION('',(-1.,0.,0.));
#1367=DIRECTION('',(0.,0.618033988749891,-0.786151377757426));
#1368=DIRECTION('',(0.,0.786151377757426,0.618033988749891));
#1369=DIRECTION('',(0.,0.,1.));
#1370=DIRECTION('',(1.,0.,0.));
#1371=DIRECTION('',(0.,0.,-1.));
#1372=DIRECTION('',(-1.,0.,0.));
#1373=DIRECTION('',(0.447213595499958,-0.894427190999916,0.));
#1374=DIRECTION('',(0.894427190999916,0.447213595499958,0.));
#1375=DIRECTION('',(0.,0.,-1.));
#1376=DIRECTION('',(-1.,0.,0.));
#1377=DIRECTION('',(0.,-1.,0.));
#1378=DIRECTION('',(0.,0.,-1.));
#1379=DIRECTION('',(0.,0.,1.));
#1380=DIRECTION('',(1.,0.,0.));
#1381=DIRECTION('',(0.,0.,-1.));
#1382=DIRECTION('',(-1.,0.,0.));
#1383=DIRECTION('',(0.447213595499958,-0.894427190999916,0.));
#1384=DIRECTION('',(0.894427190999916,0.447213595499958,0.));
#1385=DIRECTION('',(-0.447213595499959,0.894427190999916,0.));
#1386=DIRECTION('',(-0.894427190999916,-0.447213595499959,0.));
#1387=DIRECTION('',(0.,-1.,0.));
#1388=DIRECTION('',(0.,0.,-1.));
#1389=DIRECTION('',(0.,1.,0.));
#1390=DIRECTION('',(0.,0.,1.));
#1391=DIRECTION('',(0.,0.,1.));
#1392=DIRECTION('',(1.,0.,0.));
#1393=DIRECTION('',(0.,0.,-1.));
#1394=DIRECTION('',(-1.,0.,0.));
#1395=DIRECTION('',(0.,2.73184799366426E-16,-1.));
#1396=DIRECTION('',(0.,1.,2.73184799366426E-16));
#1397=DIRECTION('',(0.,-1.,-2.73184799366426E-16));
#1398=DIRECTION('',(0.,2.73184799366426E-16,-1.));
#1399=DIRECTION('',(1.,0.,0.));
#1400=DIRECTION('',(0.,0.,-1.));
#1401=DIRECTION('',(1.,0.,0.));
#1402=DIRECTION('',(0.,0.,-1.));
#1403=DIRECTION('',(0.,1.,0.));
#1404=DIRECTION('',(0.,0.,1.));
#1405=DIRECTION('',(0.,1.,0.));
#1406=DIRECTION('',(0.,0.,1.));
#1407=DIRECTION('',(-1.,0.,0.));
#1408=DIRECTION('',(0.,0.,1.));
#1409=DIRECTION('',(-1.,0.,1.0927391974657E-15));
#1410=DIRECTION('',(1.0927391974657E-15,0.,1.));
#1411=DIRECTION('',(0.,0.,-1.));
#1412=DIRECTION('',(-1.,0.,0.));
#1413=DIRECTION('',(0.,0.,-1.));
#1414=DIRECTION('',(-1.,0.,0.));
#1415=DIRECTION('',(0.,0.,-1.));
#1416=DIRECTION('',(-1.,0.,0.));
#1417=DIRECTION('',(-1.,0.,0.));
#1418=DIRECTION('',(0.,0.,1.));
#1419=DIRECTION('',(0.,0.,-1.));
#1420=DIRECTION('',(-1.,0.,0.));
#1421=DIRECTION('',(0.447213595499958,0.,0.894427190999916));
#1422=DIRECTION('',(0.894427190999916,0.,-0.447213595499958));
#1423=DIRECTION('',(0.894427190999916,0.,0.447213595499958));
#1424=DIRECTION('',(0.447213595499958,0.,-0.894427190999916));
#1425=DIRECTION('',(1.,0.,0.));
#1426=DIRECTION('',(0.,0.,-1.));
#1427=DIRECTION('',(-0.894427190999916,0.,0.447213595499958));
#1428=DIRECTION('',(0.447213595499958,0.,0.894427190999916));
#1429=DIRECTION('',(-0.447213595499958,0.,0.894427190999916));
#1430=DIRECTION('',(0.894427190999916,0.,0.447213595499958));
#1431=DIRECTION('',(0.,0.,1.));
#1432=DIRECTION('',(1.,0.,0.));
#1433=DIRECTION('',(-4.55220296901705E-16,0.704690165485785,0.709515165917979));
#1434=DIRECTION('',(0.,-0.709515165917979,0.704690165485785));
#1435=DIRECTION('',(0.128561979218791,0.420049416917812,0.89834865439113));
#1436=DIRECTION('',(0.,-0.905866005176433,0.42356437605834));
#1437=DIRECTION('',(0.404486686817598,0.914543886419521,8.28967627112323E-14));
#1438=DIRECTION('',(-0.914543886419521,0.404486686817598,0.));
#1439=DIRECTION('',(0.,-3.07332899287229E-16,1.));
#1440=DIRECTION('',(0.,-1.,-3.07332899287229E-16));
#1441=DIRECTION('',(0.,0.704690165485785,0.709515165917979));
#1442=DIRECTION('',(0.,-0.709515165917979,0.704690165485785));
#1443=DIRECTION('',(-0.128561979218833,0.420049416917967,0.898348654391051));
#1444=DIRECTION('',(0.,-0.905866005176359,0.423564376058499));
#1445=DIRECTION('',(0.,-3.07332899287229E-16,1.));
#1446=DIRECTION('',(0.,-1.,-3.07332899287229E-16));
#1447=DIRECTION('',(0.404486686817616,-0.914543886419513,0.));
#1448=DIRECTION('',(0.914543886419513,0.404486686817616,0.));
#1449=CARTESIAN_POINT('',(0.,0.,0.));
#1450=CARTESIAN_POINT('',(0.,3.90312782094781E-18,-0.0127));
#1451=CARTESIAN_POINT('',(-0.0161862921409137,-0.0581154772208618,-0.0127));
#1452=CARTESIAN_POINT('',(-0.010800484364335,-0.0585022611065578,-0.0127));
#1453=CARTESIAN_POINT('',(-1.84709569928509E-5,-0.0589820771502822,-0.0127));
#1454=CARTESIAN_POINT('',(0.0107954581177023,-0.0585026220684198,-0.0127));
#1455=CARTESIAN_POINT('',(0.0161862921409136,-0.0581154772208618,-0.0127));
#1456=CARTESIAN_POINT('',(-0.0161862921409137,-0.0581154772208618,-0.0127));
#1457=CARTESIAN_POINT('',(0.0161862921409136,-0.0581154772208618,-0.0127));
#1458=CARTESIAN_POINT('',(0.03175,-0.0649990316571237,-0.0127));
#1459=CARTESIAN_POINT('',(0.0254567854125447,-0.0491873975177869,-0.0127));
#1460=CARTESIAN_POINT('',(0.0400403873371506,-0.0200201936685753,-0.0127));
#1461=CARTESIAN_POINT('',(0.0405254841714382,-0.01905,-0.0127));
#1462=CARTESIAN_POINT('',(-0.0508,-0.01905,-0.0127));
#1463=CARTESIAN_POINT('',(-0.0405254841714382,-0.01905,-0.0127));
#1464=CARTESIAN_POINT('',(-0.0400403873371506,-0.0200201936685753,-0.0127));
#1465=CARTESIAN_POINT('',(-0.0254567854125448,-0.0491873975177869,-0.0127));
#1466=CARTESIAN_POINT('',(-0.03175,-0.0649990316571237,-0.0127));
#1467=CARTESIAN_POINT('',(0.0508,0.,0.0127));
#1468=CARTESIAN_POINT('',(0.0508,1.7347234759768E-18,0.0127));
#1469=CARTESIAN_POINT('',(0.0508,1.7347234759768E-18,-0.03175));
#1470=CARTESIAN_POINT('',(0.0508,1.7347234759768E-18,0.));
#1471=CARTESIAN_POINT('',(0.0508,0.,0.));
#1472=CARTESIAN_POINT('',(0.0508,0.0127,0.));
#1473=CARTESIAN_POINT('',(0.0508,0.0127,0.0127));
#1474=CARTESIAN_POINT('',(0.0508,0.0127,0.0127));
#1475=CARTESIAN_POINT('',(0.0508,0.,0.0127));
#1476=CARTESIAN_POINT('',(0.0508,-0.00635,0.0127));
#1477=CARTESIAN_POINT('',(0.0508,-0.00635,0.0127));
#1478=CARTESIAN_POINT('',(0.0508,-0.00635,-0.00635));
#1479=CARTESIAN_POINT('',(0.0508,-0.01905,-0.00635));
#1480=CARTESIAN_POINT('',(0.0508,-0.0112009683428764,-0.0163341224975193));
#1481=CARTESIAN_POINT('',(0.0508,-0.0112009683428764,0.0127));
#1482=CARTESIAN_POINT('',(0.0508,-0.0112009683428764,-0.03175));
#1483=CARTESIAN_POINT('',(0.0508,0.,-0.03175));
#1484=CARTESIAN_POINT('',(6.93889390390723E-18,0.0127,0.0127));
#1485=CARTESIAN_POINT('',(-0.03175,0.0127,0.00635));
#1486=CARTESIAN_POINT('',(-0.03175,0.0127,0.0029718));
#1487=CARTESIAN_POINT('',(0.00635,0.0127,0.00635));
#1488=CARTESIAN_POINT('',(0.00635,0.0127,0.0029718));
#1489=CARTESIAN_POINT('',(0.04445,0.0127,0.00635));
#1490=CARTESIAN_POINT('',(0.04445,0.0127,0.0029718));
#1491=CARTESIAN_POINT('',(6.93889390390723E-18,0.0127,0.));
#1492=CARTESIAN_POINT('',(-0.0508,0.0127,0.));
#1493=CARTESIAN_POINT('',(-0.0508,0.0127,0.0127));
#1494=CARTESIAN_POINT('',(-0.0508,0.0127,0.0127));
#1495=CARTESIAN_POINT('',(6.93889390390723E-18,0.0127,0.0127));
#1496=CARTESIAN_POINT('',(-0.0508,0.,0.0127));
#1497=CARTESIAN_POINT('',(-0.0508,-0.01905,-0.00635));
#1498=CARTESIAN_POINT('',(-0.0508,-0.0112009683428764,-0.0163341224975193));
#1499=CARTESIAN_POINT('',(-0.0508,-0.00635,-0.00635));
#1500=CARTESIAN_POINT('',(-0.0508,-0.00635,0.0127));
#1501=CARTESIAN_POINT('',(-0.0508,-0.00635,0.0127));
#1502=CARTESIAN_POINT('',(-0.0508,0.,0.0127));
#1503=CARTESIAN_POINT('',(-0.0508,0.,0.));
#1504=CARTESIAN_POINT('',(-0.0508,1.7347234759768E-18,0.));
#1505=CARTESIAN_POINT('',(-0.0508,1.7347234759768E-18,-0.0381));
#1506=CARTESIAN_POINT('',(-0.0508,1.7347234759768E-18,-0.03175));
#1507=CARTESIAN_POINT('',(-0.0508,-0.0127,-0.03175));
#1508=CARTESIAN_POINT('',(-0.0508,-0.0112009683428764,-0.03175));
#1509=CARTESIAN_POINT('',(-0.0508,-0.0112009683428764,-0.0127));
#1510=CARTESIAN_POINT('',(0.,-0.0127,0.0127));
#1511=CARTESIAN_POINT('',(0.04445,-0.0127,0.00635));
#1512=CARTESIAN_POINT('',(0.0410718,-0.0127,0.00635));
#1513=CARTESIAN_POINT('',(0.04445,-0.0127,0.0029718));
#1514=CARTESIAN_POINT('',(0.,-0.0127,0.00635));
#1515=CARTESIAN_POINT('',(0.0097282,-0.0127,0.00635));
#1516=CARTESIAN_POINT('',(0.00635,-0.0127,0.00635));
#1517=CARTESIAN_POINT('',(0.0029718,-0.0127,0.00635));
#1518=CARTESIAN_POINT('',(0.,-0.0127,0.00635));
#1519=CARTESIAN_POINT('',(-0.0283718,-0.0127,0.00635));
#1520=CARTESIAN_POINT('',(-0.03175,-0.0127,0.00635));
#1521=CARTESIAN_POINT('',(-0.0351282,-0.0127,0.00635));
#1522=CARTESIAN_POINT('',(0.,-0.0127,0.00635));
#1523=CARTESIAN_POINT('',(-0.04445,-0.0127,0.00635));
#1524=CARTESIAN_POINT('',(-0.04445,-0.0127,-0.0127));
#1525=CARTESIAN_POINT('',(-0.04445,-0.0127,-0.00635));
#1526=CARTESIAN_POINT('',(0.0508,-0.0127,-0.00635));
#1527=CARTESIAN_POINT('',(0.04445,-0.0127,-0.00635));
#1528=CARTESIAN_POINT('',(0.04445,-0.0127,0.0127));
#1529=CARTESIAN_POINT('',(0.,0.,0.0127));
#1530=CARTESIAN_POINT('',(0.,-0.00635,0.0127));
#1531=CARTESIAN_POINT('',(0.,0.,0.));
#1532=CARTESIAN_POINT('',(0.04445,1.7347234759768E-18,0.));
#1533=CARTESIAN_POINT('',(0.04445,0.00635,0.));
#1534=CARTESIAN_POINT('',(0.,0.00635,0.));
#1535=CARTESIAN_POINT('',(-0.04445,0.00635,0.));
#1536=CARTESIAN_POINT('',(-0.04445,1.7347234759768E-18,0.));
#1537=CARTESIAN_POINT('',(0.,0.00635,-0.0381));
#1538=CARTESIAN_POINT('',(0.,0.00635,-0.03175));
#1539=CARTESIAN_POINT('',(0.04445,0.00635,-0.03175));
#1540=CARTESIAN_POINT('',(-0.04445,0.00635,-0.03175));
#1541=CARTESIAN_POINT('',(-0.04445,0.00635,0.));
#1542=CARTESIAN_POINT('',(0.04445,0.00635,-0.0381));
#1543=CARTESIAN_POINT('',(0.,0.,-0.0381));
#1544=CARTESIAN_POINT('',(0.01905,-0.1016,-0.0381));
#1545=CARTESIAN_POINT('',(0.01905,-0.0649990316571237,-0.0381));
#1546=CARTESIAN_POINT('',(0.01905,-0.0889,-0.0381));
#1547=CARTESIAN_POINT('',(0.,-0.0889,-0.0381));
#1548=CARTESIAN_POINT('',(-0.01905,-0.0889,-0.0381));
#1549=CARTESIAN_POINT('',(-0.01905,-0.0635,-0.0381));
#1550=CARTESIAN_POINT('',(-0.01905,-0.0649990316571237,-0.0381));
#1551=CARTESIAN_POINT('',(-0.03175,-0.0649990316571237,-0.0381));
#1552=CARTESIAN_POINT('',(-0.020390774674301,-0.0593194189942742,-0.0381));
#1553=CARTESIAN_POINT('',(-0.0400403873371506,-0.0200201936685753,-0.0381));
#1554=CARTESIAN_POINT('',(-0.04445,-0.0112009683428764,-0.0381));
#1555=CARTESIAN_POINT('',(-0.04445,0.00635,-0.0381));
#1556=CARTESIAN_POINT('',(-0.04445,1.7347234759768E-18,-0.0381));
#1557=CARTESIAN_POINT('',(0.,1.7347234759768E-18,-0.0381));
#1558=CARTESIAN_POINT('',(0.04445,1.7347234759768E-18,-0.0381));
#1559=CARTESIAN_POINT('',(0.04445,0.,-0.0381));
#1560=CARTESIAN_POINT('',(0.04445,-0.0112009683428764,-0.0381));
#1561=CARTESIAN_POINT('',(0.0400403873371506,-0.0200201936685753,-0.0381));
#1562=CARTESIAN_POINT('',(0.020390774674301,-0.0593194189942742,-0.0381));
#1563=CARTESIAN_POINT('',(0.03175,-0.0649990316571237,-0.0381));
#1564=CARTESIAN_POINT('',(0.04445,0.103707422651878,0.00635));
#1565=CARTESIAN_POINT('',(0.04445,-0.0127,0.0029718));
#1566=CARTESIAN_POINT('',(0.0451337328610662,-0.0127,0.0029718));
#1567=CARTESIAN_POINT('',(0.0464559831820643,-0.012461594341516,0.00339624109203627));
#1568=CARTESIAN_POINT('',(0.0475222652289183,-0.0119187311823814,0.00469100347272928));
#1569=CARTESIAN_POINT('',(0.0478620791116241,-0.0117052978332115,0.00600115021178748));
#1570=CARTESIAN_POINT('',(0.0477930128600032,-0.0117503954001848,0.00737596118998783));
#1571=CARTESIAN_POINT('',(0.0473030328679457,-0.0120450677296503,0.00827446338846307));
#1572=CARTESIAN_POINT('',(0.0468387481282044,-0.0122335688472219,0.0087387481282044));
#1573=CARTESIAN_POINT('',(0.0468387481282044,-0.0122335688472219,0.0087387481282044));
#1574=CARTESIAN_POINT('',(0.0468387481282044,-0.0122335688472219,0.0087387481282044));
#1575=CARTESIAN_POINT('',(0.0463747450356777,-0.0120451820793374,0.00920275122073108));
#1576=CARTESIAN_POINT('',(0.0454869748371323,-0.0117531194749184,0.0096886270372798));
#1577=CARTESIAN_POINT('',(0.0441117446836139,-0.0117043234911188,0.00976358394647193));
#1578=CARTESIAN_POINT('',(0.0427949756958197,-0.0119169560036281,0.00942547056502327));
#1579=CARTESIAN_POINT('',(0.0414965315472415,-0.012461438449017,0.00835691179461683));
#1580=CARTESIAN_POINT('',(0.0410718,-0.0127,0.00703478286445681));
#1581=CARTESIAN_POINT('',(0.0410718,-0.0127,0.00635));
#1582=CARTESIAN_POINT('',(0.00635,0.103707422651878,0.00635));
#1583=CARTESIAN_POINT('',(0.0097282,-0.0127,0.00635));
#1584=CARTESIAN_POINT('',(0.0097282,-0.0127,0.00726138097122072));
#1585=CARTESIAN_POINT('',(0.00915926789222704,-0.0123688230911897,0.00855780400360221));
#1586=CARTESIAN_POINT('',(0.00770103206063353,-0.0118498140071891,0.00953980299730759));
#1587=CARTESIAN_POINT('',(0.00635904609166641,-0.0116658274215943,0.00982154535846371));
#1588=CARTESIAN_POINT('',(0.00500283472545863,-0.0118478610318699,0.00954317599903698));
#1589=CARTESIAN_POINT('',(0.00354094194406134,-0.012368968820058,0.00855808873774546));
#1590=CARTESIAN_POINT('',(0.0029718,-0.0127,0.00726245562796901));
#1591=CARTESIAN_POINT('',(0.0029718,-0.0127,0.00635));
#1592=CARTESIAN_POINT('',(-0.03175,0.103707422651878,0.00635));
#1593=CARTESIAN_POINT('',(-0.0283718,-0.0127,0.00635));
#1594=CARTESIAN_POINT('',(-0.0283718,-0.0127,0.00726138097122072));
#1595=CARTESIAN_POINT('',(-0.028940732107773,-0.0123688230911897,0.00855780400360221));
#1596=CARTESIAN_POINT('',(-0.0303989679393664,-0.0118498140071891,0.00953980299730758));
#1597=CARTESIAN_POINT('',(-0.0317409539083336,-0.0116658274215943,0.00982154535846371));
#1598=CARTESIAN_POINT('',(-0.0330971652745414,-0.0118478610318699,0.00954317599903698));
#1599=CARTESIAN_POINT('',(-0.0345590580559387,-0.012368968820058,0.00855808873774547));
#1600=CARTESIAN_POINT('',(-0.0351282,-0.0127,0.00726245562796901));
#1601=CARTESIAN_POINT('',(-0.0351282,-0.0127,0.00635));
#1602=CARTESIAN_POINT('',(-0.04572,-0.02286,0.));
#1603=CARTESIAN_POINT('',(-0.0260703873371506,-0.062159225325699,0.));
#1604=CARTESIAN_POINT('',(-0.0260703873371506,-0.062159225325699,-0.03175));
#1605=CARTESIAN_POINT('',(-0.0260703873371506,-0.062159225325699,-0.023368));
#1606=CARTESIAN_POINT('',(-0.0276469575781129,-0.0590060848437742,-0.01905));
#1607=CARTESIAN_POINT('',(-0.0270866641461657,-0.0601266717076686,-0.020423830645545));
#1608=CARTESIAN_POINT('',(-0.0265780213060581,-0.0611439573878839,-0.0218967381401779));
#1609=CARTESIAN_POINT('',(-0.0260703873371506,-0.062159225325699,-0.023368));
#1610=CARTESIAN_POINT('',(-0.0276469575781129,-0.0590060848437742,-0.01905));
#1611=CARTESIAN_POINT('',(-0.04572,-0.02286,-0.01905));
#1612=CARTESIAN_POINT('',(-0.0462050968342877,-0.0218898063314247,-0.01905));
#1613=CARTESIAN_POINT('',(-0.0462050968342877,-0.0218898063314247,-0.00635));
#1614=CARTESIAN_POINT('',(-0.0501296126628495,-0.0140407746743011,-0.0163341224975193));
#1615=CARTESIAN_POINT('',(-0.0501296126628495,-0.0140407746743011,-0.0381));
#1616=CARTESIAN_POINT('',(-0.0501296126628495,-0.0140407746743011,-0.03175));
#1617=CARTESIAN_POINT('',(-0.04572,-0.02286,-0.03175));
#1618=CARTESIAN_POINT('',(0.04572,-0.02286,0.));
#1619=CARTESIAN_POINT('',(0.04572,-0.02286,-0.01905));
#1620=CARTESIAN_POINT('',(0.0462050968342877,-0.0218898063314247,-0.01905));
#1621=CARTESIAN_POINT('',(0.0276469575781129,-0.0590060848437742,-0.01905));
#1622=CARTESIAN_POINT('',(0.0276469575781129,-0.0590060848437742,-0.01905));
#1623=CARTESIAN_POINT('',(0.0270866641461657,-0.0601266717076686,-0.020423830645545));
#1624=CARTESIAN_POINT('',(0.0265780213060581,-0.0611439573878839,-0.0218967381401779));
#1625=CARTESIAN_POINT('',(0.0260703873371506,-0.062159225325699,-0.023368));
#1626=CARTESIAN_POINT('',(0.0260703873371506,-0.062159225325699,-0.023368));
#1627=CARTESIAN_POINT('',(0.0260703873371506,-0.062159225325699,0.));
#1628=CARTESIAN_POINT('',(0.0260703873371506,-0.062159225325699,-0.03175));
#1629=CARTESIAN_POINT('',(0.04572,-0.02286,-0.03175));
#1630=CARTESIAN_POINT('',(0.0501296126628495,-0.0140407746743011,-0.03175));
#1631=CARTESIAN_POINT('',(0.0501296126628495,-0.0140407746743011,0.));
#1632=CARTESIAN_POINT('',(0.0501296126628495,-0.0140407746743011,-0.0163341224975193));
#1633=CARTESIAN_POINT('',(0.0462050968342877,-0.0218898063314247,-0.00635));
#1634=CARTESIAN_POINT('',(0.0254,-0.1016,-0.0254));
#1635=CARTESIAN_POINT('',(0.0254,-0.0649990316571237,-0.0254));
#1636=CARTESIAN_POINT('',(0.0254,-0.0649990316571237,-0.03175));
#1637=CARTESIAN_POINT('',(0.0254,-0.0649990316571237,-0.0316402268827999));
#1638=CARTESIAN_POINT('',(0.0254,-0.0649990316571237,-0.0316402268827999));
#1639=CARTESIAN_POINT('',(0.0254,-0.0650354673758801,-0.0316769120762437));
#1640=CARTESIAN_POINT('',(0.0254,-0.0650720372388557,-0.0317135032253442));
#1641=CARTESIAN_POINT('',(0.0254,-0.0651087417169046,-0.03175));
#1642=CARTESIAN_POINT('',(0.0254,-0.0651087417169046,-0.03175));
#1643=CARTESIAN_POINT('',(0.0254,-0.0635,-0.03175));
#1644=CARTESIAN_POINT('',(-0.0254,-0.1016,-0.0254));
#1645=CARTESIAN_POINT('',(-0.0254,-0.1016,-0.03175));
#1646=CARTESIAN_POINT('',(-0.0254,-0.0649990316571237,-0.03175));
#1647=CARTESIAN_POINT('',(-0.0254,-0.0651087417169046,-0.03175));
#1648=CARTESIAN_POINT('',(-0.0254,-0.0651087417169046,-0.03175));
#1649=CARTESIAN_POINT('',(-0.0254,-0.0650720477502859,-0.0317135136772922));
#1650=CARTESIAN_POINT('',(-0.0254,-0.0650354778041324,-0.031676922575898));
#1651=CARTESIAN_POINT('',(-0.0254,-0.0649990316571237,-0.0316402268827999));
#1652=CARTESIAN_POINT('',(-0.0254,-0.0649990316571237,-0.0316402268827999));
#1653=CARTESIAN_POINT('',(-0.0254,-0.0649990316571237,-0.0254));
#1654=CARTESIAN_POINT('',(0.,-0.1016,-0.0254));
#1655=CARTESIAN_POINT('',(0.,-0.1016,-0.01905));
#1656=CARTESIAN_POINT('',(0.0127,-0.1016,-0.01905));
#1657=CARTESIAN_POINT('',(-0.0127,-0.1016,-0.01905));
#1658=CARTESIAN_POINT('',(-0.0127,-0.1016,-0.03175));
#1659=CARTESIAN_POINT('',(-0.0127,-0.1016,-0.0254));
#1660=CARTESIAN_POINT('',(0.,-0.1016,-0.0254));
#1661=CARTESIAN_POINT('',(0.0127,-0.1016,-0.0254));
#1662=CARTESIAN_POINT('',(0.0127,-0.1016,-0.01905));
#1663=CARTESIAN_POINT('',(0.,-0.0823773860570242,-0.127));
#1664=CARTESIAN_POINT('',(-0.0146167705244687,-0.0962967219413799,-0.0127868639502695));
#1665=CARTESIAN_POINT('',(-0.00974494996997729,-0.0963502944362013,-0.0127958172135131));
#1666=CARTESIAN_POINT('',(2.283623984356E-11,-0.0963400431471755,-0.0127944896938968));
#1667=CARTESIAN_POINT('',(0.00974494992430481,-0.0963502944367034,-0.012795817213597));
#1668=CARTESIAN_POINT('',(0.0146167705244538,-0.0962967219413801,-0.0127868639502695));
#1669=CARTESIAN_POINT('',(-0.0146167705244687,-0.0962967219413799,-0.0127868639502695));
#1670=CARTESIAN_POINT('',(0.0146167705244538,-0.09629672194138,-0.0127868639502695));
#1671=CARTESIAN_POINT('',(0.0146167705244687,-0.0962967219413797,-0.0127868639502682));
#1672=CARTESIAN_POINT('',(0.0148859418399623,-0.0965382137058593,-0.0156721938669855));
#1673=CARTESIAN_POINT('',(0.0153499514836861,-0.0955843240659685,-0.020032893849503));
#1674=CARTESIAN_POINT('',(0.0159436133436841,-0.0920637295611504,-0.0246431585523737));
#1675=CARTESIAN_POINT('',(0.0162444918551212,-0.0890885055793011,-0.0267474712190617));
#1676=CARTESIAN_POINT('',(0.0164047777318535,-0.0864332688743366,-0.0278180031813018));
#1677=CARTESIAN_POINT('',(0.0164792257646746,-0.0842973831869261,-0.0283039112109317));
#1678=CARTESIAN_POINT('',(0.0165002919283364,-0.0821590553692271,-0.0284398061027769));
#1679=CARTESIAN_POINT('',(0.0164672562812511,-0.0799775633902972,-0.0282263154845357));
#1680=CARTESIAN_POINT('',(0.0163836590592774,-0.0779038534687123,-0.0276787052431428));
#1681=CARTESIAN_POINT('',(0.016208800986652,-0.0752435162530626,-0.026503010664101));
#1682=CARTESIAN_POINT('',(0.0160246749533017,-0.0735316895097864,-0.0252029967945903));
#1683=CARTESIAN_POINT('',(0.0158865672504562,-0.0725236799539878,-0.0241667493473634));
#1684=CARTESIAN_POINT('',(0.0158865672504562,-0.0725236799539878,-0.0241667493473634));
#1685=CARTESIAN_POINT('',(0.0158865672504562,-0.0725236799539878,-0.0241667493473634));
#1686=CARTESIAN_POINT('',(0.0157270045569585,-0.0713590764128332,-0.022969521166727));
#1687=CARTESIAN_POINT('',(0.0159417556615596,-0.0704008186758894,-0.0216261266753546));
#1688=CARTESIAN_POINT('',(0.0161465407241616,-0.0696996618992108,-0.0201250984453268));
#1689=CARTESIAN_POINT('',(0.0161465407241616,-0.0696996618992108,-0.0201250984453268));
#1690=CARTESIAN_POINT('',(0.0161465407241616,-0.0696996618992109,-0.0201250984453268));
#1691=CARTESIAN_POINT('',(0.0107719379005462,-0.0698868163965897,-0.0197220258489973));
#1692=CARTESIAN_POINT('',(-2.92324699248045E-5,-0.0701074966168075,-0.0193100728924454));
#1693=CARTESIAN_POINT('',(-0.0107805641409295,-0.0698865160135222,-0.0197226727807282));
#1694=CARTESIAN_POINT('',(-0.0161465407241616,-0.0696996618992109,-0.0201250984453268));
#1695=CARTESIAN_POINT('',(-0.0161465407241616,-0.0696996618992108,-0.0201250984453268));
#1696=CARTESIAN_POINT('',(-0.0161465407241618,-0.0696996618992102,-0.0201250984453255));
#1697=CARTESIAN_POINT('',(-0.0159421068470028,-0.0703996162637106,-0.0216235525654203));
#1698=CARTESIAN_POINT('',(-0.0157275711311839,-0.0713632116798863,-0.0229737722771483));
#1699=CARTESIAN_POINT('',(-0.0158865672504562,-0.0725236799539878,-0.0241667493473634));
#1700=CARTESIAN_POINT('',(-0.0158865672504562,-0.0725236799539878,-0.0241667493473634));
#1701=CARTESIAN_POINT('',(-0.0158865672504562,-0.0725236799539878,-0.0241667493473634));
#1702=CARTESIAN_POINT('',(-0.0160228786641643,-0.0735185788969952,-0.025189518907443));
#1703=CARTESIAN_POINT('',(-0.0162727198796764,-0.0758401570021152,-0.0269538203899835));
#1704=CARTESIAN_POINT('',(-0.016493958219492,-0.07996069206458,-0.0284008841970526));
#1705=CARTESIAN_POINT('',(-0.0165057848164837,-0.0843396836175345,-0.028475301036841));
#1706=CARTESIAN_POINT('',(-0.0162363979654625,-0.0899045020657861,-0.0267269092479866));
#1707=CARTESIAN_POINT('',(-0.0155052800354152,-0.0952719930858078,-0.0214998790608881));
#1708=CARTESIAN_POINT('',(-0.014885905332915,-0.0965381809529216,-0.0156718025367444));
#1709=CARTESIAN_POINT('',(-0.0146167705244688,-0.0962967219413799,-0.0127868639502695));
#1710=CARTESIAN_POINT('',(0.04445,-0.00635,0.0127));
#1711=CARTESIAN_POINT('',(0.04445,-0.00635,-0.00635));
#1712=CARTESIAN_POINT('',(0.04445,-0.00635,0.00635));
#1713=CARTESIAN_POINT('',(0.0400403873371506,-0.0200201936685753,-0.01905));
#1714=CARTESIAN_POINT('',(0.0276469575781129,-0.0590060848437742,-0.01905));
#1715=CARTESIAN_POINT('',(0.0279681125953062,-0.0583637748093876,-0.0182625329703449));
#1716=CARTESIAN_POINT('',(0.0282308070235273,-0.0571276054053448,-0.0165517629851931));
#1717=CARTESIAN_POINT('',(0.0277561162732143,-0.054792167747145,-0.0143966160359638));
#1718=CARTESIAN_POINT('',(0.0267433785900082,-0.0520958462920718,-0.0130178251398862));
#1719=CARTESIAN_POINT('',(0.0258819881490586,-0.0501480433224317,-0.0127));
#1720=CARTESIAN_POINT('',(0.0254567854125448,-0.0491873975177869,-0.0127));
#1721=CARTESIAN_POINT('',(0.0405254841714382,-0.01905,-0.01905));
#1722=CARTESIAN_POINT('',(0.01905,-0.1016,-0.03175));
#1723=CARTESIAN_POINT('',(0.02482229876643,-0.0889,-0.0343963308468652));
#1724=CARTESIAN_POINT('',(0.024696648274094,-0.0868947385525221,-0.0346704054897891));
#1725=CARTESIAN_POINT('',(0.0245214306027599,-0.0828859313127745,-0.0349667443787217));
#1726=CARTESIAN_POINT('',(0.0247153502177147,-0.0768565817320186,-0.0346498485573385));
#1727=CARTESIAN_POINT('',(0.0251111581530303,-0.0718714393883596,-0.0337549829824456));
#1728=CARTESIAN_POINT('',(0.0253467762563622,-0.0679934254277028,-0.0327136749964065));
#1729=CARTESIAN_POINT('',(0.0254,-0.0660550068416977,-0.0320825169324814));
#1730=CARTESIAN_POINT('',(0.0254,-0.0651087417169046,-0.03175));
#1731=CARTESIAN_POINT('',(0.02482229876643,-0.0889,-0.0343963308468652));
#1732=CARTESIAN_POINT('',(0.01905,-0.0889,-0.03175));
#1733=CARTESIAN_POINT('',(0.01905,-0.0649990316571237,-0.03175));
#1734=CARTESIAN_POINT('',(0.03175,-0.0649990316571237,-0.0254));
#1735=CARTESIAN_POINT('',(0.03175,-0.0649990316571237,-0.023368));
#1736=CARTESIAN_POINT('',(0.0259426463212362,-0.0624305411958317,-0.023368));
#1737=CARTESIAN_POINT('',(0.0259426463212362,-0.0624305411958317,-0.023368));
#1738=CARTESIAN_POINT('',(0.0258914019652837,-0.0625464046197149,-0.0233679999999999));
#1739=CARTESIAN_POINT('',(0.025806606172815,-0.0627580815597948,-0.0235097782854147));
#1740=CARTESIAN_POINT('',(0.0257206098948889,-0.0630023822678958,-0.0239442263044647));
#1741=CARTESIAN_POINT('',(0.0256912130085407,-0.0630975509233588,-0.024309154131153));
#1742=CARTESIAN_POINT('',(0.0256780308536901,-0.0631406208612392,-0.0245560157512523));
#1743=CARTESIAN_POINT('',(0.0256780308536901,-0.0631406208612392,-0.0245560157512523));
#1744=CARTESIAN_POINT('',(0.0256780308536901,-0.0631406208612392,-0.0245560157512523));
#1745=CARTESIAN_POINT('',(0.0255492275647223,-0.0635614587073642,-0.0269681091418198));
#1746=CARTESIAN_POINT('',(0.0254,-0.0641453269837708,-0.0293366329542386));
#1747=CARTESIAN_POINT('',(0.0254,-0.0649990316571237,-0.0316402268827999));
#1748=CARTESIAN_POINT('',(0.03175,-0.0649990316571237,-0.03175));
#1749=CARTESIAN_POINT('',(0.04445,-0.0151254841714382,-0.0113420612487597));
#1750=CARTESIAN_POINT('',(0.0488997359064883,-0.0165005281870235,-0.0124230539960891));
#1751=CARTESIAN_POINT('',(0.0501296126628495,-0.0140407746743011,-0.0163341224975193));
#1752=CARTESIAN_POINT('',(0.043895681990105,-0.0156798021813214,-0.0117778391159451));
#1753=CARTESIAN_POINT('',(0.0484750202814606,-0.0173499594371009,-0.0128399496781055));
#1754=CARTESIAN_POINT('',(0.049575294652965,-0.0151494106940701,-0.0172056782318902));
#1755=CARTESIAN_POINT('',(0.0426406425076728,-0.0169348416637659,-0.0124629210450037));
#1756=CARTESIAN_POINT('',(0.0475293524158701,-0.0192412951682434,-0.0133119263837195));
#1757=CARTESIAN_POINT('',(0.048320255170523,-0.0176594896589541,-0.0185758420900073));
#1758=CARTESIAN_POINT('',(0.0412305875720072,-0.0183448965994419,-0.0127));
#1759=CARTESIAN_POINT('',(0.0466179090459712,-0.0210641819080682,-0.0130076920575235));
#1760=CARTESIAN_POINT('',(0.0469102002348447,-0.0204795995303107,-0.01905));
#1761=CARTESIAN_POINT('',(0.0405254841714382,-0.01905,-0.0127));
#1762=CARTESIAN_POINT('',(0.0462050968342877,-0.0218898063314247,-0.0127));
#1763=CARTESIAN_POINT('',(0.0462050968342877,-0.0218898063314247,-0.01905));
#1764=CARTESIAN_POINT('',(0.04445,-0.0112009683428764,-0.0163341224975193));
#1765=CARTESIAN_POINT('',(0.04445,-0.0151254841714382,-0.0113420612487596));
#1766=CARTESIAN_POINT('',(0.0405254841714382,-0.01905,-0.00635));
#1767=CARTESIAN_POINT('',(0.,-0.00635,0.00635));
#1768=CARTESIAN_POINT('',(-0.04445,-0.00635,0.00635));
#1769=CARTESIAN_POINT('',(0.04445,-0.01905,-0.00635));
#1770=CARTESIAN_POINT('',(0.04445,-0.01905,-0.00635));
#1771=CARTESIAN_POINT('',(0.04445,-0.0112009683428764,-0.0163341224975193));
#1772=CARTESIAN_POINT('',(-0.04445,-0.00635,0.0127));
#1773=CARTESIAN_POINT('',(-0.04445,-0.00635,-0.00635));
#1774=CARTESIAN_POINT('',(0.,-0.01905,-0.00635));
#1775=CARTESIAN_POINT('',(-0.04445,-0.01905,-0.00635));
#1776=CARTESIAN_POINT('',(-0.04445,-0.0151254841714382,-0.0113420612487596));
#1777=CARTESIAN_POINT('',(-0.0405254841714382,-0.01905,-0.00635));
#1778=CARTESIAN_POINT('',(-0.0400403873371506,-0.0200201936685753,-0.01905));
#1779=CARTESIAN_POINT('',(-0.0276469575781129,-0.0590060848437742,-0.01905));
#1780=CARTESIAN_POINT('',(-0.0279681125953062,-0.0583637748093876,-0.0182625329703449));
#1781=CARTESIAN_POINT('',(-0.0282308070235274,-0.0571276054053447,-0.0165517629851931));
#1782=CARTESIAN_POINT('',(-0.0277561162732142,-0.0547921677471451,-0.0143966160359638));
#1783=CARTESIAN_POINT('',(-0.026743378590009,-0.0520958462920714,-0.0130178251398862));
#1784=CARTESIAN_POINT('',(-0.0258819881490569,-0.0501480433224324,-0.0127));
#1785=CARTESIAN_POINT('',(-0.0254567854125448,-0.0491873975177869,-0.0127));
#1786=CARTESIAN_POINT('',(-0.0405254841714382,-0.01905,-0.01905));
#1787=CARTESIAN_POINT('',(0.03175,-0.0649990316571237,-0.03175));
#1788=CARTESIAN_POINT('',(0.020390774674301,-0.0593194189942742,-0.03175));
#1789=CARTESIAN_POINT('',(0.04445,-0.0112009683428764,-0.0163341224975193));
#1790=CARTESIAN_POINT('',(0.04445,-0.0112009683428764,-0.0163341224975193));
#1791=CARTESIAN_POINT('',(-0.04445,-0.01905,-0.00635));
#1792=CARTESIAN_POINT('',(-0.04445,-0.0112009683428764,-0.0163341224975193));
#1793=CARTESIAN_POINT('',(-0.0501296126628495,-0.0140407746743011,-0.0163341224975193));
#1794=CARTESIAN_POINT('',(-0.0488997359064883,-0.0165005281870235,-0.0124230539960891));
#1795=CARTESIAN_POINT('',(-0.04445,-0.0151254841714382,-0.0113420612487597));
#1796=CARTESIAN_POINT('',(-0.0495752946529674,-0.0151494106940653,-0.0172056782318967));
#1797=CARTESIAN_POINT('',(-0.0484750202814405,-0.0173499594371055,-0.0128399496781044));
#1798=CARTESIAN_POINT('',(-0.0438956819901269,-0.0156798021813184,-0.0117778391159427));
#1799=CARTESIAN_POINT('',(-0.0483202551705262,-0.0176594896589477,-0.018575842090004));
#1800=CARTESIAN_POINT('',(-0.0475293524158933,-0.019241295168238,-0.0133119263837207));
#1801=CARTESIAN_POINT('',(-0.0426406425076668,-0.0169348416637679,-0.0124629210450048));
#1802=CARTESIAN_POINT('',(-0.0469102002348359,-0.0204795995303284,-0.01905));
#1803=CARTESIAN_POINT('',(-0.0466179090459443,-0.0210641819080751,-0.0130076920575226));
#1804=CARTESIAN_POINT('',(-0.0412305875719973,-0.0183448965994409,-0.0127));
#1805=CARTESIAN_POINT('',(-0.0462050968342877,-0.0218898063314247,-0.01905));
#1806=CARTESIAN_POINT('',(-0.0462050968342877,-0.0218898063314247,-0.0127));
#1807=CARTESIAN_POINT('',(-0.0405254841714382,-0.01905,-0.0127));
#1808=CARTESIAN_POINT('',(-0.04445,-0.0112009683428764,-0.0163341224975193));
#1809=CARTESIAN_POINT('',(-0.03175,-0.0649990316571237,-0.0254));
#1810=CARTESIAN_POINT('',(-0.0256780308536901,-0.0631406208612393,-0.0245560157512526));
#1811=CARTESIAN_POINT('',(-0.0256912024985701,-0.0630975852624927,-0.0243093509508985));
#1812=CARTESIAN_POINT('',(-0.0257200816607068,-0.0630041751623254,-0.0239505742514871));
#1813=CARTESIAN_POINT('',(-0.0258055356619664,-0.0627607604026741,-0.023511538506174));
#1814=CARTESIAN_POINT('',(-0.0258917271394792,-0.0625456694012708,-0.0233679999999999));
#1815=CARTESIAN_POINT('',(-0.0259426463212361,-0.0624305411958318,-0.023368));
#1816=CARTESIAN_POINT('',(-0.0256780308536901,-0.0631406208612393,-0.0245560157512526));
#1817=CARTESIAN_POINT('',(-0.0259426463212361,-0.0624305411958318,-0.023368));
#1818=CARTESIAN_POINT('',(-0.03175,-0.0649990316571237,-0.023368));
#1819=CARTESIAN_POINT('',(-0.03175,-0.0649990316571237,-0.03175));
#1820=CARTESIAN_POINT('',(-0.0254,-0.0649990316571237,-0.0316402268827999));
#1821=CARTESIAN_POINT('',(-0.0254,-0.0641453269837708,-0.0293366329542387));
#1822=CARTESIAN_POINT('',(-0.0255492275647223,-0.0635614587073643,-0.0269681091418199));
#1823=CARTESIAN_POINT('',(-0.0256780308536901,-0.0631406208612393,-0.0245560157512526));
#1824=CARTESIAN_POINT('',(-0.01905,0.,-0.03175));
#1825=CARTESIAN_POINT('',(-0.01905,-0.0889,-0.03175));
#1826=CARTESIAN_POINT('',(-0.0248222987664314,-0.0889,-0.0343963308468622));
#1827=CARTESIAN_POINT('',(-0.0248222987664314,-0.0889,-0.0343963308468622));
#1828=CARTESIAN_POINT('',(-0.0246966482740953,-0.0868947385525222,-0.0346704054897864));
#1829=CARTESIAN_POINT('',(-0.0245214306027593,-0.0828859313127745,-0.0349667443787236));
#1830=CARTESIAN_POINT('',(-0.0247153502177149,-0.0768565817320197,-0.034649848557336));
#1831=CARTESIAN_POINT('',(-0.0251111581530303,-0.0718714393883574,-0.0337549829824522));
#1832=CARTESIAN_POINT('',(-0.0253467762563622,-0.0679934254277068,-0.0327136749963952));
#1833=CARTESIAN_POINT('',(-0.0254,-0.0660550068416889,-0.0320825169325065));
#1834=CARTESIAN_POINT('',(-0.0254,-0.0651087417169046,-0.03175));
#1835=CARTESIAN_POINT('',(-0.01905,-0.0649990316571237,-0.03175));
#1836=CARTESIAN_POINT('',(0.0400403873371506,-0.0200201936685753,-0.03175));
#1837=CARTESIAN_POINT('',(0.04445,-0.0112009683428764,-0.03175));
#1838=CARTESIAN_POINT('',(0.04445,-0.0112009683428764,0.));
#1839=CARTESIAN_POINT('',(0.04445,-0.0112009683428764,-0.03175));
#1840=CARTESIAN_POINT('',(-0.04445,-0.0112009683428764,-0.0163341224975193));
#1841=CARTESIAN_POINT('',(-0.04445,-0.0112009683428764,-0.0163341224975193));
#1842=CARTESIAN_POINT('',(-0.03175,-0.0649990316571237,-0.03175));
#1843=CARTESIAN_POINT('',(-0.020390774674301,-0.0593194189942742,-0.03175));
#1844=CARTESIAN_POINT('',(0.04445,-0.0112009683428764,-0.03175));
#1845=CARTESIAN_POINT('',(0.04445,-0.0112009683428764,-0.03175));
#1846=CARTESIAN_POINT('',(-0.04445,-0.0112009683428764,0.));
#1847=CARTESIAN_POINT('',(-0.04445,-0.0112009683428764,-0.03175));
#1848=CARTESIAN_POINT('',(-0.0400403873371506,-0.0200201936685753,-0.03175));
#1849=CARTESIAN_POINT('',(-0.04445,-0.0112009683428764,-0.03175));
#1850=CARTESIAN_POINT('',(0.04445,0.,-0.03175));
#1851=CARTESIAN_POINT('',(0.04445,1.7347234759768E-18,-0.03175));
#1852=CARTESIAN_POINT('',(0.04445,1.7347234759768E-18,0.0127));
#1853=CARTESIAN_POINT('',(0.04445,8.67361737988404E-19,-0.03175));
#1854=CARTESIAN_POINT('',(-0.04445,-0.0112009683428764,-0.03175));
#1855=CARTESIAN_POINT('',(-0.04445,-0.0112009683428764,-0.03175));
#1856=CARTESIAN_POINT('',(0.04445,1.7347234759768E-18,-0.03175));
#1857=CARTESIAN_POINT('',(0.04445,1.7347234759768E-18,-0.03175));
#1858=CARTESIAN_POINT('',(-0.04445,0.,-0.03175));
#1859=CARTESIAN_POINT('',(-0.04445,1.7347234759768E-18,-0.03175));
#1860=CARTESIAN_POINT('',(0.,1.7347234759768E-18,-0.03175));
#1861=CARTESIAN_POINT('',(-0.04445,8.67361737988404E-19,-0.03175));
#1862=CARTESIAN_POINT('',(-0.04445,1.7347234759768E-18,-0.03175));
#1863=CARTESIAN_POINT('',(-0.04445,1.7347234759768E-18,-0.03175));
#1864=CARTESIAN_POINT('',(-0.04445,1.7347234759768E-18,-0.0381));
#1865=CARTESIAN_POINT('',(0.,-0.09525,-0.01905));
#1866=CARTESIAN_POINT('',(0.0210843862668125,-0.0984389761991991,-0.0135588315632334));
#1867=CARTESIAN_POINT('',(0.0204505452638289,-0.0989960976019345,-0.0138823778018612));
#1868=CARTESIAN_POINT('',(0.0191397407135209,-0.099931059210421,-0.0146437794503672));
#1869=CARTESIAN_POINT('',(0.0163199827057765,-0.10123854246144,-0.0164869824694612));
#1870=CARTESIAN_POINT('',(0.0141559651553291,-0.1016,-0.0180204774354113));
#1871=CARTESIAN_POINT('',(0.0127,-0.1016,-0.01905));
#1872=CARTESIAN_POINT('',(0.0210843862668125,-0.0984389761991991,-0.0135588315632334));
#1873=CARTESIAN_POINT('',(0.0210843862668125,-0.0984389761991991,-0.0135588315632334));
#1874=CARTESIAN_POINT('',(0.0201931508655227,-0.0977677168227148,-0.0131690001093729));
#1875=CARTESIAN_POINT('',(0.0181425703607187,-0.0966582956091353,-0.0128287657129124));
#1876=CARTESIAN_POINT('',(0.0157942768132118,-0.0962837736094678,-0.0127846999699553));
#1877=CARTESIAN_POINT('',(0.0146167705244686,-0.0962967219413799,-0.0127868639502695));
#1878=CARTESIAN_POINT('',(-0.0146167705244688,-0.0962967219413799,-0.0127868639502695));
#1879=CARTESIAN_POINT('',(-0.0157935477514185,-0.096283781626524,-0.0127847013097999));
#1880=CARTESIAN_POINT('',(-0.0181229559875128,-0.0966512186545692,-0.0128267262190764));
#1881=CARTESIAN_POINT('',(-0.0201948743525415,-0.0977690149161477,-0.0131697539724367));
#1882=CARTESIAN_POINT('',(-0.0210843862668125,-0.0984389761991991,-0.0135588315632334));
#1883=CARTESIAN_POINT('',(-0.0210843862668123,-0.0984389761991992,-0.0135588315632335));
#1884=CARTESIAN_POINT('',(-0.0210843862668123,-0.0984389761991992,-0.0135588315632335));
#1885=CARTESIAN_POINT('',(-0.0204505452638286,-0.0989960976019348,-0.0138823778018614));
#1886=CARTESIAN_POINT('',(-0.0191397407135213,-0.099931059210421,-0.0146437794503677));
#1887=CARTESIAN_POINT('',(-0.0163199827057742,-0.10123854246144,-0.0164869824694589));
#1888=CARTESIAN_POINT('',(-0.0141559651553379,-0.1016,-0.0180204774354224));
#1889=CARTESIAN_POINT('',(-0.0127,-0.1016,-0.01905));
#1890=CARTESIAN_POINT('',(-0.0172170126235015,-0.0696614517915345,-0.0202079758198644));
#1891=CARTESIAN_POINT('',(-0.0169741096026967,-0.066306912995378,-0.0127));
#1892=CARTESIAN_POINT('',(-0.0163799543643554,-0.0581015115501802,-0.0127));
#1893=CARTESIAN_POINT('',(-0.0115675548421372,-0.0698679374212736,-0.0197569063190584));
#1894=CARTESIAN_POINT('',(-0.0114390712523992,-0.0663603338930724,-0.0126999999999649));
#1895=CARTESIAN_POINT('',(-0.010935976568591,-0.0584957113891091,-0.0127));
#1896=CARTESIAN_POINT('',(-3.44956111874815E-5,-0.0701259171860598,-0.0192761910057284));
#1897=CARTESIAN_POINT('',(-3.40763022820784E-5,-0.0665060705492053,-0.0127000000000385));
#1898=CARTESIAN_POINT('',(-3.24502377676552E-5,-0.0589882182120741,-0.0127));
#1899=CARTESIAN_POINT('',(0.0115508620653051,-0.069868552995252,-0.0197555577518853));
#1900=CARTESIAN_POINT('',(0.0114229349851667,-0.0663604874174937,-0.0126999999999573));
#1901=CARTESIAN_POINT('',(0.0109198834873994,-0.0584968865758864,-0.0127));
#1902=CARTESIAN_POINT('',(0.0172176286106523,-0.0696614292771312,-0.0202080250029663));
#1903=CARTESIAN_POINT('',(0.0169747207218058,-0.0663069070973418,-0.0127));
#1904=CARTESIAN_POINT('',(0.0163805479474545,-0.0581014685681375,-0.0127));
#1905=CARTESIAN_POINT('',(0.0161465407241616,-0.0696996618992108,-0.0201250984453269));
#1906=CARTESIAN_POINT('',(0.0161405927784976,-0.0686846068182502,-0.0179063922555608));
#1907=CARTESIAN_POINT('',(0.016125277338261,-0.0653800597294546,-0.0141257604628225));
#1908=CARTESIAN_POINT('',(0.0161544344780736,-0.06055500338477,-0.0127000000000002));
#1909=CARTESIAN_POINT('',(0.0161862921409126,-0.058115477220863,-0.0127));
#1910=CARTESIAN_POINT('',(-0.0161862921409137,-0.0581154772208619,-0.0127));
#1911=CARTESIAN_POINT('',(-0.0161703182003079,-0.0593386945750474,-0.0127));
#1912=CARTESIAN_POINT('',(-0.0161525842464758,-0.061156591698793,-0.0129659069636895));
#1913=CARTESIAN_POINT('',(-0.0161402228207879,-0.0634065633808387,-0.0137996602162132));
#1914=CARTESIAN_POINT('',(-0.0161342210601199,-0.0655611622515048,-0.0149695984160023));
#1915=CARTESIAN_POINT('',(-0.0161369214833207,-0.0678570822989115,-0.0169549413348287));
#1916=CARTESIAN_POINT('',(-0.016143558256219,-0.0691906846136207,-0.019012576499306));
#1917=CARTESIAN_POINT('',(-0.0161465407241616,-0.0696996618992102,-0.0201250984453255));
#1918=CARTESIAN_POINT('',(0.0127,-0.0889,-0.0254));
#1919=CARTESIAN_POINT('',(0.0127,-0.0889,-0.0254));
#1920=CARTESIAN_POINT('',(0.0245276220406777,-0.0935257277117093,-0.0313138110203388));
#1921=CARTESIAN_POINT('',(0.0245276220406777,-0.0935257277117093,-0.0313138110203388));
#1922=CARTESIAN_POINT('',(0.0239200750077088,-0.0950791777039563,-0.0285962903340891));
#1923=CARTESIAN_POINT('',(0.0226641758074078,-0.0969099123690104,-0.0244396219503989));
#1924=CARTESIAN_POINT('',(0.0213076383868786,-0.0982540992583172,-0.0183325137394542));
#1925=CARTESIAN_POINT('',(0.0210578797484916,-0.0984622743900688,-0.0151618173388124));
#1926=CARTESIAN_POINT('',(0.0210843862668125,-0.0984389761991991,-0.0135588315632334));
#1927=CARTESIAN_POINT('',(0.0254,-0.0889,-0.03175));
#1928=CARTESIAN_POINT('',(0.0254,-0.0889,-0.0381));
#1929=CARTESIAN_POINT('',(0.01905,-0.0889,-0.0381));
#1930=CARTESIAN_POINT('',(0.0254,-0.0897312130631312,-0.0317500000000029));
#1931=CARTESIAN_POINT('',(0.0253999999999941,-0.0901468196050244,-0.0380999999999902));
#1932=CARTESIAN_POINT('',(0.01905,-0.0897312130631312,-0.0381));
#1933=CARTESIAN_POINT('',(0.0252362597087933,-0.0913936067237348,-0.0316681298543953));
#1934=CARTESIAN_POINT('',(0.0250720094534134,-0.0925903439484164,-0.0377720094534152));
#1935=CARTESIAN_POINT('',(0.0189681298543966,-0.0913936067237348,-0.0379362597087933));
#1936=CARTESIAN_POINT('',(0.0245089293859497,-0.0937914394098604,-0.0313044646929752));
#1937=CARTESIAN_POINT('',(0.023783842110179,-0.095654375304422,-0.0364838421101785));
#1938=CARTESIAN_POINT('',(0.0186044646929749,-0.0937914394098604,-0.0372089293859497));
#1939=CARTESIAN_POINT('',(0.023327643124768,-0.0960011131830435,-0.0307138215623839));
#1940=CARTESIAN_POINT('',(0.0220797175439506,-0.0978926181325899,-0.0347797175439507));
#1941=CARTESIAN_POINT('',(0.018013821562384,-0.0960011131830435,-0.036027643124768));
#1942=CARTESIAN_POINT('',(0.0212087623883203,-0.0985843750910648,-0.0296543811941601));
#1943=CARTESIAN_POINT('',(0.0196681478598725,-0.0998991758280351,-0.0323681478598727));
#1944=CARTESIAN_POINT('',(0.0169543811941601,-0.0985843750910648,-0.0339087623883201));
#1945=CARTESIAN_POINT('',(0.0176867646973154,-0.100938900081237,-0.0278933823486582));
#1946=CARTESIAN_POINT('',(0.0165372884575506,-0.101258306356184,-0.029237288457549));
#1947=CARTESIAN_POINT('',(0.0151933823486577,-0.100938900081237,-0.0303867646973163));
#1948=CARTESIAN_POINT('',(0.0143624261193966,-0.1016,-0.0262312130596973));
#1949=CARTESIAN_POINT('',(0.0139468195972786,-0.101600000000002,-0.0266468195972819));
#1950=CARTESIAN_POINT('',(0.0135312130596983,-0.1016,-0.0270624261193946));
#1951=CARTESIAN_POINT('',(0.0127,-0.1016,-0.0254));
#1952=CARTESIAN_POINT('',(0.0127,-0.1016,-0.0254));
#1953=CARTESIAN_POINT('',(0.0127,-0.1016,-0.0254));
#1954=CARTESIAN_POINT('',(0.02482229876643,-0.0889,-0.0343963308468652));
#1955=CARTESIAN_POINT('',(0.0248825184089404,-0.0898610477862978,-0.0342649769881484));
#1956=CARTESIAN_POINT('',(0.0249060299625048,-0.0917164820237541,-0.0335944283365345));
#1957=CARTESIAN_POINT('',(0.0247129864427851,-0.0930517655106109,-0.0321429346435113));
#1958=CARTESIAN_POINT('',(0.0245276220406773,-0.0935257277117102,-0.0313138110203397));
#1959=CARTESIAN_POINT('',(0.0127,-0.0889,-0.0254));
#1960=CARTESIAN_POINT('',(0.,-0.0889,-0.0254));
#1961=CARTESIAN_POINT('',(-0.0127,-0.0889,-0.0254));
#1962=CARTESIAN_POINT('',(-0.0127,-0.1016,-0.0254));
#1963=CARTESIAN_POINT('',(-0.0127,-0.1016,-0.0254));
#1964=CARTESIAN_POINT('',(-0.0127,-0.1016,-0.0254));
#1965=CARTESIAN_POINT('',(-0.0143624261193938,-0.1016,-0.026231213059701));
#1966=CARTESIAN_POINT('',(-0.013946819597274,-0.101600000000002,-0.0266468195972864));
#1967=CARTESIAN_POINT('',(-0.0135312130596969,-0.1016,-0.027062426119402));
#1968=CARTESIAN_POINT('',(-0.0176867646973167,-0.100938900081237,-0.0278933823486564));
#1969=CARTESIAN_POINT('',(-0.0165372884575528,-0.101258306356184,-0.0292372884575468));
#1970=CARTESIAN_POINT('',(-0.0151933823486583,-0.100938900081237,-0.0303867646973128));
#1971=CARTESIAN_POINT('',(-0.0212087623883201,-0.0985843750910648,-0.0296543811941603));
#1972=CARTESIAN_POINT('',(-0.0196681478598722,-0.0998991758280347,-0.0323681478598729));
#1973=CARTESIAN_POINT('',(-0.01695438119416,-0.0985843750910648,-0.0339087623883206));
#1974=CARTESIAN_POINT('',(-0.0233276431247681,-0.0960011131830434,-0.0307138215623839));
#1975=CARTESIAN_POINT('',(-0.0220797175439507,-0.0978926181325907,-0.0347797175439506));
#1976=CARTESIAN_POINT('',(-0.018013821562384,-0.0960011131830434,-0.036027643124768));
#1977=CARTESIAN_POINT('',(-0.0245089293859497,-0.0937914394098607,-0.0313044646929752));
#1978=CARTESIAN_POINT('',(-0.0237838421101789,-0.0956543753044186,-0.0364838421101785));
#1979=CARTESIAN_POINT('',(-0.0186044646929748,-0.0937914394098607,-0.0372089293859497));
#1980=CARTESIAN_POINT('',(-0.0252362597087933,-0.0913936067237338,-0.0316681298543953));
#1981=CARTESIAN_POINT('',(-0.0250720094534134,-0.0925903439484298,-0.0377720094534152));
#1982=CARTESIAN_POINT('',(-0.0189681298543967,-0.0913936067237338,-0.0379362597087933));
#1983=CARTESIAN_POINT('',(-0.0254,-0.0897312130631335,-0.0317500000000029));
#1984=CARTESIAN_POINT('',(-0.0253999999999941,-0.0901468196049953,-0.0380999999999902));
#1985=CARTESIAN_POINT('',(-0.01905,-0.0897312130631335,-0.0381));
#1986=CARTESIAN_POINT('',(-0.0254,-0.0889,-0.03175));
#1987=CARTESIAN_POINT('',(-0.0254,-0.0889,-0.0381));
#1988=CARTESIAN_POINT('',(-0.01905,-0.0889,-0.0381));
#1989=CARTESIAN_POINT('',(-0.0127,-0.0889,-0.0254));
#1990=CARTESIAN_POINT('',(-0.0245276220406776,-0.0935257277117095,-0.0313138110203388));
#1991=CARTESIAN_POINT('',(-0.0245276220406776,-0.0935257277117095,-0.0313138110203388));
#1992=CARTESIAN_POINT('',(-0.0247129043657201,-0.0930519753752126,-0.0321425675178218));
#1993=CARTESIAN_POINT('',(-0.0249057760353341,-0.0917218594045696,-0.0335909461576382));
#1994=CARTESIAN_POINT('',(-0.0248825243633164,-0.0898611428124113,-0.0342649640001889));
#1995=CARTESIAN_POINT('',(-0.0248222987664314,-0.0889,-0.0343963308468622));
#1996=CARTESIAN_POINT('',(-0.0127,-0.0889,-0.0254));
#1997=CARTESIAN_POINT('',(-0.0210843862668125,-0.0984389761991991,-0.0135588315632334));
#1998=CARTESIAN_POINT('',(-0.0210578947197783,-0.0984622612308945,-0.0151609119479417));
#1999=CARTESIAN_POINT('',(-0.0213040529794078,-0.0982570665647616,-0.0183041237970176));
#2000=CARTESIAN_POINT('',(-0.0226583305614417,-0.096917492250239,-0.0244243921564895));
#2001=CARTESIAN_POINT('',(-0.023920131016318,-0.0950790344943465,-0.0285965408571694));
#2002=CARTESIAN_POINT('',(-0.0245276220406776,-0.0935257277117094,-0.0313138110203388));
#2003=CARTESIAN_POINT('',(0.0158865672504562,-0.0725236799539879,-0.0241667493473634));
#2004=CARTESIAN_POINT('',(0.0254,-0.0717888385011363,-0.0248965935704193));
#2005=CARTESIAN_POINT('',(0.0254,-0.0649990316571237,-0.0316402268827999));
#2006=CARTESIAN_POINT('',(0.016026183461039,-0.0735426996863354,-0.0252143154048955));
#2007=CARTESIAN_POINT('',(0.0253999999999951,-0.0727977118769288,-0.0260911512196396));
#2008=CARTESIAN_POINT('',(0.0254,-0.0667962119128068,-0.0334497123973143));
#2009=CARTESIAN_POINT('',(0.016211326797308,-0.0752709501105577,-0.0265204064937269));
#2010=CARTESIAN_POINT('',(0.0254000000000011,-0.0745875917377077,-0.0276283464286866));
#2011=CARTESIAN_POINT('',(0.0254,-0.0698442172058814,-0.0357010869465843));
#2012=CARTESIAN_POINT('',(0.0163853875431198,-0.07793672442295,-0.0276901354188442));
#2013=CARTESIAN_POINT('',(0.0253999999999998,-0.0774744365363307,-0.0290329129504952));
#2014=CARTESIAN_POINT('',(0.0254,-0.0745456737205853,-0.0377137446241515));
#2015=CARTESIAN_POINT('',(0.0164680693278126,-0.0800090968263167,-0.0282315832134078));
#2016=CARTESIAN_POINT('',(0.0254000000000001,-0.0797519742245332,-0.0296884128125707));
#2017=CARTESIAN_POINT('',(0.0254,-0.0782005850501349,-0.0386444239268178));
#2018=CARTESIAN_POINT('',(0.0165002565769236,-0.0821804977726612,-0.028439576027723));
#2019=CARTESIAN_POINT('',(0.0254,-0.0821586756600569,-0.0299414496554499));
#2020=CARTESIAN_POINT('',(0.0254,-0.0820301467191491,-0.0390017427103082));
#2021=CARTESIAN_POINT('',(0.016478877333215,-0.0843109951033389,-0.0283016571887708));
#2022=CARTESIAN_POINT('',(0.0254,-0.0845222052343555,-0.0297735310884529));
#2023=CARTESIAN_POINT('',(0.0254,-0.0857875692841607,-0.0387648229857618));
#2024=CARTESIAN_POINT('',(0.016404343286227,-0.0864411039473667,-0.0278151198244867));
#2025=CARTESIAN_POINT('',(0.0254,-0.0868682964918938,-0.029183878707114));
#2026=CARTESIAN_POINT('',(0.0254,-0.089544306699992,-0.0379286362604406));
#2027=CARTESIAN_POINT('',(0.0162843189577369,-0.0884289417700816,-0.0270134591497659));
#2028=CARTESIAN_POINT('',(0.0254,-0.0890252891464396,-0.02822060971819));
#2029=CARTESIAN_POINT('',(0.0254,-0.0930501297691437,-0.0365496081991994));
#2030=CARTESIAN_POINT('',(0.0161214682326929,-0.0903098102823578,-0.0258873860408087));
#2031=CARTESIAN_POINT('',(0.0254,-0.0910187971457022,-0.0268855511660541));
#2032=CARTESIAN_POINT('',(0.0254,-0.0963672978726125,-0.0346099764672362));
#2033=CARTESIAN_POINT('',(0.0159301285967038,-0.0919700406934452,-0.0245048583800759));
#2034=CARTESIAN_POINT('',(0.0254,-0.0927210367284934,-0.0252743310112716));
#2035=CARTESIAN_POINT('',(0.0254,-0.0992953405976212,-0.0322248833605629));
#2036=CARTESIAN_POINT('',(0.01571426159177,-0.0934256728727121,-0.0228618700725829));
#2037=CARTESIAN_POINT('',(0.0254,-0.0941479453178306,-0.0233989082376772));
#2038=CARTESIAN_POINT('',(0.0254,-0.101862546441055,-0.0293855986753679));
#2039=CARTESIAN_POINT('',(0.015487373498696,-0.0946081128254399,-0.0210308011983636));
#2040=CARTESIAN_POINT('',(0.0254,-0.0952349813862344,-0.0213584738896462));
#2041=CARTESIAN_POINT('',(0.0254,-0.103947940539504,-0.0262156982371612));
#2042=CARTESIAN_POINT('',(0.0152554919224744,-0.0955097715406483,-0.0190393558588615));
#2043=CARTESIAN_POINT('',(0.0254000000000001,-0.0959860597052954,-0.0191962809475778));
#2044=CARTESIAN_POINT('',(0.0254,-0.105538138637231,-0.0227622867189992));
#2045=CARTESIAN_POINT('',(0.0150248988730114,-0.0961065078416891,-0.0169245271065437));
#2046=CARTESIAN_POINT('',(0.0253999999999998,-0.0963911439191037,-0.0169645106997845));
#2047=CARTESIAN_POINT('',(0.0254,-0.106590564477263,-0.0190889528795502));
#2048=CARTESIAN_POINT('',(0.0148051138768502,-0.0963815165293936,-0.0147721196849676));
#2049=CARTESIAN_POINT('',(0.0254000000000007,-0.0964559490857134,-0.0147578872669626));
#2050=CARTESIAN_POINT('',(0.0254,-0.10707557979916,-0.0153448730348968));
#2051=CARTESIAN_POINT('',(0.0146642659777753,-0.0963485480446698,-0.0132996701598126));
#2052=CARTESIAN_POINT('',(0.0253999999999985,-0.0962800241928227,-0.0132973038616091));
#2053=CARTESIAN_POINT('',(0.0254,-0.107017435380783,-0.0127802029848687));
#2054=CARTESIAN_POINT('',(0.0145975004312855,-0.0962778860491566,-0.0125796810768082));
#2055=CARTESIAN_POINT('',(0.0254,-0.096142346762039,-0.0125931425851072));
#2056=CARTESIAN_POINT('',(0.0254,-0.106892813315876,-0.0115254263693134));
#2057=CARTESIAN_POINT('',(0.014732,-0.0649990316571237,-0.0316402268827999));
#2058=CARTESIAN_POINT('',(0.0161465407241615,-0.0696996618992109,-0.0201250984453268));
#2059=CARTESIAN_POINT('',(0.0236774703373246,-0.0696770345312403,-0.0212134240351399));
#2060=CARTESIAN_POINT('',(0.02567803085369,-0.0631406208612393,-0.0245560157512523));
#2061=CARTESIAN_POINT('',(0.0159417052940787,-0.0704009911174106,-0.0216264958357046));
#2062=CARTESIAN_POINT('',(0.0240109444801998,-0.0704065144311324,-0.0228751231233282));
#2063=CARTESIAN_POINT('',(0.0255367743842544,-0.0636021468736953,-0.0272013192879637));
#2064=CARTESIAN_POINT('',(0.0157250646715011,-0.0713449176980734,-0.0229549658172787));
#2065=CARTESIAN_POINT('',(0.0245963154544463,-0.0712792714823632,-0.0240578137033792));
#2066=CARTESIAN_POINT('',(0.0254,-0.0642233197249212,-0.0295470846599896));
#2067=CARTESIAN_POINT('',(0.0158865672504562,-0.0725236799539878,-0.0241667493473634));
#2068=CARTESIAN_POINT('',(0.0254,-0.0717888385011363,-0.0248965935704193));
#2069=CARTESIAN_POINT('',(0.0254,-0.0649990316571237,-0.0316402268827999));
#2070=CARTESIAN_POINT('',(0.0154771226878893,-0.0600184907241533,-0.0245560157512523));
#2071=CARTESIAN_POINT('',(0.0256780308536899,-0.0631406208612397,-0.0245560157512521));
#2072=CARTESIAN_POINT('',(0.0236774703373243,-0.0696770345312432,-0.0212134240351399));
#2073=CARTESIAN_POINT('',(0.016146540724159,-0.0696996618992127,-0.0201250984453277));
#2074=CARTESIAN_POINT('',(0.0256879635771954,-0.0631081677616356,-0.0243700060756301));
#2075=CARTESIAN_POINT('',(0.0237331940149647,-0.069369643929046,-0.020260963646435));
#2076=CARTESIAN_POINT('',(0.0161434241092698,-0.0691677920594627,-0.0189625379811996));
#2077=CARTESIAN_POINT('',(0.0257151320876103,-0.063021314146235,-0.024025156702383));
#2078=CARTESIAN_POINT('',(0.0238933326607601,-0.0685415737936736,-0.018425424239853));
#2079=CARTESIAN_POINT('',(0.0161364539208737,-0.0677449957576384,-0.0168072293872864));
#2080=CARTESIAN_POINT('',(0.0257945337430014,-0.0627884404218001,-0.0235200305359983));
#2081=CARTESIAN_POINT('',(0.0244504000787578,-0.0662764537987398,-0.0152984943849352));
#2082=CARTESIAN_POINT('',(0.0161329163766366,-0.0639374128303196,-0.0136501908460043));
#2083=CARTESIAN_POINT('',(0.025880551661067,-0.0625709371438017,-0.0233679999955601));
#2084=CARTESIAN_POINT('',(0.0252289446539306,-0.0640442197864606,-0.0135586334286531));
#2085=CARTESIAN_POINT('',(0.0161565297977281,-0.0603945525941087,-0.0126999999999992));
#2086=CARTESIAN_POINT('',(0.0259426463212362,-0.0624305411958317,-0.023368));
#2087=CARTESIAN_POINT('',(0.0259426463212375,-0.0624305411958286,-0.0126999999999982));
#2088=CARTESIAN_POINT('',(0.0161862921409126,-0.0581154772208573,-0.0127));
#2089=CARTESIAN_POINT('',(0.0161862921409136,-0.058115477220862,-0.023368));
#2090=CARTESIAN_POINT('',(0.03175,-0.0649990316571237,-0.023368));
#2091=CARTESIAN_POINT('',(-0.0254,-0.0649990316571237,-0.0316402268827999));
#2092=CARTESIAN_POINT('',(-0.0254,-0.0717888385011363,-0.0248965935704193));
#2093=CARTESIAN_POINT('',(-0.0158865672504562,-0.0725236799539878,-0.0241667493473634));
#2094=CARTESIAN_POINT('',(-0.0254,-0.0667731190930027,-0.0334264614622902));
#2095=CARTESIAN_POINT('',(-0.0254000000000069,-0.0727848235088204,-0.0260758907334319));
#2096=CARTESIAN_POINT('',(-0.0160243894663321,-0.0735296058197268,-0.025200854733055));
#2097=CARTESIAN_POINT('',(-0.0254,-0.0698896726684389,-0.0357236833106253));
#2098=CARTESIAN_POINT('',(-0.0253999999999985,-0.0746151883930165,-0.0276438015749338));
#2099=CARTESIAN_POINT('',(-0.0162132105221744,-0.0752967238263753,-0.0265335220273993));
#2100=CARTESIAN_POINT('',(-0.0254,-0.0745179526636411,-0.0377049220974866));
#2101=CARTESIAN_POINT('',(-0.0254000000000003,-0.0774573824272636,-0.0290268405284636));
#2102=CARTESIAN_POINT('',(-0.0163846313443026,-0.0779210062978909,-0.0276850094969813));
#2103=CARTESIAN_POINT('',(-0.0254,-0.0782451327910769,-0.038651695746776));
#2104=CARTESIAN_POINT('',(-0.0253999999999999,-0.0797797174547076,-0.0296934859459944));
#2105=CARTESIAN_POINT('',(-0.0164687100356235,-0.0800343558546825,-0.0282358124916288));
#2106=CARTESIAN_POINT('',(-0.0254,-0.0819956583269368,-0.0390015103169222));
#2107=CARTESIAN_POINT('',(-0.0254,-0.0821371746444728,-0.0299412897053694));
#2108=CARTESIAN_POINT('',(-0.0165002363992171,-0.0821609424987273,-0.0284394409402239));
#2109=CARTESIAN_POINT('',(-0.0254,-0.0858378986074951,-0.0387578374581748));
#2110=CARTESIAN_POINT('',(-0.0254,-0.0845535950771593,-0.0297686480675702));
#2111=CARTESIAN_POINT('',(-0.0164782595286685,-0.0843395323485283,-0.0282975938466723));
#2112=CARTESIAN_POINT('',(-0.0254,-0.0895146971026467,-0.037937302777565));
#2113=CARTESIAN_POINT('',(-0.0254,-0.0868500498081323,-0.0291898619050858));
#2114=CARTESIAN_POINT('',(-0.0164050907253788,-0.0864243150004184,-0.0278201562093812));
#2115=CARTESIAN_POINT('',(-0.0254,-0.0930929022937731,-0.036529683094591));
#2116=CARTESIAN_POINT('',(-0.0254,-0.0890513171997081,-0.028206880358916));
#2117=CARTESIAN_POINT('',(-0.0162826280643419,-0.0884531942325004,-0.0270018868951551));
#2118=CARTESIAN_POINT('',(-0.0254,-0.0963505055200687,-0.0346204426066186));
#2119=CARTESIAN_POINT('',(-0.0254,-0.0910087641951075,-0.0268926434195433));
#2120=CARTESIAN_POINT('',(-0.0161223210094646,-0.0903002888453484,-0.0258934560678424));
#2121=CARTESIAN_POINT('',(-0.0254,-0.09932237555154,-0.032201113716503));
#2122=CARTESIAN_POINT('',(-0.0254,-0.0927366487564631,-0.0252583757083827));
#2123=CARTESIAN_POINT('',(-0.0159282585204585,-0.0919853697910281,-0.0244910889122843));
#2124=CARTESIAN_POINT('',(-0.0254,-0.101861133679998,-0.029384749702981));
#2125=CARTESIAN_POINT('',(-0.0254,-0.0941468952928767,-0.0233985424175056));
#2126=CARTESIAN_POINT('',(-0.0157142276085572,-0.0934248718226278,-0.0228613858444052));
#2127=CARTESIAN_POINT('',(-0.0254,-0.103956630687027,-0.0262039757388919));
#2128=CARTESIAN_POINT('',(-0.0254000000000001,-0.095239660384863,-0.0213507149003336));
#2129=CARTESIAN_POINT('',(-0.0154865147269022,-0.0946130402286766,-0.0210240255683977));
#2130=CARTESIAN_POINT('',(-0.0254,-0.105546468498631,-0.0227348888647031));
#2131=CARTESIAN_POINT('',(-0.0253999999999997,-0.0959893698335703,-0.0191797013450976));
#2132=CARTESIAN_POINT('',(-0.0152537571500001,-0.0955144946579315,-0.0190235789949362));
#2133=CARTESIAN_POINT('',(-0.0254,-0.106590065914624,-0.0190982624980282));
#2134=CARTESIAN_POINT('',(-0.025400000000001,-0.0963913518247582,-0.0169698128072546));
#2135=CARTESIAN_POINT('',(-0.0150254288928993,-0.0961062251515544,-0.0169298758841616));
#2136=CARTESIAN_POINT('',(-0.0254,-0.107078340637732,-0.0152909975254793));
#2137=CARTESIAN_POINT('',(-0.0253999999999961,-0.0964545284340052,-0.0147266251890417));
#2138=CARTESIAN_POINT('',(-0.0148020556200822,-0.0963830819532452,-0.0147411683435175));
#2139=CARTESIAN_POINT('',(-0.0254,-0.107017616153382,-0.0127797414267051));
#2140=CARTESIAN_POINT('',(-0.0254000000000083,-0.0962800929644053,-0.0132970048986654));
#2141=CARTESIAN_POINT('',(-0.0146642363930485,-0.0963486505447714,-0.0132994043487277));
#2142=CARTESIAN_POINT('',(-0.0254,-0.106892371243772,-0.0115209793352281));
#2143=CARTESIAN_POINT('',(-0.0254,-0.0961418570580908,-0.0125906391136084));
#2144=CARTESIAN_POINT('',(-0.0145972638174547,-0.096277635389716,-0.0125771293765291));
#2145=CARTESIAN_POINT('',(-0.014732,-0.0649990316571237,-0.0316402268827999));
#2146=CARTESIAN_POINT('',(-0.0158865672504582,-0.0725236799540025,-0.0241667493473786));
#2147=CARTESIAN_POINT('',(-0.0254000000000103,-0.0717888385011428,-0.0248965935704301));
#2148=CARTESIAN_POINT('',(-0.0254,-0.0649990316571334,-0.031640226882826));
#2149=CARTESIAN_POINT('',(-0.0157250646714831,-0.0713449176980368,-0.0229549658172427));
#2150=CARTESIAN_POINT('',(-0.0245963154543698,-0.0712792714823314,-0.0240578137033909));
#2151=CARTESIAN_POINT('',(-0.0253999999999988,-0.0642233197249276,-0.029547084659843));
#2152=CARTESIAN_POINT('',(-0.0159417052940139,-0.0704009911174501,-0.0216264958357815));
#2153=CARTESIAN_POINT('',(-0.0240109444800881,-0.0704065144311516,-0.0228751231234169));
#2154=CARTESIAN_POINT('',(-0.0255367743842261,-0.0636021468737878,-0.0272013192881185));
#2155=CARTESIAN_POINT('',(-0.0161465407241617,-0.0696996618992102,-0.0201250984453255));
#2156=CARTESIAN_POINT('',(-0.0236774703373244,-0.0696770345312397,-0.0212134240351385));
#2157=CARTESIAN_POINT('',(-0.0256780308536902,-0.0631406208612389,-0.0245560157512499));
#2158=CARTESIAN_POINT('',(-0.0154771226878893,-0.0600184907241535,-0.0245560157512526));
#2159=CARTESIAN_POINT('',(-0.03175,-0.0649990316571237,-0.023368));
#2160=CARTESIAN_POINT('',(-0.0161862921409127,-0.0581154772208615,-0.023368));
#2161=CARTESIAN_POINT('',(-0.025942646321236,-0.0624305411958319,-0.023368));
#2162=CARTESIAN_POINT('',(-0.0259426463212362,-0.0624305411958316,-0.0126999999999998));
#2163=CARTESIAN_POINT('',(-0.0161862921409126,-0.0581154772208613,-0.0127));
#2164=CARTESIAN_POINT('',(-0.0259115058204538,-0.0625009498286463,-0.0233679999948846));
#2165=CARTESIAN_POINT('',(-0.0255773972209614,-0.0632563689524783,-0.013139420403938));
#2166=CARTESIAN_POINT('',(-0.0161713663110949,-0.0592584345728025,-0.0127));
#2167=CARTESIAN_POINT('',(-0.0258663247907709,-0.0626085237363463,-0.0234057079580746));
#2168=CARTESIAN_POINT('',(-0.0251061988431778,-0.064439345323652,-0.0139166911583568));
#2169=CARTESIAN_POINT('',(-0.0161538527388458,-0.0610075597132517,-0.0129356747306111));
#2170=CARTESIAN_POINT('',(-0.0258135121130076,-0.0627441564478195,-0.0235307863319524));
#2171=CARTESIAN_POINT('',(-0.0246291081923444,-0.0658461011167573,-0.0151403013852964));
#2172=CARTESIAN_POINT('',(-0.0161410515756377,-0.0632177396290659,-0.0137174145763036));
#2173=CARTESIAN_POINT('',(-0.0257645506586829,-0.0628764814096332,-0.0237106323501442));
#2174=CARTESIAN_POINT('',(-0.0242351644983001,-0.0671531367691483,-0.0165049501118092));
#2175=CARTESIAN_POINT('',(-0.0161343339509197,-0.0653769595630594,-0.0148414521861494));
#2176=CARTESIAN_POINT('',(-0.0257149921805017,-0.0630217146410761,-0.0240268837588692));
#2177=CARTESIAN_POINT('',(-0.0238924919689691,-0.0685451654412885,-0.0184350223059474));
#2178=CARTESIAN_POINT('',(-0.0161364531791504,-0.0677515401982233,-0.016818023505192));
#2179=CARTESIAN_POINT('',(-0.0256880165285992,-0.0631079947539826,-0.0243690144885214));
#2180=CARTESIAN_POINT('',(-0.0237334922476888,-0.0693679987866031,-0.0202558662583113));
#2181=CARTESIAN_POINT('',(-0.0161434074987869,-0.069164956732786,-0.0189563405280889));
#2182=CARTESIAN_POINT('',(-0.02567803085369,-0.0631406208612393,-0.0245560157512526));
#2183=CARTESIAN_POINT('',(-0.0236774703373245,-0.0696770345312409,-0.0212134240351414));
#2184=CARTESIAN_POINT('',(-0.0161465407241615,-0.0696996618992118,-0.0201250984453287));
#2185=MECHANICAL_DESIGN_GEOMETRIC_PRESENTATION_REPRESENTATION('',(#1028),
#2186);
#2186=(
GEOMETRIC_REPRESENTATION_CONTEXT(3)
GLOBAL_UNCERTAINTY_ASSIGNED_CONTEXT((#2187))
GLOBAL_UNIT_ASSIGNED_CONTEXT((#2190,#2189,#2188))
REPRESENTATION_CONTEXT('Perch_Under','TOP_LEVEL_ASSEMBLY_PART')
);
#2187=UNCERTAINTY_MEASURE_WITH_UNIT(LENGTH_MEASURE(2.E-5),#2190,
'DISTANCE_ACCURACY_VALUE','Maximum Tolerance applied to model');
#2188=(
NAMED_UNIT(*)
SI_UNIT($,.STERADIAN.)
SOLID_ANGLE_UNIT()
);
#2189=(
NAMED_UNIT(*)
PLANE_ANGLE_UNIT()
SI_UNIT($,.RADIAN.)
);
#2190=(
LENGTH_UNIT()
NAMED_UNIT(*)
SI_UNIT($,.METRE.)
);
#2191=PRODUCT_DEFINITION_SHAPE('','',#2192);
#2192=PRODUCT_DEFINITION('','',#2194,#2193);
#2193=PRODUCT_DEFINITION_CONTEXT('',#2200,'design');
#2194=PRODUCT_DEFINITION_FORMATION_WITH_SPECIFIED_SOURCE('','',#2196,
 .NOT_KNOWN.);
#2195=PRODUCT_RELATED_PRODUCT_CATEGORY('','',(#2196));
#2196=PRODUCT('Perch_Under','Perch_Under','Perch_Under',(#2198));
#2197=PRODUCT_CATEGORY('','');
#2198=PRODUCT_CONTEXT('',#2200,'mechanical');
#2199=APPLICATION_PROTOCOL_DEFINITION('international standard',
'ap242_managed_model_based_3d_engineering',2020,#2200);
#2200=APPLICATION_CONTEXT('managed model based 3d engineering');
ENDSEC;
END-ISO-10303-21;
